store_id,region,test_group,category_id,category_name,week_start_date,period,revenue,units_sold
T1000,South,Control,CAT01,Grocery & Essentials,2026-01-05,Pre,33727.87,1441
T1000,South,Control,CAT01,Grocery & Essentials,2026-01-12,Pre,36155.45,968
T1000,South,Control,CAT01,Grocery & Essentials,2026-01-19,Pre,33717.79,1565
T1000,South,Control,CAT01,Grocery & Essentials,2026-01-26,Pre,36051.6,1379
T1000,South,Control,CAT01,Grocery & Essentials,2026-02-02,Pre,40093.52,1116
T1000,South,Control,CAT01,Grocery & Essentials,2026-02-09,Pre,41132.4,1598
T1000,South,Control,CAT01,Grocery & Essentials,2026-02-16,Pre,35919.35,1923
T1000,South,Control,CAT01,Grocery & Essentials,2026-02-23,Pre,38549.75,1097
T1000,South,Control,CAT01,Grocery & Essentials,2026-03-02,Pre,35165.24,1613
T1000,South,Control,CAT01,Grocery & Essentials,2026-03-09,Pre,38811.6,880
T1000,South,Control,CAT01,Grocery & Essentials,2026-03-16,Pre,43387.02,1004
T1000,South,Control,CAT01,Grocery & Essentials,2026-03-23,Pre,37721.86,1231
T1000,South,Control,CAT01,Grocery & Essentials,2026-03-30,Pre,37045.88,2004
T1000,South,Control,CAT01,Grocery & Essentials,2026-04-06,Post,42065.64,1041
T1000,South,Control,CAT01,Grocery & Essentials,2026-04-13,Post,37155.76,1530
T1000,South,Control,CAT01,Grocery & Essentials,2026-04-20,Post,38641.21,1124
T1000,South,Control,CAT01,Grocery & Essentials,2026-04-27,Post,37779.73,1344
T1000,South,Control,CAT01,Grocery & Essentials,2026-05-04,Post,42479.39,1193
T1000,South,Control,CAT01,Grocery & Essentials,2026-05-11,Post,34665.1,1145
T1000,South,Control,CAT01,Grocery & Essentials,2026-05-18,Post,45589.89,1869
T1000,South,Control,CAT01,Grocery & Essentials,2026-05-25,Post,36766.28,918
T1000,South,Control,CAT01,Grocery & Essentials,2026-06-01,Post,48099.58,2429
T1000,South,Control,CAT01,Grocery & Essentials,2026-06-08,Post,39084.58,1780
T1000,South,Control,CAT01,Grocery & Essentials,2026-06-15,Post,45138.8,1711
T1000,South,Control,CAT01,Grocery & Essentials,2026-06-22,Post,39719.84,926
T1000,South,Control,CAT01,Grocery & Essentials,2026-06-29,Post,41795.65,1627
T1000,South,Control,CAT02,Apparel & Accessories,2026-01-05,Pre,15655.04,741
T1000,South,Control,CAT02,Apparel & Accessories,2026-01-12,Pre,15601.76,800
T1000,South,Control,CAT02,Apparel & Accessories,2026-01-19,Pre,16188.38,832
T1000,South,Control,CAT02,Apparel & Accessories,2026-01-26,Pre,16520.59,454
T1000,South,Control,CAT02,Apparel & Accessories,2026-02-02,Pre,16230.61,610
T1000,South,Control,CAT02,Apparel & Accessories,2026-02-09,Pre,16179.11,388
T1000,South,Control,CAT02,Apparel & Accessories,2026-02-16,Pre,15364.99,801
T1000,South,Control,CAT02,Apparel & Accessories,2026-02-23,Pre,16134.93,652
T1000,South,Control,CAT02,Apparel & Accessories,2026-03-02,Pre,18104.94,619
T1000,South,Control,CAT02,Apparel & Accessories,2026-03-09,Pre,15497.49,551
T1000,South,Control,CAT02,Apparel & Accessories,2026-03-16,Pre,16735.65,806
T1000,South,Control,CAT02,Apparel & Accessories,2026-03-23,Pre,17874.05,921
T1000,South,Control,CAT02,Apparel & Accessories,2026-03-30,Pre,17118.26,827
T1000,South,Control,CAT02,Apparel & Accessories,2026-04-06,Post,17704.13,417
T1000,South,Control,CAT02,Apparel & Accessories,2026-04-13,Post,15390.88,388
T1000,South,Control,CAT02,Apparel & Accessories,2026-04-20,Post,17060.49,482
T1000,South,Control,CAT02,Apparel & Accessories,2026-04-27,Post,16470.58,761
T1000,South,Control,CAT02,Apparel & Accessories,2026-05-04,Post,16579.99,520
T1000,South,Control,CAT02,Apparel & Accessories,2026-05-11,Post,18685.88,612
T1000,South,Control,CAT02,Apparel & Accessories,2026-05-18,Post,16722.19,474
T1000,South,Control,CAT02,Apparel & Accessories,2026-05-25,Post,17420.95,800
T1000,South,Control,CAT02,Apparel & Accessories,2026-06-01,Post,15023.98,513
T1000,South,Control,CAT02,Apparel & Accessories,2026-06-08,Post,19272.72,690
T1000,South,Control,CAT02,Apparel & Accessories,2026-06-15,Post,18300.45,681
T1000,South,Control,CAT02,Apparel & Accessories,2026-06-22,Post,17245.82,472
T1000,South,Control,CAT02,Apparel & Accessories,2026-06-29,Post,16976.4,389
T1000,South,Control,CAT03,Home,2026-01-05,Pre,20102.64,648
T1000,South,Control,CAT03,Home,2026-01-12,Pre,20990.4,646
T1000,South,Control,CAT03,Home,2026-01-19,Pre,21846.12,613
T1000,South,Control,CAT03,Home,2026-01-26,Pre,20679.55,638
T1000,South,Control,CAT03,Home,2026-02-02,Pre,19715.32,764
T1000,South,Control,CAT03,Home,2026-02-09,Pre,21065.88,897
T1000,South,Control,CAT03,Home,2026-02-16,Pre,20861.58,505
T1000,South,Control,CAT03,Home,2026-02-23,Pre,19953.53,576
T1000,South,Control,CAT03,Home,2026-03-02,Pre,20980.63,558
T1000,South,Control,CAT03,Home,2026-03-09,Pre,21033.81,486
T1000,South,Control,CAT03,Home,2026-03-16,Pre,19993.32,455
T1000,South,Control,CAT03,Home,2026-03-23,Pre,19433.15,571
T1000,South,Control,CAT03,Home,2026-03-30,Pre,21145.33,535
T1000,South,Control,CAT03,Home,2026-04-06,Post,18877.38,759
T1000,South,Control,CAT03,Home,2026-04-13,Post,18659.55,907
T1000,South,Control,CAT03,Home,2026-04-20,Post,20920.92,629
T1000,South,Control,CAT03,Home,2026-04-27,Post,21426.76,700
T1000,South,Control,CAT03,Home,2026-05-04,Post,21067.78,545
T1000,South,Control,CAT03,Home,2026-05-11,Post,21305.42,680
T1000,South,Control,CAT03,Home,2026-05-18,Post,17781.21,412
T1000,South,Control,CAT03,Home,2026-05-25,Post,21722.9,1026
T1000,South,Control,CAT03,Home,2026-06-01,Post,23100.48,645
T1000,South,Control,CAT03,Home,2026-06-08,Post,22259.92,572
T1000,South,Control,CAT03,Home,2026-06-15,Post,22293.3,825
T1000,South,Control,CAT03,Home,2026-06-22,Post,21514.18,557
T1000,South,Control,CAT03,Home,2026-06-29,Post,21648.42,777
T1000,South,Control,CAT04,Electronics,2026-01-05,Pre,13033.23,585
T1000,South,Control,CAT04,Electronics,2026-01-12,Pre,13576.75,313
T1000,South,Control,CAT04,Electronics,2026-01-19,Pre,12290.97,433
T1000,South,Control,CAT04,Electronics,2026-01-26,Pre,14709.32,446
T1000,South,Control,CAT04,Electronics,2026-02-02,Pre,12609.82,322
T1000,South,Control,CAT04,Electronics,2026-02-09,Pre,14226.57,505
T1000,South,Control,CAT04,Electronics,2026-02-16,Pre,14739.79,394
T1000,South,Control,CAT04,Electronics,2026-02-23,Pre,14335.72,676
T1000,South,Control,CAT04,Electronics,2026-03-02,Pre,15805.04,448
T1000,South,Control,CAT04,Electronics,2026-03-09,Pre,11729.89,346
T1000,South,Control,CAT04,Electronics,2026-03-16,Pre,13257.19,723
T1000,South,Control,CAT04,Electronics,2026-03-23,Pre,15008.99,372
T1000,South,Control,CAT04,Electronics,2026-03-30,Pre,12592.14,414
T1000,South,Control,CAT04,Electronics,2026-04-06,Post,13083.89,500
T1000,South,Control,CAT04,Electronics,2026-04-13,Post,14416.98,368
T1000,South,Control,CAT04,Electronics,2026-04-20,Post,12578.89,280
T1000,South,Control,CAT04,Electronics,2026-04-27,Post,14065.37,548
T1000,South,Control,CAT04,Electronics,2026-05-04,Post,14517.01,695
T1000,South,Control,CAT04,Electronics,2026-05-11,Post,14254.02,697
T1000,South,Control,CAT04,Electronics,2026-05-18,Post,14397.44,766
T1000,South,Control,CAT04,Electronics,2026-05-25,Post,13521.2,618
T1000,South,Control,CAT04,Electronics,2026-06-01,Post,14472.08,619
T1000,South,Control,CAT04,Electronics,2026-06-08,Post,13933.21,390
T1000,South,Control,CAT04,Electronics,2026-06-15,Post,14113.19,777
T1000,South,Control,CAT04,Electronics,2026-06-22,Post,15271.57,444
T1000,South,Control,CAT04,Electronics,2026-06-29,Post,13171.49,538
T1000,South,Control,CAT05,Beauty & Personal Care,2026-01-05,Pre,8814.39,450
T1000,South,Control,CAT05,Beauty & Personal Care,2026-01-12,Pre,11132.42,258
T1000,South,Control,CAT05,Beauty & Personal Care,2026-01-19,Pre,10766.7,292
T1000,South,Control,CAT05,Beauty & Personal Care,2026-01-26,Pre,11652.69,610
T1000,South,Control,CAT05,Beauty & Personal Care,2026-02-02,Pre,10127.41,473
T1000,South,Control,CAT05,Beauty & Personal Care,2026-02-09,Pre,10672.31,279
T1000,South,Control,CAT05,Beauty & Personal Care,2026-02-16,Pre,10857.8,264
T1000,South,Control,CAT05,Beauty & Personal Care,2026-02-23,Pre,10379.74,274
T1000,South,Control,CAT05,Beauty & Personal Care,2026-03-02,Pre,10196.58,402
T1000,South,Control,CAT05,Beauty & Personal Care,2026-03-09,Pre,11528.62,259
T1000,South,Control,CAT05,Beauty & Personal Care,2026-03-16,Pre,9896.7,508
T1000,South,Control,CAT05,Beauty & Personal Care,2026-03-23,Pre,10197.8,532
T1000,South,Control,CAT05,Beauty & Personal Care,2026-03-30,Pre,10939.77,294
T1000,South,Control,CAT05,Beauty & Personal Care,2026-04-06,Post,11803.42,576
T1000,South,Control,CAT05,Beauty & Personal Care,2026-04-13,Post,10709.57,240
T1000,South,Control,CAT05,Beauty & Personal Care,2026-04-20,Post,10656.03,272
T1000,South,Control,CAT05,Beauty & Personal Care,2026-04-27,Post,11061.15,330
T1000,South,Control,CAT05,Beauty & Personal Care,2026-05-04,Post,11536.85,264
T1000,South,Control,CAT05,Beauty & Personal Care,2026-05-11,Post,11022.93,328
T1000,South,Control,CAT05,Beauty & Personal Care,2026-05-18,Post,12182.94,342
T1000,South,Control,CAT05,Beauty & Personal Care,2026-05-25,Post,12265.96,557
T1000,South,Control,CAT05,Beauty & Personal Care,2026-06-01,Post,11315.52,391
T1000,South,Control,CAT05,Beauty & Personal Care,2026-06-08,Post,13027.94,613
T1000,South,Control,CAT05,Beauty & Personal Care,2026-06-15,Post,11560.51,453
T1000,South,Control,CAT05,Beauty & Personal Care,2026-06-22,Post,12416.68,420
T1000,South,Control,CAT05,Beauty & Personal Care,2026-06-29,Post,11859.11,337
T1000,South,Control,CAT06,Toys,2026-01-05,Pre,8075.16,278
T1000,South,Control,CAT06,Toys,2026-01-12,Pre,7050.42,208
T1000,South,Control,CAT06,Toys,2026-01-19,Pre,7341.77,386
T1000,South,Control,CAT06,Toys,2026-01-26,Pre,7832.24,254
T1000,South,Control,CAT06,Toys,2026-02-02,Pre,8649.48,258
T1000,South,Control,CAT06,Toys,2026-02-09,Pre,8255.73,223
T1000,South,Control,CAT06,Toys,2026-02-16,Pre,7930.11,222
T1000,South,Control,CAT06,Toys,2026-02-23,Pre,8474.84,215
T1000,South,Control,CAT06,Toys,2026-03-02,Pre,8761.64,295
T1000,South,Control,CAT06,Toys,2026-03-09,Pre,8189.62,295
T1000,South,Control,CAT06,Toys,2026-03-16,Pre,8345.92,220
T1000,South,Control,CAT06,Toys,2026-03-23,Pre,8302.05,193
T1000,South,Control,CAT06,Toys,2026-03-30,Pre,8247.9,257
T1000,South,Control,CAT06,Toys,2026-04-06,Post,7858.86,296
T1000,South,Control,CAT06,Toys,2026-04-13,Post,7846.66,250
T1000,South,Control,CAT06,Toys,2026-04-20,Post,8734.73,437
T1000,South,Control,CAT06,Toys,2026-04-27,Post,9045.93,463
T1000,South,Control,CAT06,Toys,2026-05-04,Post,8269.75,306
T1000,South,Control,CAT06,Toys,2026-05-11,Post,8287.43,313
T1000,South,Control,CAT06,Toys,2026-05-18,Post,7412.1,402
T1000,South,Control,CAT06,Toys,2026-05-25,Post,7344.44,178
T1000,South,Control,CAT06,Toys,2026-06-01,Post,9382.99,423
T1000,South,Control,CAT06,Toys,2026-06-08,Post,8163.9,384
T1000,South,Control,CAT06,Toys,2026-06-15,Post,6837.92,155
T1000,South,Control,CAT06,Toys,2026-06-22,Post,10127.35,260
T1000,South,Control,CAT06,Toys,2026-06-29,Post,8351.24,228
T1000,South,Control,CAT07,Hardlines,2026-01-05,Pre,10948.25,384
T1000,South,Control,CAT07,Hardlines,2026-01-12,Pre,12426.38,679
T1000,South,Control,CAT07,Hardlines,2026-01-19,Pre,13075.45,406
T1000,South,Control,CAT07,Hardlines,2026-01-26,Pre,13020.7,579
T1000,South,Control,CAT07,Hardlines,2026-02-02,Pre,13272.77,296
T1000,South,Control,CAT07,Hardlines,2026-02-09,Pre,11685.7,287
T1000,South,Control,CAT07,Hardlines,2026-02-16,Pre,13763.15,630
T1000,South,Control,CAT07,Hardlines,2026-02-23,Pre,13877.09,485
T1000,South,Control,CAT07,Hardlines,2026-03-02,Pre,13976.57,364
T1000,South,Control,CAT07,Hardlines,2026-03-09,Pre,12963.94,422
T1000,South,Control,CAT07,Hardlines,2026-03-16,Pre,12459.22,544
T1000,South,Control,CAT07,Hardlines,2026-03-23,Pre,12429.17,647
T1000,South,Control,CAT07,Hardlines,2026-03-30,Pre,11469.43,443
T1000,South,Control,CAT07,Hardlines,2026-04-06,Post,12442.77,367
T1000,South,Control,CAT07,Hardlines,2026-04-13,Post,10804.23,532
T1000,South,Control,CAT07,Hardlines,2026-04-20,Post,11490.67,281
T1000,South,Control,CAT07,Hardlines,2026-04-27,Post,13304.65,374
T1000,South,Control,CAT07,Hardlines,2026-05-04,Post,12894.26,334
T1000,South,Control,CAT07,Hardlines,2026-05-11,Post,13363.84,479
T1000,South,Control,CAT07,Hardlines,2026-05-18,Post,13879.8,511
T1000,South,Control,CAT07,Hardlines,2026-05-25,Post,13632.37,439
T1000,South,Control,CAT07,Hardlines,2026-06-01,Post,13600.2,331
T1000,South,Control,CAT07,Hardlines,2026-06-08,Post,13291.38,312
T1000,South,Control,CAT07,Hardlines,2026-06-15,Post,12714.1,310
T1000,South,Control,CAT07,Hardlines,2026-06-22,Post,12297.72,390
T1000,South,Control,CAT07,Hardlines,2026-06-29,Post,13034.16,625
T1000,South,Control,CAT08,Softlines,2026-01-05,Pre,9609.65,224
T1000,South,Control,CAT08,Softlines,2026-01-12,Pre,9730.77,426
T1000,South,Control,CAT08,Softlines,2026-01-19,Pre,10348.1,446
T1000,South,Control,CAT08,Softlines,2026-01-26,Pre,9664.1,224
T1000,South,Control,CAT08,Softlines,2026-02-02,Pre,10188.63,387
T1000,South,Control,CAT08,Softlines,2026-02-09,Pre,8852.04,486
T1000,South,Control,CAT08,Softlines,2026-02-16,Pre,10070.6,272
T1000,South,Control,CAT08,Softlines,2026-02-23,Pre,10059.77,226
T1000,South,Control,CAT08,Softlines,2026-03-02,Pre,10898.67,352
T1000,South,Control,CAT08,Softlines,2026-03-09,Pre,9828.25,231
T1000,South,Control,CAT08,Softlines,2026-03-16,Pre,8349.41,189
T1000,South,Control,CAT08,Softlines,2026-03-23,Pre,9875.02,238
T1000,South,Control,CAT08,Softlines,2026-03-30,Pre,10627.12,281
T1000,South,Control,CAT08,Softlines,2026-04-06,Post,9322.84,283
T1000,South,Control,CAT08,Softlines,2026-04-13,Post,10366.33,234
T1000,South,Control,CAT08,Softlines,2026-04-20,Post,9360.95,363
T1000,South,Control,CAT08,Softlines,2026-04-27,Post,11585.54,302
T1000,South,Control,CAT08,Softlines,2026-05-04,Post,10008.08,468
T1000,South,Control,CAT08,Softlines,2026-05-11,Post,9424.39,241
T1000,South,Control,CAT08,Softlines,2026-05-18,Post,10012.72,224
T1000,South,Control,CAT08,Softlines,2026-05-25,Post,10606.46,238
T1000,South,Control,CAT08,Softlines,2026-06-01,Post,10846.35,275
T1000,South,Control,CAT08,Softlines,2026-06-08,Post,11444.66,346
T1000,South,Control,CAT08,Softlines,2026-06-15,Post,10075.96,234
T1000,South,Control,CAT08,Softlines,2026-06-22,Post,11149.81,586
T1000,South,Control,CAT08,Softlines,2026-06-29,Post,9369.73,485
T1001,Midwest,Control,CAT01,Grocery & Essentials,2026-01-05,Pre,46548.04,1249
T1001,Midwest,Control,CAT01,Grocery & Essentials,2026-01-12,Pre,47413.46,1146
T1001,Midwest,Control,CAT01,Grocery & Essentials,2026-01-19,Pre,42015.73,1060
T1001,Midwest,Control,CAT01,Grocery & Essentials,2026-01-26,Pre,47127.27,1936
T1001,Midwest,Control,CAT01,Grocery & Essentials,2026-02-02,Pre,51252.83,1244
T1001,Midwest,Control,CAT01,Grocery & Essentials,2026-02-09,Pre,46814.7,1467
T1001,Midwest,Control,CAT01,Grocery & Essentials,2026-02-16,Pre,44858.84,2386
T1001,Midwest,Control,CAT01,Grocery & Essentials,2026-02-23,Pre,45318.17,1074
T1001,Midwest,Control,CAT01,Grocery & Essentials,2026-03-02,Pre,51767.07,2120
T1001,Midwest,Control,CAT01,Grocery & Essentials,2026-03-09,Pre,39429.65,1439
T1001,Midwest,Control,CAT01,Grocery & Essentials,2026-03-16,Pre,56124.53,2152
T1001,Midwest,Control,CAT01,Grocery & Essentials,2026-03-23,Pre,41326.92,1439
T1001,Midwest,Control,CAT01,Grocery & Essentials,2026-03-30,Pre,47030.4,1121
T1001,Midwest,Control,CAT01,Grocery & Essentials,2026-04-06,Post,44420.49,2189
T1001,Midwest,Control,CAT01,Grocery & Essentials,2026-04-13,Post,50133.8,1341
T1001,Midwest,Control,CAT01,Grocery & Essentials,2026-04-20,Post,50917.28,1132
T1001,Midwest,Control,CAT01,Grocery & Essentials,2026-04-27,Post,49311.16,1699
T1001,Midwest,Control,CAT01,Grocery & Essentials,2026-05-04,Post,48421.67,1444
T1001,Midwest,Control,CAT01,Grocery & Essentials,2026-05-11,Post,43143.77,1508
T1001,Midwest,Control,CAT01,Grocery & Essentials,2026-05-18,Post,47927.39,1525
T1001,Midwest,Control,CAT01,Grocery & Essentials,2026-05-25,Post,48854.36,1753
T1001,Midwest,Control,CAT01,Grocery & Essentials,2026-06-01,Post,45805.21,1953
T1001,Midwest,Control,CAT01,Grocery & Essentials,2026-06-08,Post,50937.66,1684
T1001,Midwest,Control,CAT01,Grocery & Essentials,2026-06-15,Post,50627.85,1856
T1001,Midwest,Control,CAT01,Grocery & Essentials,2026-06-22,Post,49052.47,1117
T1001,Midwest,Control,CAT01,Grocery & Essentials,2026-06-29,Post,50311.3,1543
T1001,Midwest,Control,CAT02,Apparel & Accessories,2026-01-05,Pre,19155.62,453
T1001,Midwest,Control,CAT02,Apparel & Accessories,2026-01-12,Pre,17351.81,647
T1001,Midwest,Control,CAT02,Apparel & Accessories,2026-01-19,Pre,20450.51,633
T1001,Midwest,Control,CAT02,Apparel & Accessories,2026-01-26,Pre,16295.68,479
T1001,Midwest,Control,CAT02,Apparel & Accessories,2026-02-02,Pre,20320.12,779
T1001,Midwest,Control,CAT02,Apparel & Accessories,2026-02-09,Pre,18173.19,680
T1001,Midwest,Control,CAT02,Apparel & Accessories,2026-02-16,Pre,20588.42,494
T1001,Midwest,Control,CAT02,Apparel & Accessories,2026-02-23,Pre,20719.33,624
T1001,Midwest,Control,CAT02,Apparel & Accessories,2026-03-02,Pre,20803.64,531
T1001,Midwest,Control,CAT02,Apparel & Accessories,2026-03-09,Pre,21494.96,696
T1001,Midwest,Control,CAT02,Apparel & Accessories,2026-03-16,Pre,22199.39,613
T1001,Midwest,Control,CAT02,Apparel & Accessories,2026-03-23,Pre,19864.98,863
T1001,Midwest,Control,CAT02,Apparel & Accessories,2026-03-30,Pre,21706.54,1046
T1001,Midwest,Control,CAT02,Apparel & Accessories,2026-04-06,Post,19983.34,456
T1001,Midwest,Control,CAT02,Apparel & Accessories,2026-04-13,Post,21180.63,713
T1001,Midwest,Control,CAT02,Apparel & Accessories,2026-04-20,Post,22189.91,505
T1001,Midwest,Control,CAT02,Apparel & Accessories,2026-04-27,Post,19673.57,1029
T1001,Midwest,Control,CAT02,Apparel & Accessories,2026-05-04,Post,17555.99,888
T1001,Midwest,Control,CAT02,Apparel & Accessories,2026-05-11,Post,19691.22,616
T1001,Midwest,Control,CAT02,Apparel & Accessories,2026-05-18,Post,22762.72,1174
T1001,Midwest,Control,CAT02,Apparel & Accessories,2026-05-25,Post,19666.57,692
T1001,Midwest,Control,CAT02,Apparel & Accessories,2026-06-01,Post,22836.96,619
T1001,Midwest,Control,CAT02,Apparel & Accessories,2026-06-08,Post,19991.97,764
T1001,Midwest,Control,CAT02,Apparel & Accessories,2026-06-15,Post,21099.17,721
T1001,Midwest,Control,CAT02,Apparel & Accessories,2026-06-22,Post,21489.47,1022
T1001,Midwest,Control,CAT02,Apparel & Accessories,2026-06-29,Post,20024.32,1110
T1001,Midwest,Control,CAT03,Home,2026-01-05,Pre,23633.48,757
T1001,Midwest,Control,CAT03,Home,2026-01-12,Pre,21447.45,723
T1001,Midwest,Control,CAT03,Home,2026-01-19,Pre,23585.15,579
T1001,Midwest,Control,CAT03,Home,2026-01-26,Pre,24111.67,902
T1001,Midwest,Control,CAT03,Home,2026-02-02,Pre,20480.17,661
T1001,Midwest,Control,CAT03,Home,2026-02-09,Pre,22886.38,947
T1001,Midwest,Control,CAT03,Home,2026-02-16,Pre,25048.83,580
T1001,Midwest,Control,CAT03,Home,2026-02-23,Pre,22690.84,745
T1001,Midwest,Control,CAT03,Home,2026-03-02,Pre,25530.83,1157
T1001,Midwest,Control,CAT03,Home,2026-03-09,Pre,25805.35,1187
T1001,Midwest,Control,CAT03,Home,2026-03-16,Pre,25432.46,1393
T1001,Midwest,Control,CAT03,Home,2026-03-23,Pre,26406.11,1401
T1001,Midwest,Control,CAT03,Home,2026-03-30,Pre,22288.14,641
T1001,Midwest,Control,CAT03,Home,2026-04-06,Post,27004.09,809
T1001,Midwest,Control,CAT03,Home,2026-04-13,Post,23520.83,574
T1001,Midwest,Control,CAT03,Home,2026-04-20,Post,25602.75,623
T1001,Midwest,Control,CAT03,Home,2026-04-27,Post,28733.96,1283
T1001,Midwest,Control,CAT03,Home,2026-05-04,Post,24951.79,607
T1001,Midwest,Control,CAT03,Home,2026-05-11,Post,25734.95,601
T1001,Midwest,Control,CAT03,Home,2026-05-18,Post,23976.34,699
T1001,Midwest,Control,CAT03,Home,2026-05-25,Post,29143.52,1049
T1001,Midwest,Control,CAT03,Home,2026-06-01,Post,24326.09,914
T1001,Midwest,Control,CAT03,Home,2026-06-08,Post,27266.64,796
T1001,Midwest,Control,CAT03,Home,2026-06-15,Post,28485.45,976
T1001,Midwest,Control,CAT03,Home,2026-06-22,Post,27651.88,1375
T1001,Midwest,Control,CAT03,Home,2026-06-29,Post,27015.42,987
T1001,Midwest,Control,CAT04,Electronics,2026-01-05,Pre,16450.68,732
T1001,Midwest,Control,CAT04,Electronics,2026-01-12,Pre,14949.28,402
T1001,Midwest,Control,CAT04,Electronics,2026-01-19,Pre,18481.05,695
T1001,Midwest,Control,CAT04,Electronics,2026-01-26,Pre,16846.89,495
T1001,Midwest,Control,CAT04,Electronics,2026-02-02,Pre,16630.64,760
T1001,Midwest,Control,CAT04,Electronics,2026-02-09,Pre,15405.15,679
T1001,Midwest,Control,CAT04,Electronics,2026-02-16,Pre,16818.25,375
T1001,Midwest,Control,CAT04,Electronics,2026-02-23,Pre,16752.63,908
T1001,Midwest,Control,CAT04,Electronics,2026-03-02,Pre,19002.09,562
T1001,Midwest,Control,CAT04,Electronics,2026-03-09,Pre,16957.3,401
T1001,Midwest,Control,CAT04,Electronics,2026-03-16,Pre,17061.78,525
T1001,Midwest,Control,CAT04,Electronics,2026-03-23,Pre,15780.82,621
T1001,Midwest,Control,CAT04,Electronics,2026-03-30,Pre,16244.81,477
T1001,Midwest,Control,CAT04,Electronics,2026-04-06,Post,17821.11,496
T1001,Midwest,Control,CAT04,Electronics,2026-04-13,Post,15110.77,817
T1001,Midwest,Control,CAT04,Electronics,2026-04-20,Post,18544.56,764
T1001,Midwest,Control,CAT04,Electronics,2026-04-27,Post,18651.25,750
T1001,Midwest,Control,CAT04,Electronics,2026-05-04,Post,16433.85,498
T1001,Midwest,Control,CAT04,Electronics,2026-05-11,Post,17955.42,494
T1001,Midwest,Control,CAT04,Electronics,2026-05-18,Post,19183.72,575
T1001,Midwest,Control,CAT04,Electronics,2026-05-25,Post,17499.85,392
T1001,Midwest,Control,CAT04,Electronics,2026-06-01,Post,17332.74,543
T1001,Midwest,Control,CAT04,Electronics,2026-06-08,Post,17542.47,444
T1001,Midwest,Control,CAT04,Electronics,2026-06-15,Post,18175.75,626
T1001,Midwest,Control,CAT04,Electronics,2026-06-22,Post,17136.95,407
T1001,Midwest,Control,CAT04,Electronics,2026-06-29,Post,17484.2,479
T1001,Midwest,Control,CAT05,Beauty & Personal Care,2026-01-05,Pre,13334.18,303
T1001,Midwest,Control,CAT05,Beauty & Personal Care,2026-01-12,Pre,12693.77,542
T1001,Midwest,Control,CAT05,Beauty & Personal Care,2026-01-19,Pre,12115.79,394
T1001,Midwest,Control,CAT05,Beauty & Personal Care,2026-01-26,Pre,11515.28,276
T1001,Midwest,Control,CAT05,Beauty & Personal Care,2026-02-02,Pre,13322.07,416
T1001,Midwest,Control,CAT05,Beauty & Personal Care,2026-02-09,Pre,14479.92,383
T1001,Midwest,Control,CAT05,Beauty & Personal Care,2026-02-16,Pre,13769.3,412
T1001,Midwest,Control,CAT05,Beauty & Personal Care,2026-02-23,Pre,12388.48,292
T1001,Midwest,Control,CAT05,Beauty & Personal Care,2026-03-02,Pre,12791.02,323
T1001,Midwest,Control,CAT05,Beauty & Personal Care,2026-03-09,Pre,13245.4,563
T1001,Midwest,Control,CAT05,Beauty & Personal Care,2026-03-16,Pre,15357.45,824
T1001,Midwest,Control,CAT05,Beauty & Personal Care,2026-03-23,Pre,15481.22,549
T1001,Midwest,Control,CAT05,Beauty & Personal Care,2026-03-30,Pre,15395.25,366
T1001,Midwest,Control,CAT05,Beauty & Personal Care,2026-04-06,Post,13890.6,521
T1001,Midwest,Control,CAT05,Beauty & Personal Care,2026-04-13,Post,16891.14,501
T1001,Midwest,Control,CAT05,Beauty & Personal Care,2026-04-20,Post,13182.36,384
T1001,Midwest,Control,CAT05,Beauty & Personal Care,2026-04-27,Post,13568.73,443
T1001,Midwest,Control,CAT05,Beauty & Personal Care,2026-05-04,Post,14862.42,527
T1001,Midwest,Control,CAT05,Beauty & Personal Care,2026-05-11,Post,14299.51,663
T1001,Midwest,Control,CAT05,Beauty & Personal Care,2026-05-18,Post,14410.03,394
T1001,Midwest,Control,CAT05,Beauty & Personal Care,2026-05-25,Post,12214.73,278
T1001,Midwest,Control,CAT05,Beauty & Personal Care,2026-06-01,Post,13208.05,638
T1001,Midwest,Control,CAT05,Beauty & Personal Care,2026-06-08,Post,14177.14,339
T1001,Midwest,Control,CAT05,Beauty & Personal Care,2026-06-15,Post,13594.08,579
T1001,Midwest,Control,CAT05,Beauty & Personal Care,2026-06-22,Post,12992.74,404
T1001,Midwest,Control,CAT05,Beauty & Personal Care,2026-06-29,Post,13803.11,552
T1001,Midwest,Control,CAT06,Toys,2026-01-05,Pre,10004.52,322
T1001,Midwest,Control,CAT06,Toys,2026-01-12,Pre,10351.72,290
T1001,Midwest,Control,CAT06,Toys,2026-01-19,Pre,8581.48,408
T1001,Midwest,Control,CAT06,Toys,2026-01-26,Pre,9922.16,382
T1001,Midwest,Control,CAT06,Toys,2026-02-02,Pre,9897.8,237
T1001,Midwest,Control,CAT06,Toys,2026-02-09,Pre,10167.26,228
T1001,Midwest,Control,CAT06,Toys,2026-02-16,Pre,9266.93,211
T1001,Midwest,Control,CAT06,Toys,2026-02-23,Pre,9315.69,428
T1001,Midwest,Control,CAT06,Toys,2026-03-02,Pre,11009.51,334
T1001,Midwest,Control,CAT06,Toys,2026-03-09,Pre,8385.93,205
T1001,Midwest,Control,CAT06,Toys,2026-03-16,Pre,9610.38,294
T1001,Midwest,Control,CAT06,Toys,2026-03-23,Pre,9951.87,400
T1001,Midwest,Control,CAT06,Toys,2026-03-30,Pre,10059.57,245
T1001,Midwest,Control,CAT06,Toys,2026-04-06,Post,9834.73,259
T1001,Midwest,Control,CAT06,Toys,2026-04-13,Post,10709.86,382
T1001,Midwest,Control,CAT06,Toys,2026-04-20,Post,10685.49,277
T1001,Midwest,Control,CAT06,Toys,2026-04-27,Post,10333.23,438
T1001,Midwest,Control,CAT06,Toys,2026-05-04,Post,10023.79,471
T1001,Midwest,Control,CAT06,Toys,2026-05-11,Post,10353.5,499
T1001,Midwest,Control,CAT06,Toys,2026-05-18,Post,10610.43,259
T1001,Midwest,Control,CAT06,Toys,2026-05-25,Post,10040.31,344
T1001,Midwest,Control,CAT06,Toys,2026-06-01,Post,11050.95,448
T1001,Midwest,Control,CAT06,Toys,2026-06-08,Post,11414.45,278
T1001,Midwest,Control,CAT06,Toys,2026-06-15,Post,11793.13,364
T1001,Midwest,Control,CAT06,Toys,2026-06-22,Post,11781.47,478
T1001,Midwest,Control,CAT06,Toys,2026-06-29,Post,10554.05,243
T1001,Midwest,Control,CAT07,Hardlines,2026-01-05,Pre,15392.01,394
T1001,Midwest,Control,CAT07,Hardlines,2026-01-12,Pre,15147.42,484
T1001,Midwest,Control,CAT07,Hardlines,2026-01-19,Pre,15203.93,467
T1001,Midwest,Control,CAT07,Hardlines,2026-01-26,Pre,15196.63,704
T1001,Midwest,Control,CAT07,Hardlines,2026-02-02,Pre,15515.38,354
T1001,Midwest,Control,CAT07,Hardlines,2026-02-09,Pre,16839.97,385
T1001,Midwest,Control,CAT07,Hardlines,2026-02-16,Pre,15969.74,484
T1001,Midwest,Control,CAT07,Hardlines,2026-02-23,Pre,14427.87,580
T1001,Midwest,Control,CAT07,Hardlines,2026-03-02,Pre,16789.95,791
T1001,Midwest,Control,CAT07,Hardlines,2026-03-09,Pre,16048.39,601
T1001,Midwest,Control,CAT07,Hardlines,2026-03-16,Pre,16420.57,537
T1001,Midwest,Control,CAT07,Hardlines,2026-03-23,Pre,16259.05,502
T1001,Midwest,Control,CAT07,Hardlines,2026-03-30,Pre,16373.39,366
T1001,Midwest,Control,CAT07,Hardlines,2026-04-06,Post,16488.77,433
T1001,Midwest,Control,CAT07,Hardlines,2026-04-13,Post,14174.75,640
T1001,Midwest,Control,CAT07,Hardlines,2026-04-20,Post,16721.36,614
T1001,Midwest,Control,CAT07,Hardlines,2026-04-27,Post,15431.95,566
T1001,Midwest,Control,CAT07,Hardlines,2026-05-04,Post,15750.24,452
T1001,Midwest,Control,CAT07,Hardlines,2026-05-11,Post,16361.47,414
T1001,Midwest,Control,CAT07,Hardlines,2026-05-18,Post,18283.7,425
T1001,Midwest,Control,CAT07,Hardlines,2026-05-25,Post,15329.07,434
T1001,Midwest,Control,CAT07,Hardlines,2026-06-01,Post,16505.59,368
T1001,Midwest,Control,CAT07,Hardlines,2026-06-08,Post,16310.48,828
T1001,Midwest,Control,CAT07,Hardlines,2026-06-15,Post,17747.52,826
T1001,Midwest,Control,CAT07,Hardlines,2026-06-22,Post,16398.83,467
T1001,Midwest,Control,CAT07,Hardlines,2026-06-29,Post,17053.33,397
T1001,Midwest,Control,CAT08,Softlines,2026-01-05,Pre,11154.31,296
T1001,Midwest,Control,CAT08,Softlines,2026-01-12,Pre,12972.75,362
T1001,Midwest,Control,CAT08,Softlines,2026-01-19,Pre,10890.54,353
T1001,Midwest,Control,CAT08,Softlines,2026-01-26,Pre,12531.24,459
T1001,Midwest,Control,CAT08,Softlines,2026-02-02,Pre,12381.27,341
T1001,Midwest,Control,CAT08,Softlines,2026-02-09,Pre,12554.1,657
T1001,Midwest,Control,CAT08,Softlines,2026-02-16,Pre,11074.22,263
T1001,Midwest,Control,CAT08,Softlines,2026-02-23,Pre,12068.27,336
T1001,Midwest,Control,CAT08,Softlines,2026-03-02,Pre,13131.69,301
T1001,Midwest,Control,CAT08,Softlines,2026-03-09,Pre,13986.1,368
T1001,Midwest,Control,CAT08,Softlines,2026-03-16,Pre,12377.56,373
T1001,Midwest,Control,CAT08,Softlines,2026-03-23,Pre,13193.46,415
T1001,Midwest,Control,CAT08,Softlines,2026-03-30,Pre,12684.37,432
T1001,Midwest,Control,CAT08,Softlines,2026-04-06,Post,12564.94,461
T1001,Midwest,Control,CAT08,Softlines,2026-04-13,Post,12297.81,411
T1001,Midwest,Control,CAT08,Softlines,2026-04-20,Post,12715.91,620
T1001,Midwest,Control,CAT08,Softlines,2026-04-27,Post,13359.79,374
T1001,Midwest,Control,CAT08,Softlines,2026-05-04,Post,13487.28,727
T1001,Midwest,Control,CAT08,Softlines,2026-05-11,Post,11745.83,503
T1001,Midwest,Control,CAT08,Softlines,2026-05-18,Post,12452.79,301
T1001,Midwest,Control,CAT08,Softlines,2026-05-25,Post,12005.56,333
T1001,Midwest,Control,CAT08,Softlines,2026-06-01,Post,13048.57,513
T1001,Midwest,Control,CAT08,Softlines,2026-06-08,Post,12741.39,496
T1001,Midwest,Control,CAT08,Softlines,2026-06-15,Post,13408.63,314
T1001,Midwest,Control,CAT08,Softlines,2026-06-22,Post,13522.12,414
T1001,Midwest,Control,CAT08,Softlines,2026-06-29,Post,11246.27,257
T1002,West,Test,CAT01,Grocery & Essentials,2026-01-05,Pre,33193.63,951
T1002,West,Test,CAT01,Grocery & Essentials,2026-01-12,Pre,35675.42,804
T1002,West,Test,CAT01,Grocery & Essentials,2026-01-19,Pre,33848.66,927
T1002,West,Test,CAT01,Grocery & Essentials,2026-01-26,Pre,34645.32,1202
T1002,West,Test,CAT01,Grocery & Essentials,2026-02-02,Pre,33636.53,975
T1002,West,Test,CAT01,Grocery & Essentials,2026-02-09,Pre,32453.65,750
T1002,West,Test,CAT01,Grocery & Essentials,2026-02-16,Pre,35512.39,1330
T1002,West,Test,CAT01,Grocery & Essentials,2026-02-23,Pre,36357.53,1164
T1002,West,Test,CAT01,Grocery & Essentials,2026-03-02,Pre,34413.36,1273
T1002,West,Test,CAT01,Grocery & Essentials,2026-03-09,Pre,32238.94,756
T1002,West,Test,CAT01,Grocery & Essentials,2026-03-16,Pre,35742.33,876
T1002,West,Test,CAT01,Grocery & Essentials,2026-03-23,Pre,35625.53,934
T1002,West,Test,CAT01,Grocery & Essentials,2026-03-30,Pre,34203.66,886
T1002,West,Test,CAT01,Grocery & Essentials,2026-04-06,Post,40793.55,1345
T1002,West,Test,CAT01,Grocery & Essentials,2026-04-13,Post,38566.96,1089
T1002,West,Test,CAT01,Grocery & Essentials,2026-04-20,Post,36106.8,1446
T1002,West,Test,CAT01,Grocery & Essentials,2026-04-27,Post,36325.8,1249
T1002,West,Test,CAT01,Grocery & Essentials,2026-05-04,Post,38960.75,973
T1002,West,Test,CAT01,Grocery & Essentials,2026-05-11,Post,38307.1,1700
T1002,West,Test,CAT01,Grocery & Essentials,2026-05-18,Post,35476.15,1310
T1002,West,Test,CAT01,Grocery & Essentials,2026-05-25,Post,36897.83,907
T1002,West,Test,CAT01,Grocery & Essentials,2026-06-01,Post,35696.94,917
T1002,West,Test,CAT01,Grocery & Essentials,2026-06-08,Post,33213.05,1164
T1002,West,Test,CAT01,Grocery & Essentials,2026-06-15,Post,32124.92,1384
T1002,West,Test,CAT01,Grocery & Essentials,2026-06-22,Post,36864.7,1253
T1002,West,Test,CAT01,Grocery & Essentials,2026-06-29,Post,43583.06,1009
T1002,West,Test,CAT02,Apparel & Accessories,2026-01-05,Pre,15615.71,785
T1002,West,Test,CAT02,Apparel & Accessories,2026-01-12,Pre,14095.95,358
T1002,West,Test,CAT02,Apparel & Accessories,2026-01-19,Pre,14365.53,342
T1002,West,Test,CAT02,Apparel & Accessories,2026-01-26,Pre,13949.84,663
T1002,West,Test,CAT02,Apparel & Accessories,2026-02-02,Pre,12859.24,564
T1002,West,Test,CAT02,Apparel & Accessories,2026-02-09,Pre,14193.48,431
T1002,West,Test,CAT02,Apparel & Accessories,2026-02-16,Pre,14539.23,398
T1002,West,Test,CAT02,Apparel & Accessories,2026-02-23,Pre,14771.51,329
T1002,West,Test,CAT02,Apparel & Accessories,2026-03-02,Pre,15901.16,773
T1002,West,Test,CAT02,Apparel & Accessories,2026-03-09,Pre,15209.79,342
T1002,West,Test,CAT02,Apparel & Accessories,2026-03-16,Pre,16040.61,526
T1002,West,Test,CAT02,Apparel & Accessories,2026-03-23,Pre,15451.21,796
T1002,West,Test,CAT02,Apparel & Accessories,2026-03-30,Pre,15412.1,559
T1002,West,Test,CAT02,Apparel & Accessories,2026-04-06,Post,15660.12,386
T1002,West,Test,CAT02,Apparel & Accessories,2026-04-13,Post,14151.19,483
T1002,West,Test,CAT02,Apparel & Accessories,2026-04-20,Post,15926.09,416
T1002,West,Test,CAT02,Apparel & Accessories,2026-04-27,Post,14811.06,473
T1002,West,Test,CAT02,Apparel & Accessories,2026-05-04,Post,14899.88,680
T1002,West,Test,CAT02,Apparel & Accessories,2026-05-11,Post,15295.81,742
T1002,West,Test,CAT02,Apparel & Accessories,2026-05-18,Post,14882.34,459
T1002,West,Test,CAT02,Apparel & Accessories,2026-05-25,Post,14264.66,734
T1002,West,Test,CAT02,Apparel & Accessories,2026-06-01,Post,15385.33,516
T1002,West,Test,CAT02,Apparel & Accessories,2026-06-08,Post,15183.88,801
T1002,West,Test,CAT02,Apparel & Accessories,2026-06-15,Post,15202.47,377
T1002,West,Test,CAT02,Apparel & Accessories,2026-06-22,Post,15445.09,703
T1002,West,Test,CAT02,Apparel & Accessories,2026-06-29,Post,13317.28,331
T1002,West,Test,CAT03,Home,2026-01-05,Pre,17023.98,424
T1002,West,Test,CAT03,Home,2026-01-12,Pre,19096.88,666
T1002,West,Test,CAT03,Home,2026-01-19,Pre,19058.84,763
T1002,West,Test,CAT03,Home,2026-01-26,Pre,17597.22,556
T1002,West,Test,CAT03,Home,2026-02-02,Pre,17625.54,577
T1002,West,Test,CAT03,Home,2026-02-09,Pre,14817.82,619
T1002,West,Test,CAT03,Home,2026-02-16,Pre,17084.34,446
T1002,West,Test,CAT03,Home,2026-02-23,Pre,18690.24,919
T1002,West,Test,CAT03,Home,2026-03-02,Pre,17416.93,766
T1002,West,Test,CAT03,Home,2026-03-09,Pre,19263.44,669
T1002,West,Test,CAT03,Home,2026-03-16,Pre,19252.54,887
T1002,West,Test,CAT03,Home,2026-03-23,Pre,17394.81,577
T1002,West,Test,CAT03,Home,2026-03-30,Pre,18316.57,440
T1002,West,Test,CAT03,Home,2026-04-06,Post,20126.42,484
T1002,West,Test,CAT03,Home,2026-04-13,Post,16497.09,688
T1002,West,Test,CAT03,Home,2026-04-20,Post,17916.49,694
T1002,West,Test,CAT03,Home,2026-04-27,Post,16506.27,495
T1002,West,Test,CAT03,Home,2026-05-04,Post,17406.55,431
T1002,West,Test,CAT03,Home,2026-05-11,Post,20936.95,1118
T1002,West,Test,CAT03,Home,2026-05-18,Post,18186.5,531
T1002,West,Test,CAT03,Home,2026-05-25,Post,16228.97,648
T1002,West,Test,CAT03,Home,2026-06-01,Post,17487.01,454
T1002,West,Test,CAT03,Home,2026-06-08,Post,16755.91,505
T1002,West,Test,CAT03,Home,2026-06-15,Post,19135.99,756
T1002,West,Test,CAT03,Home,2026-06-22,Post,19563.8,738
T1002,West,Test,CAT03,Home,2026-06-29,Post,20219.08,557
T1002,West,Test,CAT04,Electronics,2026-01-05,Pre,12348.87,684
T1002,West,Test,CAT04,Electronics,2026-01-12,Pre,10728.45,254
T1002,West,Test,CAT04,Electronics,2026-01-19,Pre,12224.47,539
T1002,West,Test,CAT04,Electronics,2026-01-26,Pre,11848.81,386
T1002,West,Test,CAT04,Electronics,2026-02-02,Pre,12861.53,297
T1002,West,Test,CAT04,Electronics,2026-02-09,Pre,12694.85,533
T1002,West,Test,CAT04,Electronics,2026-02-16,Pre,13770.56,591
T1002,West,Test,CAT04,Electronics,2026-02-23,Pre,11367.7,478
T1002,West,Test,CAT04,Electronics,2026-03-02,Pre,11299.39,479
T1002,West,Test,CAT04,Electronics,2026-03-09,Pre,11833.78,520
T1002,West,Test,CAT04,Electronics,2026-03-16,Pre,12209.87,296
T1002,West,Test,CAT04,Electronics,2026-03-23,Pre,11762.68,424
T1002,West,Test,CAT04,Electronics,2026-03-30,Pre,11629.66,420
T1002,West,Test,CAT04,Electronics,2026-04-06,Post,14814.68,629
T1002,West,Test,CAT04,Electronics,2026-04-13,Post,13786.3,666
T1002,West,Test,CAT04,Electronics,2026-04-20,Post,12295.81,354
T1002,West,Test,CAT04,Electronics,2026-04-27,Post,13601.36,354
T1002,West,Test,CAT04,Electronics,2026-05-04,Post,15867.61,353
T1002,West,Test,CAT04,Electronics,2026-05-11,Post,13726.48,513
T1002,West,Test,CAT04,Electronics,2026-05-18,Post,14124.5,355
T1002,West,Test,CAT04,Electronics,2026-05-25,Post,13585.28,431
T1002,West,Test,CAT04,Electronics,2026-06-01,Post,14827.88,438
T1002,West,Test,CAT04,Electronics,2026-06-08,Post,14914.72,642
T1002,West,Test,CAT04,Electronics,2026-06-15,Post,16868.29,497
T1002,West,Test,CAT04,Electronics,2026-06-22,Post,16285.08,549
T1002,West,Test,CAT04,Electronics,2026-06-29,Post,14737.55,341
T1002,West,Test,CAT05,Beauty & Personal Care,2026-01-05,Pre,9346.4,347
T1002,West,Test,CAT05,Beauty & Personal Care,2026-01-12,Pre,10140.96,304
T1002,West,Test,CAT05,Beauty & Personal Care,2026-01-19,Pre,9003.76,251
T1002,West,Test,CAT05,Beauty & Personal Care,2026-01-26,Pre,9087.41,340
T1002,West,Test,CAT05,Beauty & Personal Care,2026-02-02,Pre,10132.45,359
T1002,West,Test,CAT05,Beauty & Personal Care,2026-02-09,Pre,10824.25,481
T1002,West,Test,CAT05,Beauty & Personal Care,2026-02-16,Pre,10364.7,363
T1002,West,Test,CAT05,Beauty & Personal Care,2026-02-23,Pre,10266.61,309
T1002,West,Test,CAT05,Beauty & Personal Care,2026-03-02,Pre,9728.87,389
T1002,West,Test,CAT05,Beauty & Personal Care,2026-03-09,Pre,9227.01,214
T1002,West,Test,CAT05,Beauty & Personal Care,2026-03-16,Pre,10286.23,285
T1002,West,Test,CAT05,Beauty & Personal Care,2026-03-23,Pre,10938.82,251
T1002,West,Test,CAT05,Beauty & Personal Care,2026-03-30,Pre,9653.89,224
T1002,West,Test,CAT05,Beauty & Personal Care,2026-04-06,Post,9517.51,525
T1002,West,Test,CAT05,Beauty & Personal Care,2026-04-13,Post,9570.38,263
T1002,West,Test,CAT05,Beauty & Personal Care,2026-04-20,Post,10282.91,549
T1002,West,Test,CAT05,Beauty & Personal Care,2026-04-27,Post,10906.46,265
T1002,West,Test,CAT05,Beauty & Personal Care,2026-05-04,Post,8678.86,283
T1002,West,Test,CAT05,Beauty & Personal Care,2026-05-11,Post,10184.06,259
T1002,West,Test,CAT05,Beauty & Personal Care,2026-05-18,Post,9233.88,221
T1002,West,Test,CAT05,Beauty & Personal Care,2026-05-25,Post,11649.68,350
T1002,West,Test,CAT05,Beauty & Personal Care,2026-06-01,Post,10376.47,464
T1002,West,Test,CAT05,Beauty & Personal Care,2026-06-08,Post,10008.22,318
T1002,West,Test,CAT05,Beauty & Personal Care,2026-06-15,Post,10516.64,238
T1002,West,Test,CAT05,Beauty & Personal Care,2026-06-22,Post,9224.63,224
T1002,West,Test,CAT05,Beauty & Personal Care,2026-06-29,Post,9562.89,280
T1002,West,Test,CAT06,Toys,2026-01-05,Pre,7121.57,253
T1002,West,Test,CAT06,Toys,2026-01-12,Pre,5853.78,146
T1002,West,Test,CAT06,Toys,2026-01-19,Pre,7529.17,226
T1002,West,Test,CAT06,Toys,2026-01-26,Pre,5933.32,172
T1002,West,Test,CAT06,Toys,2026-02-02,Pre,7830.65,279
T1002,West,Test,CAT06,Toys,2026-02-09,Pre,7060.86,333
T1002,West,Test,CAT06,Toys,2026-02-16,Pre,7674.47,188
T1002,West,Test,CAT06,Toys,2026-02-23,Pre,7499.91,286
T1002,West,Test,CAT06,Toys,2026-03-02,Pre,8263.2,443
T1002,West,Test,CAT06,Toys,2026-03-09,Pre,7543.92,247
T1002,West,Test,CAT06,Toys,2026-03-16,Pre,7993.68,356
T1002,West,Test,CAT06,Toys,2026-03-23,Pre,7116.44,252
T1002,West,Test,CAT06,Toys,2026-03-30,Pre,6622.11,347
T1002,West,Test,CAT06,Toys,2026-04-06,Post,7969.43,248
T1002,West,Test,CAT06,Toys,2026-04-13,Post,6659.01,305
T1002,West,Test,CAT06,Toys,2026-04-20,Post,7911.35,289
T1002,West,Test,CAT06,Toys,2026-04-27,Post,6981.15,160
T1002,West,Test,CAT06,Toys,2026-05-04,Post,7720.74,193
T1002,West,Test,CAT06,Toys,2026-05-11,Post,8595.86,425
T1002,West,Test,CAT06,Toys,2026-05-18,Post,7985.8,192
T1002,West,Test,CAT06,Toys,2026-05-25,Post,7547.93,255
T1002,West,Test,CAT06,Toys,2026-06-01,Post,7921.3,417
T1002,West,Test,CAT06,Toys,2026-06-08,Post,7434.76,165
T1002,West,Test,CAT06,Toys,2026-06-15,Post,9000.48,471
T1002,West,Test,CAT06,Toys,2026-06-22,Post,7377.53,282
T1002,West,Test,CAT06,Toys,2026-06-29,Post,7744.88,402
T1002,West,Test,CAT07,Hardlines,2026-01-05,Pre,11471.08,282
T1002,West,Test,CAT07,Hardlines,2026-01-12,Pre,11354.35,280
T1002,West,Test,CAT07,Hardlines,2026-01-19,Pre,11488.01,354
T1002,West,Test,CAT07,Hardlines,2026-01-26,Pre,10772.65,323
T1002,West,Test,CAT07,Hardlines,2026-02-02,Pre,11013.93,366
T1002,West,Test,CAT07,Hardlines,2026-02-09,Pre,11979.49,271
T1002,West,Test,CAT07,Hardlines,2026-02-16,Pre,11983.5,518
T1002,West,Test,CAT07,Hardlines,2026-02-23,Pre,11645.08,264
T1002,West,Test,CAT07,Hardlines,2026-03-02,Pre,12449.16,300
T1002,West,Test,CAT07,Hardlines,2026-03-09,Pre,12202.04,301
T1002,West,Test,CAT07,Hardlines,2026-03-16,Pre,12144.32,298
T1002,West,Test,CAT07,Hardlines,2026-03-23,Pre,10227.55,477
T1002,West,Test,CAT07,Hardlines,2026-03-30,Pre,11861.59,362
T1002,West,Test,CAT07,Hardlines,2026-04-06,Post,11754.66,278
T1002,West,Test,CAT07,Hardlines,2026-04-13,Post,12856.96,347
T1002,West,Test,CAT07,Hardlines,2026-04-20,Post,9350.99,308
T1002,West,Test,CAT07,Hardlines,2026-04-27,Post,11607.69,418
T1002,West,Test,CAT07,Hardlines,2026-05-04,Post,11864.89,580
T1002,West,Test,CAT07,Hardlines,2026-05-11,Post,10931.44,279
T1002,West,Test,CAT07,Hardlines,2026-05-18,Post,11114.16,257
T1002,West,Test,CAT07,Hardlines,2026-05-25,Post,13152.32,694
T1002,West,Test,CAT07,Hardlines,2026-06-01,Post,12350.85,524
T1002,West,Test,CAT07,Hardlines,2026-06-08,Post,13573.29,567
T1002,West,Test,CAT07,Hardlines,2026-06-15,Post,11898.09,274
T1002,West,Test,CAT07,Hardlines,2026-06-22,Post,10902.46,447
T1002,West,Test,CAT07,Hardlines,2026-06-29,Post,11865.02,535
T1002,West,Test,CAT08,Softlines,2026-01-05,Pre,8373.24,359
T1002,West,Test,CAT08,Softlines,2026-01-12,Pre,9129.73,214
T1002,West,Test,CAT08,Softlines,2026-01-19,Pre,9139.84,261
T1002,West,Test,CAT08,Softlines,2026-01-26,Pre,9091.0,229
T1002,West,Test,CAT08,Softlines,2026-02-02,Pre,10185.57,246
T1002,West,Test,CAT08,Softlines,2026-02-09,Pre,9625.83,351
T1002,West,Test,CAT08,Softlines,2026-02-16,Pre,8350.11,346
T1002,West,Test,CAT08,Softlines,2026-02-23,Pre,9535.69,219
T1002,West,Test,CAT08,Softlines,2026-03-02,Pre,8966.73,231
T1002,West,Test,CAT08,Softlines,2026-03-09,Pre,8852.17,385
T1002,West,Test,CAT08,Softlines,2026-03-16,Pre,9903.11,277
T1002,West,Test,CAT08,Softlines,2026-03-23,Pre,8475.63,285
T1002,West,Test,CAT08,Softlines,2026-03-30,Pre,9673.91,258
T1002,West,Test,CAT08,Softlines,2026-04-06,Post,9598.67,221
T1002,West,Test,CAT08,Softlines,2026-04-13,Post,8561.8,409
T1002,West,Test,CAT08,Softlines,2026-04-20,Post,8139.66,254
T1002,West,Test,CAT08,Softlines,2026-04-27,Post,9172.77,307
T1002,West,Test,CAT08,Softlines,2026-05-04,Post,7345.24,235
T1002,West,Test,CAT08,Softlines,2026-05-11,Post,10025.4,341
T1002,West,Test,CAT08,Softlines,2026-05-18,Post,9566.25,281
T1002,West,Test,CAT08,Softlines,2026-05-25,Post,10308.6,292
T1002,West,Test,CAT08,Softlines,2026-06-01,Post,9590.95,215
T1002,West,Test,CAT08,Softlines,2026-06-08,Post,10436.3,247
T1002,West,Test,CAT08,Softlines,2026-06-15,Post,9076.25,462
T1002,West,Test,CAT08,Softlines,2026-06-22,Post,9843.39,277
T1002,West,Test,CAT08,Softlines,2026-06-29,Post,9274.94,313
T1003,South,Control,CAT01,Grocery & Essentials,2026-01-05,Pre,57011.58,1627
T1003,South,Control,CAT01,Grocery & Essentials,2026-01-12,Pre,55464.76,1545
T1003,South,Control,CAT01,Grocery & Essentials,2026-01-19,Pre,52836.29,1202
T1003,South,Control,CAT01,Grocery & Essentials,2026-01-26,Pre,46726.09,1585
T1003,South,Control,CAT01,Grocery & Essentials,2026-02-02,Pre,53345.01,1685
T1003,South,Control,CAT01,Grocery & Essentials,2026-02-09,Pre,45578.55,1498
T1003,South,Control,CAT01,Grocery & Essentials,2026-02-16,Pre,45261.88,1187
T1003,South,Control,CAT01,Grocery & Essentials,2026-02-23,Pre,50868.68,2177
T1003,South,Control,CAT01,Grocery & Essentials,2026-03-02,Pre,50630.62,1326
T1003,South,Control,CAT01,Grocery & Essentials,2026-03-09,Pre,50195.3,1979
T1003,South,Control,CAT01,Grocery & Essentials,2026-03-16,Pre,58564.21,1336
T1003,South,Control,CAT01,Grocery & Essentials,2026-03-23,Pre,49865.46,2136
T1003,South,Control,CAT01,Grocery & Essentials,2026-03-30,Pre,53084.96,1643
T1003,South,Control,CAT01,Grocery & Essentials,2026-04-06,Post,52074.72,1351
T1003,South,Control,CAT01,Grocery & Essentials,2026-04-13,Post,54679.48,2405
T1003,South,Control,CAT01,Grocery & Essentials,2026-04-20,Post,55252.61,1787
T1003,South,Control,CAT01,Grocery & Essentials,2026-04-27,Post,53450.63,2105
T1003,South,Control,CAT01,Grocery & Essentials,2026-05-04,Post,50183.51,2341
T1003,South,Control,CAT01,Grocery & Essentials,2026-05-11,Post,50348.44,1359
T1003,South,Control,CAT01,Grocery & Essentials,2026-05-18,Post,51530.99,1662
T1003,South,Control,CAT01,Grocery & Essentials,2026-05-25,Post,54233.72,1419
T1003,South,Control,CAT01,Grocery & Essentials,2026-06-01,Post,55884.76,1856
T1003,South,Control,CAT01,Grocery & Essentials,2026-06-08,Post,51310.27,2094
T1003,South,Control,CAT01,Grocery & Essentials,2026-06-15,Post,58598.86,2574
T1003,South,Control,CAT01,Grocery & Essentials,2026-06-22,Post,53023.35,1854
T1003,South,Control,CAT01,Grocery & Essentials,2026-06-29,Post,46049.71,1202
T1003,South,Control,CAT02,Apparel & Accessories,2026-01-05,Pre,23988.52,945
T1003,South,Control,CAT02,Apparel & Accessories,2026-01-12,Pre,21230.4,711
T1003,South,Control,CAT02,Apparel & Accessories,2026-01-19,Pre,22544.1,805
T1003,South,Control,CAT02,Apparel & Accessories,2026-01-26,Pre,18790.17,486
T1003,South,Control,CAT02,Apparel & Accessories,2026-02-02,Pre,20312.49,645
T1003,South,Control,CAT02,Apparel & Accessories,2026-02-09,Pre,20993.08,506
T1003,South,Control,CAT02,Apparel & Accessories,2026-02-16,Pre,19637.99,568
T1003,South,Control,CAT02,Apparel & Accessories,2026-02-23,Pre,21280.48,500
T1003,South,Control,CAT02,Apparel & Accessories,2026-03-02,Pre,21073.91,692
T1003,South,Control,CAT02,Apparel & Accessories,2026-03-09,Pre,23632.65,1282
T1003,South,Control,CAT02,Apparel & Accessories,2026-03-16,Pre,18616.97,593
T1003,South,Control,CAT02,Apparel & Accessories,2026-03-23,Pre,22825.94,684
T1003,South,Control,CAT02,Apparel & Accessories,2026-03-30,Pre,23571.29,580
T1003,South,Control,CAT02,Apparel & Accessories,2026-04-06,Post,25253.34,1048
T1003,South,Control,CAT02,Apparel & Accessories,2026-04-13,Post,23389.9,571
T1003,South,Control,CAT02,Apparel & Accessories,2026-04-20,Post,20855.82,501
T1003,South,Control,CAT02,Apparel & Accessories,2026-04-27,Post,21983.74,829
T1003,South,Control,CAT02,Apparel & Accessories,2026-05-04,Post,22849.7,905
T1003,South,Control,CAT02,Apparel & Accessories,2026-05-11,Post,24714.96,570
T1003,South,Control,CAT02,Apparel & Accessories,2026-05-18,Post,19822.48,599
T1003,South,Control,CAT02,Apparel & Accessories,2026-05-25,Post,23606.41,1045
T1003,South,Control,CAT02,Apparel & Accessories,2026-06-01,Post,20311.1,1038
T1003,South,Control,CAT02,Apparel & Accessories,2026-06-08,Post,21965.39,760
T1003,South,Control,CAT02,Apparel & Accessories,2026-06-15,Post,20768.5,570
T1003,South,Control,CAT02,Apparel & Accessories,2026-06-22,Post,21889.73,962
T1003,South,Control,CAT02,Apparel & Accessories,2026-06-29,Post,24461.55,972
T1003,South,Control,CAT03,Home,2026-01-05,Pre,25016.71,1148
T1003,South,Control,CAT03,Home,2026-01-12,Pre,24349.31,608
T1003,South,Control,CAT03,Home,2026-01-19,Pre,24221.9,951
T1003,South,Control,CAT03,Home,2026-01-26,Pre,23911.21,950
T1003,South,Control,CAT03,Home,2026-02-02,Pre,27469.11,925
T1003,South,Control,CAT03,Home,2026-02-09,Pre,26283.21,674
T1003,South,Control,CAT03,Home,2026-02-16,Pre,26969.62,955
T1003,South,Control,CAT03,Home,2026-02-23,Pre,23752.23,999
T1003,South,Control,CAT03,Home,2026-03-02,Pre,26600.41,795
T1003,South,Control,CAT03,Home,2026-03-09,Pre,22518.27,1182
T1003,South,Control,CAT03,Home,2026-03-16,Pre,28979.21,905
T1003,South,Control,CAT03,Home,2026-03-23,Pre,27888.68,1366
T1003,South,Control,CAT03,Home,2026-03-30,Pre,26732.05,700
T1003,South,Control,CAT03,Home,2026-04-06,Post,22619.5,979
T1003,South,Control,CAT03,Home,2026-04-13,Post,25290.19,869
T1003,South,Control,CAT03,Home,2026-04-20,Post,24619.78,596
T1003,South,Control,CAT03,Home,2026-04-27,Post,27035.81,737
T1003,South,Control,CAT03,Home,2026-05-04,Post,28198.59,968
T1003,South,Control,CAT03,Home,2026-05-11,Post,28193.95,656
T1003,South,Control,CAT03,Home,2026-05-18,Post,30734.34,815
T1003,South,Control,CAT03,Home,2026-05-25,Post,27673.59,1340
T1003,South,Control,CAT03,Home,2026-06-01,Post,30351.48,1296
T1003,South,Control,CAT03,Home,2026-06-08,Post,27374.28,896
T1003,South,Control,CAT03,Home,2026-06-15,Post,29088.09,736
T1003,South,Control,CAT03,Home,2026-06-22,Post,27762.39,699
T1003,South,Control,CAT03,Home,2026-06-29,Post,28865.73,1136
T1003,South,Control,CAT04,Electronics,2026-01-05,Pre,17485.87,807
T1003,South,Control,CAT04,Electronics,2026-01-12,Pre,16772.52,581
T1003,South,Control,CAT04,Electronics,2026-01-19,Pre,21284.8,520
T1003,South,Control,CAT04,Electronics,2026-01-26,Pre,18151.15,957
T1003,South,Control,CAT04,Electronics,2026-02-02,Pre,18538.95,525
T1003,South,Control,CAT04,Electronics,2026-02-09,Pre,18842.92,795
T1003,South,Control,CAT04,Electronics,2026-02-16,Pre,18200.96,444
T1003,South,Control,CAT04,Electronics,2026-02-23,Pre,15070.6,624
T1003,South,Control,CAT04,Electronics,2026-03-02,Pre,18574.55,448
T1003,South,Control,CAT04,Electronics,2026-03-09,Pre,16618.0,478
T1003,South,Control,CAT04,Electronics,2026-03-16,Pre,18426.0,858
T1003,South,Control,CAT04,Electronics,2026-03-23,Pre,18672.63,430
T1003,South,Control,CAT04,Electronics,2026-03-30,Pre,16108.84,538
T1003,South,Control,CAT04,Electronics,2026-04-06,Post,18460.82,572
T1003,South,Control,CAT04,Electronics,2026-04-13,Post,16613.1,413
T1003,South,Control,CAT04,Electronics,2026-04-20,Post,15448.88,729
T1003,South,Control,CAT04,Electronics,2026-04-27,Post,16711.53,529
T1003,South,Control,CAT04,Electronics,2026-05-04,Post,18574.49,550
T1003,South,Control,CAT04,Electronics,2026-05-11,Post,18565.77,473
T1003,South,Control,CAT04,Electronics,2026-05-18,Post,18201.83,738
T1003,South,Control,CAT04,Electronics,2026-05-25,Post,19652.26,541
T1003,South,Control,CAT04,Electronics,2026-06-01,Post,18696.69,809
T1003,South,Control,CAT04,Electronics,2026-06-08,Post,19600.39,446
T1003,South,Control,CAT04,Electronics,2026-06-15,Post,20159.52,471
T1003,South,Control,CAT04,Electronics,2026-06-22,Post,22433.51,815
T1003,South,Control,CAT04,Electronics,2026-06-29,Post,19153.32,621
T1003,South,Control,CAT05,Beauty & Personal Care,2026-01-05,Pre,15200.62,740
T1003,South,Control,CAT05,Beauty & Personal Care,2026-01-12,Pre,14307.48,343
T1003,South,Control,CAT05,Beauty & Personal Care,2026-01-19,Pre,14421.89,367
T1003,South,Control,CAT05,Beauty & Personal Care,2026-01-26,Pre,14110.1,317
T1003,South,Control,CAT05,Beauty & Personal Care,2026-02-02,Pre,14389.84,550
T1003,South,Control,CAT05,Beauty & Personal Care,2026-02-09,Pre,14083.3,519
T1003,South,Control,CAT05,Beauty & Personal Care,2026-02-16,Pre,15361.42,429
T1003,South,Control,CAT05,Beauty & Personal Care,2026-02-23,Pre,13690.36,733
T1003,South,Control,CAT05,Beauty & Personal Care,2026-03-02,Pre,12958.47,348
T1003,South,Control,CAT05,Beauty & Personal Care,2026-03-09,Pre,13988.39,445
T1003,South,Control,CAT05,Beauty & Personal Care,2026-03-16,Pre,13938.53,508
T1003,South,Control,CAT05,Beauty & Personal Care,2026-03-23,Pre,14095.89,748
T1003,South,Control,CAT05,Beauty & Personal Care,2026-03-30,Pre,14558.44,334
T1003,South,Control,CAT05,Beauty & Personal Care,2026-04-06,Post,14207.53,371
T1003,South,Control,CAT05,Beauty & Personal Care,2026-04-13,Post,14655.21,354
T1003,South,Control,CAT05,Beauty & Personal Care,2026-04-20,Post,14318.63,600
T1003,South,Control,CAT05,Beauty & Personal Care,2026-04-27,Post,15357.14,393
T1003,South,Control,CAT05,Beauty & Personal Care,2026-05-04,Post,17475.36,721
T1003,South,Control,CAT05,Beauty & Personal Care,2026-05-11,Post,15255.11,347
T1003,South,Control,CAT05,Beauty & Personal Care,2026-05-18,Post,14575.42,414
T1003,South,Control,CAT05,Beauty & Personal Care,2026-05-25,Post,12686.42,392
T1003,South,Control,CAT05,Beauty & Personal Care,2026-06-01,Post,17234.98,571
T1003,South,Control,CAT05,Beauty & Personal Care,2026-06-08,Post,15542.82,663
T1003,South,Control,CAT05,Beauty & Personal Care,2026-06-15,Post,15145.48,379
T1003,South,Control,CAT05,Beauty & Personal Care,2026-06-22,Post,12927.79,384
T1003,South,Control,CAT05,Beauty & Personal Care,2026-06-29,Post,15311.3,345
T1003,South,Control,CAT06,Toys,2026-01-05,Pre,10616.14,247
T1003,South,Control,CAT06,Toys,2026-01-12,Pre,10174.18,450
T1003,South,Control,CAT06,Toys,2026-01-19,Pre,9613.33,470
T1003,South,Control,CAT06,Toys,2026-01-26,Pre,9607.27,482
T1003,South,Control,CAT06,Toys,2026-02-02,Pre,12130.36,606
T1003,South,Control,CAT06,Toys,2026-02-09,Pre,10806.68,267
T1003,South,Control,CAT06,Toys,2026-02-16,Pre,10376.22,266
T1003,South,Control,CAT06,Toys,2026-02-23,Pre,10845.94,259
T1003,South,Control,CAT06,Toys,2026-03-02,Pre,10836.18,337
T1003,South,Control,CAT06,Toys,2026-03-09,Pre,9801.31,325
T1003,South,Control,CAT06,Toys,2026-03-16,Pre,11644.46,380
T1003,South,Control,CAT06,Toys,2026-03-23,Pre,10840.12,274
T1003,South,Control,CAT06,Toys,2026-03-30,Pre,11113.94,501
T1003,South,Control,CAT06,Toys,2026-04-06,Post,12214.92,299
T1003,South,Control,CAT06,Toys,2026-04-13,Post,10091.78,276
T1003,South,Control,CAT06,Toys,2026-04-20,Post,10549.41,524
T1003,South,Control,CAT06,Toys,2026-04-27,Post,11442.3,434
T1003,South,Control,CAT06,Toys,2026-05-04,Post,11940.84,326
T1003,South,Control,CAT06,Toys,2026-05-11,Post,10791.79,415
T1003,South,Control,CAT06,Toys,2026-05-18,Post,10874.31,421
T1003,South,Control,CAT06,Toys,2026-05-25,Post,11864.94,341
T1003,South,Control,CAT06,Toys,2026-06-01,Post,13217.47,379
T1003,South,Control,CAT06,Toys,2026-06-08,Post,11505.33,313
T1003,South,Control,CAT06,Toys,2026-06-15,Post,10865.51,298
T1003,South,Control,CAT06,Toys,2026-06-22,Post,10679.62,355
T1003,South,Control,CAT06,Toys,2026-06-29,Post,11458.27,563
T1003,South,Control,CAT07,Hardlines,2026-01-05,Pre,17333.86,579
T1003,South,Control,CAT07,Hardlines,2026-01-12,Pre,19666.56,805
T1003,South,Control,CAT07,Hardlines,2026-01-19,Pre,16140.69,493
T1003,South,Control,CAT07,Hardlines,2026-01-26,Pre,16648.87,541
T1003,South,Control,CAT07,Hardlines,2026-02-02,Pre,18617.0,536
T1003,South,Control,CAT07,Hardlines,2026-02-09,Pre,17043.33,544
T1003,South,Control,CAT07,Hardlines,2026-02-16,Pre,17008.97,496
T1003,South,Control,CAT07,Hardlines,2026-02-23,Pre,18549.78,930
T1003,South,Control,CAT07,Hardlines,2026-03-02,Pre,17005.59,548
T1003,South,Control,CAT07,Hardlines,2026-03-09,Pre,15790.83,504
T1003,South,Control,CAT07,Hardlines,2026-03-16,Pre,18469.03,419
T1003,South,Control,CAT07,Hardlines,2026-03-23,Pre,15184.73,663
T1003,South,Control,CAT07,Hardlines,2026-03-30,Pre,18374.1,893
T1003,South,Control,CAT07,Hardlines,2026-04-06,Post,17210.59,580
T1003,South,Control,CAT07,Hardlines,2026-04-13,Post,16921.67,447
T1003,South,Control,CAT07,Hardlines,2026-04-20,Post,16955.48,507
T1003,South,Control,CAT07,Hardlines,2026-04-27,Post,17236.02,397
T1003,South,Control,CAT07,Hardlines,2026-05-04,Post,16939.89,485
T1003,South,Control,CAT07,Hardlines,2026-05-11,Post,18090.97,512
T1003,South,Control,CAT07,Hardlines,2026-05-18,Post,17107.91,444
T1003,South,Control,CAT07,Hardlines,2026-05-25,Post,15301.33,360
T1003,South,Control,CAT07,Hardlines,2026-06-01,Post,17743.22,461
T1003,South,Control,CAT07,Hardlines,2026-06-08,Post,19007.11,422
T1003,South,Control,CAT07,Hardlines,2026-06-15,Post,15405.13,598
T1003,South,Control,CAT07,Hardlines,2026-06-22,Post,17931.41,714
T1003,South,Control,CAT07,Hardlines,2026-06-29,Post,17423.36,388
T1003,South,Control,CAT08,Softlines,2026-01-05,Pre,13700.95,425
T1003,South,Control,CAT08,Softlines,2026-01-12,Pre,12676.99,307
T1003,South,Control,CAT08,Softlines,2026-01-19,Pre,13662.27,581
T1003,South,Control,CAT08,Softlines,2026-01-26,Pre,13602.89,335
T1003,South,Control,CAT08,Softlines,2026-02-02,Pre,13683.4,458
T1003,South,Control,CAT08,Softlines,2026-02-09,Pre,14549.99,326
T1003,South,Control,CAT08,Softlines,2026-02-16,Pre,12961.21,327
T1003,South,Control,CAT08,Softlines,2026-02-23,Pre,13274.55,497
T1003,South,Control,CAT08,Softlines,2026-03-02,Pre,13658.09,412
T1003,South,Control,CAT08,Softlines,2026-03-09,Pre,13406.35,380
T1003,South,Control,CAT08,Softlines,2026-03-16,Pre,13133.53,343
T1003,South,Control,CAT08,Softlines,2026-03-23,Pre,12580.64,467
T1003,South,Control,CAT08,Softlines,2026-03-30,Pre,13489.01,584
T1003,South,Control,CAT08,Softlines,2026-04-06,Post,12111.92,403
T1003,South,Control,CAT08,Softlines,2026-04-13,Post,11644.25,302
T1003,South,Control,CAT08,Softlines,2026-04-20,Post,12565.77,676
T1003,South,Control,CAT08,Softlines,2026-04-27,Post,14317.97,628
T1003,South,Control,CAT08,Softlines,2026-05-04,Post,13958.25,548
T1003,South,Control,CAT08,Softlines,2026-05-11,Post,14435.98,740
T1003,South,Control,CAT08,Softlines,2026-05-18,Post,13168.48,708
T1003,South,Control,CAT08,Softlines,2026-05-25,Post,14905.06,671
T1003,South,Control,CAT08,Softlines,2026-06-01,Post,12578.34,419
T1003,South,Control,CAT08,Softlines,2026-06-08,Post,12930.7,648
T1003,South,Control,CAT08,Softlines,2026-06-15,Post,15051.35,357
T1003,South,Control,CAT08,Softlines,2026-06-22,Post,14251.13,624
T1003,South,Control,CAT08,Softlines,2026-06-29,Post,14819.39,451
T1004,Northeast,Test,CAT01,Grocery & Essentials,2026-01-05,Pre,52413.28,1463
T1004,Northeast,Test,CAT01,Grocery & Essentials,2026-01-12,Pre,47456.59,1388
T1004,Northeast,Test,CAT01,Grocery & Essentials,2026-01-19,Pre,46083.16,1470
T1004,Northeast,Test,CAT01,Grocery & Essentials,2026-01-26,Pre,52544.96,1701
T1004,Northeast,Test,CAT01,Grocery & Essentials,2026-02-02,Pre,55196.08,2294
T1004,Northeast,Test,CAT01,Grocery & Essentials,2026-02-09,Pre,52942.79,1924
T1004,Northeast,Test,CAT01,Grocery & Essentials,2026-02-16,Pre,48966.29,2647
T1004,Northeast,Test,CAT01,Grocery & Essentials,2026-02-23,Pre,43643.94,1233
T1004,Northeast,Test,CAT01,Grocery & Essentials,2026-03-02,Pre,47183.64,1210
T1004,Northeast,Test,CAT01,Grocery & Essentials,2026-03-09,Pre,45583.78,1224
T1004,Northeast,Test,CAT01,Grocery & Essentials,2026-03-16,Pre,55058.51,1786
T1004,Northeast,Test,CAT01,Grocery & Essentials,2026-03-23,Pre,47467.44,1927
T1004,Northeast,Test,CAT01,Grocery & Essentials,2026-03-30,Pre,50803.91,2113
T1004,Northeast,Test,CAT01,Grocery & Essentials,2026-04-06,Post,46324.82,1587
T1004,Northeast,Test,CAT01,Grocery & Essentials,2026-04-13,Post,50521.46,1254
T1004,Northeast,Test,CAT01,Grocery & Essentials,2026-04-20,Post,50329.43,2147
T1004,Northeast,Test,CAT01,Grocery & Essentials,2026-04-27,Post,54778.04,2963
T1004,Northeast,Test,CAT01,Grocery & Essentials,2026-05-04,Post,55043.68,1259
T1004,Northeast,Test,CAT01,Grocery & Essentials,2026-05-11,Post,53074.9,1374
T1004,Northeast,Test,CAT01,Grocery & Essentials,2026-05-18,Post,51404.39,1210
T1004,Northeast,Test,CAT01,Grocery & Essentials,2026-05-25,Post,50435.56,1534
T1004,Northeast,Test,CAT01,Grocery & Essentials,2026-06-01,Post,55616.24,1358
T1004,Northeast,Test,CAT01,Grocery & Essentials,2026-06-08,Post,58223.41,1682
T1004,Northeast,Test,CAT01,Grocery & Essentials,2026-06-15,Post,51616.67,1543
T1004,Northeast,Test,CAT01,Grocery & Essentials,2026-06-22,Post,52938.0,1394
T1004,Northeast,Test,CAT01,Grocery & Essentials,2026-06-29,Post,50177.85,1330
T1004,Northeast,Test,CAT02,Apparel & Accessories,2026-01-05,Pre,18323.1,595
T1004,Northeast,Test,CAT02,Apparel & Accessories,2026-01-12,Pre,21173.37,801
T1004,Northeast,Test,CAT02,Apparel & Accessories,2026-01-19,Pre,20468.98,541
T1004,Northeast,Test,CAT02,Apparel & Accessories,2026-01-26,Pre,22723.83,1000
T1004,Northeast,Test,CAT02,Apparel & Accessories,2026-02-02,Pre,18920.93,619
T1004,Northeast,Test,CAT02,Apparel & Accessories,2026-02-09,Pre,20289.31,536
T1004,Northeast,Test,CAT02,Apparel & Accessories,2026-02-16,Pre,19629.97,476
T1004,Northeast,Test,CAT02,Apparel & Accessories,2026-02-23,Pre,21712.73,529
T1004,Northeast,Test,CAT02,Apparel & Accessories,2026-03-02,Pre,20812.33,599
T1004,Northeast,Test,CAT02,Apparel & Accessories,2026-03-09,Pre,19975.9,800
T1004,Northeast,Test,CAT02,Apparel & Accessories,2026-03-16,Pre,20125.01,450
T1004,Northeast,Test,CAT02,Apparel & Accessories,2026-03-23,Pre,21514.76,1055
T1004,Northeast,Test,CAT02,Apparel & Accessories,2026-03-30,Pre,21018.7,773
T1004,Northeast,Test,CAT02,Apparel & Accessories,2026-04-06,Post,20913.31,678
T1004,Northeast,Test,CAT02,Apparel & Accessories,2026-04-13,Post,22444.51,873
T1004,Northeast,Test,CAT02,Apparel & Accessories,2026-04-20,Post,19650.43,481
T1004,Northeast,Test,CAT02,Apparel & Accessories,2026-04-27,Post,22865.08,561
T1004,Northeast,Test,CAT02,Apparel & Accessories,2026-05-04,Post,24047.49,549
T1004,Northeast,Test,CAT02,Apparel & Accessories,2026-05-11,Post,22240.03,1052
T1004,Northeast,Test,CAT02,Apparel & Accessories,2026-05-18,Post,23041.67,738
T1004,Northeast,Test,CAT02,Apparel & Accessories,2026-05-25,Post,22430.76,1013
T1004,Northeast,Test,CAT02,Apparel & Accessories,2026-06-01,Post,21769.27,1129
T1004,Northeast,Test,CAT02,Apparel & Accessories,2026-06-08,Post,23418.06,1075
T1004,Northeast,Test,CAT02,Apparel & Accessories,2026-06-15,Post,22421.77,768
T1004,Northeast,Test,CAT02,Apparel & Accessories,2026-06-22,Post,22820.01,893
T1004,Northeast,Test,CAT02,Apparel & Accessories,2026-06-29,Post,23458.4,678
T1004,Northeast,Test,CAT03,Home,2026-01-05,Pre,23447.52,658
T1004,Northeast,Test,CAT03,Home,2026-01-12,Pre,22536.01,1226
T1004,Northeast,Test,CAT03,Home,2026-01-19,Pre,28957.99,954
T1004,Northeast,Test,CAT03,Home,2026-01-26,Pre,26498.53,664
T1004,Northeast,Test,CAT03,Home,2026-02-02,Pre,26346.41,815
T1004,Northeast,Test,CAT03,Home,2026-02-09,Pre,24940.69,1341
T1004,Northeast,Test,CAT03,Home,2026-02-16,Pre,26864.22,983
T1004,Northeast,Test,CAT03,Home,2026-02-23,Pre,25098.49,1212
T1004,Northeast,Test,CAT03,Home,2026-03-02,Pre,27433.63,631
T1004,Northeast,Test,CAT03,Home,2026-03-09,Pre,27241.48,795
T1004,Northeast,Test,CAT03,Home,2026-03-16,Pre,27075.8,1053
T1004,Northeast,Test,CAT03,Home,2026-03-23,Pre,27588.32,786
T1004,Northeast,Test,CAT03,Home,2026-03-30,Pre,26109.67,586
T1004,Northeast,Test,CAT03,Home,2026-04-06,Post,26359.61,878
T1004,Northeast,Test,CAT03,Home,2026-04-13,Post,28154.41,1281
T1004,Northeast,Test,CAT03,Home,2026-04-20,Post,24730.66,553
T1004,Northeast,Test,CAT03,Home,2026-04-27,Post,27349.75,905
T1004,Northeast,Test,CAT03,Home,2026-05-04,Post,29934.41,1119
T1004,Northeast,Test,CAT03,Home,2026-05-11,Post,25282.95,569
T1004,Northeast,Test,CAT03,Home,2026-05-18,Post,29125.73,1352
T1004,Northeast,Test,CAT03,Home,2026-05-25,Post,28256.9,893
T1004,Northeast,Test,CAT03,Home,2026-06-01,Post,26752.35,908
T1004,Northeast,Test,CAT03,Home,2026-06-08,Post,29091.51,921
T1004,Northeast,Test,CAT03,Home,2026-06-15,Post,26693.27,1068
T1004,Northeast,Test,CAT03,Home,2026-06-22,Post,28220.73,684
T1004,Northeast,Test,CAT03,Home,2026-06-29,Post,25530.36,999
T1004,Northeast,Test,CAT04,Electronics,2026-01-05,Pre,14429.01,505
T1004,Northeast,Test,CAT04,Electronics,2026-01-12,Pre,17120.02,385
T1004,Northeast,Test,CAT04,Electronics,2026-01-19,Pre,17169.08,656
T1004,Northeast,Test,CAT04,Electronics,2026-01-26,Pre,17357.88,607
T1004,Northeast,Test,CAT04,Electronics,2026-02-02,Pre,18849.02,518
T1004,Northeast,Test,CAT04,Electronics,2026-02-09,Pre,19250.39,531
T1004,Northeast,Test,CAT04,Electronics,2026-02-16,Pre,18438.18,668
T1004,Northeast,Test,CAT04,Electronics,2026-02-23,Pre,18974.15,507
T1004,Northeast,Test,CAT04,Electronics,2026-03-02,Pre,17233.79,620
T1004,Northeast,Test,CAT04,Electronics,2026-03-09,Pre,17005.18,508
T1004,Northeast,Test,CAT04,Electronics,2026-03-16,Pre,18987.43,448
T1004,Northeast,Test,CAT04,Electronics,2026-03-23,Pre,16970.66,890
T1004,Northeast,Test,CAT04,Electronics,2026-03-30,Pre,16904.0,791
T1004,Northeast,Test,CAT04,Electronics,2026-04-06,Post,25634.85,644
T1004,Northeast,Test,CAT04,Electronics,2026-04-13,Post,19528.86,525
T1004,Northeast,Test,CAT04,Electronics,2026-04-20,Post,18938.22,695
T1004,Northeast,Test,CAT04,Electronics,2026-04-27,Post,22025.95,679
T1004,Northeast,Test,CAT04,Electronics,2026-05-04,Post,21758.46,1183
T1004,Northeast,Test,CAT04,Electronics,2026-05-11,Post,22245.81,1166
T1004,Northeast,Test,CAT04,Electronics,2026-05-18,Post,18494.02,728
T1004,Northeast,Test,CAT04,Electronics,2026-05-25,Post,21068.94,746
T1004,Northeast,Test,CAT04,Electronics,2026-06-01,Post,20641.98,768
T1004,Northeast,Test,CAT04,Electronics,2026-06-08,Post,22735.07,969
T1004,Northeast,Test,CAT04,Electronics,2026-06-15,Post,22803.51,529
T1004,Northeast,Test,CAT04,Electronics,2026-06-22,Post,21626.23,816
T1004,Northeast,Test,CAT04,Electronics,2026-06-29,Post,22965.14,562
T1004,Northeast,Test,CAT05,Beauty & Personal Care,2026-01-05,Pre,14244.07,479
T1004,Northeast,Test,CAT05,Beauty & Personal Care,2026-01-12,Pre,14264.06,358
T1004,Northeast,Test,CAT05,Beauty & Personal Care,2026-01-19,Pre,15093.92,350
T1004,Northeast,Test,CAT05,Beauty & Personal Care,2026-01-26,Pre,12475.33,278
T1004,Northeast,Test,CAT05,Beauty & Personal Care,2026-02-02,Pre,14597.23,711
T1004,Northeast,Test,CAT05,Beauty & Personal Care,2026-02-09,Pre,13676.72,722
T1004,Northeast,Test,CAT05,Beauty & Personal Care,2026-02-16,Pre,14169.57,358
T1004,Northeast,Test,CAT05,Beauty & Personal Care,2026-02-23,Pre,15931.74,387
T1004,Northeast,Test,CAT05,Beauty & Personal Care,2026-03-02,Pre,13751.64,540
T1004,Northeast,Test,CAT05,Beauty & Personal Care,2026-03-09,Pre,15021.52,784
T1004,Northeast,Test,CAT05,Beauty & Personal Care,2026-03-16,Pre,15614.62,620
T1004,Northeast,Test,CAT05,Beauty & Personal Care,2026-03-23,Pre,15239.56,516
T1004,Northeast,Test,CAT05,Beauty & Personal Care,2026-03-30,Pre,14856.16,587
T1004,Northeast,Test,CAT05,Beauty & Personal Care,2026-04-06,Post,15071.26,510
T1004,Northeast,Test,CAT05,Beauty & Personal Care,2026-04-13,Post,15483.33,490
T1004,Northeast,Test,CAT05,Beauty & Personal Care,2026-04-20,Post,14113.26,565
T1004,Northeast,Test,CAT05,Beauty & Personal Care,2026-04-27,Post,14987.61,678
T1004,Northeast,Test,CAT05,Beauty & Personal Care,2026-05-04,Post,17401.73,522
T1004,Northeast,Test,CAT05,Beauty & Personal Care,2026-05-11,Post,15577.22,387
T1004,Northeast,Test,CAT05,Beauty & Personal Care,2026-05-18,Post,15290.61,346
T1004,Northeast,Test,CAT05,Beauty & Personal Care,2026-05-25,Post,14839.52,336
T1004,Northeast,Test,CAT05,Beauty & Personal Care,2026-06-01,Post,14443.86,661
T1004,Northeast,Test,CAT05,Beauty & Personal Care,2026-06-08,Post,15623.38,691
T1004,Northeast,Test,CAT05,Beauty & Personal Care,2026-06-15,Post,15756.51,466
T1004,Northeast,Test,CAT05,Beauty & Personal Care,2026-06-22,Post,15365.88,356
T1004,Northeast,Test,CAT05,Beauty & Personal Care,2026-06-29,Post,18463.75,555
T1004,Northeast,Test,CAT06,Toys,2026-01-05,Pre,10052.22,513
T1004,Northeast,Test,CAT06,Toys,2026-01-12,Pre,9926.38,247
T1004,Northeast,Test,CAT06,Toys,2026-01-19,Pre,10397.87,326
T1004,Northeast,Test,CAT06,Toys,2026-01-26,Pre,10664.74,297
T1004,Northeast,Test,CAT06,Toys,2026-02-02,Pre,10117.25,233
T1004,Northeast,Test,CAT06,Toys,2026-02-09,Pre,10966.57,476
T1004,Northeast,Test,CAT06,Toys,2026-02-16,Pre,11091.7,327
T1004,Northeast,Test,CAT06,Toys,2026-02-23,Pre,11397.78,380
T1004,Northeast,Test,CAT06,Toys,2026-03-02,Pre,10525.25,505
T1004,Northeast,Test,CAT06,Toys,2026-03-09,Pre,11965.24,385
T1004,Northeast,Test,CAT06,Toys,2026-03-16,Pre,11474.97,563
T1004,Northeast,Test,CAT06,Toys,2026-03-23,Pre,13226.89,306
T1004,Northeast,Test,CAT06,Toys,2026-03-30,Pre,10520.05,397
T1004,Northeast,Test,CAT06,Toys,2026-04-06,Post,10472.56,346
T1004,Northeast,Test,CAT06,Toys,2026-04-13,Post,10943.65,473
T1004,Northeast,Test,CAT06,Toys,2026-04-20,Post,11483.61,462
T1004,Northeast,Test,CAT06,Toys,2026-04-27,Post,11642.04,587
T1004,Northeast,Test,CAT06,Toys,2026-05-04,Post,11782.33,330
T1004,Northeast,Test,CAT06,Toys,2026-05-11,Post,13032.36,365
T1004,Northeast,Test,CAT06,Toys,2026-05-18,Post,9904.89,226
T1004,Northeast,Test,CAT06,Toys,2026-05-25,Post,10039.32,240
T1004,Northeast,Test,CAT06,Toys,2026-06-01,Post,11376.67,426
T1004,Northeast,Test,CAT06,Toys,2026-06-08,Post,13138.01,404
T1004,Northeast,Test,CAT06,Toys,2026-06-15,Post,12146.7,618
T1004,Northeast,Test,CAT06,Toys,2026-06-22,Post,10790.12,433
T1004,Northeast,Test,CAT06,Toys,2026-06-29,Post,11784.88,505
T1004,Northeast,Test,CAT07,Hardlines,2026-01-05,Pre,16258.25,465
T1004,Northeast,Test,CAT07,Hardlines,2026-01-12,Pre,16282.96,595
T1004,Northeast,Test,CAT07,Hardlines,2026-01-19,Pre,15970.95,411
T1004,Northeast,Test,CAT07,Hardlines,2026-01-26,Pre,16769.59,495
T1004,Northeast,Test,CAT07,Hardlines,2026-02-02,Pre,17995.29,560
T1004,Northeast,Test,CAT07,Hardlines,2026-02-09,Pre,16259.11,412
T1004,Northeast,Test,CAT07,Hardlines,2026-02-16,Pre,17582.24,594
T1004,Northeast,Test,CAT07,Hardlines,2026-02-23,Pre,17863.67,400
T1004,Northeast,Test,CAT07,Hardlines,2026-03-02,Pre,18529.47,903
T1004,Northeast,Test,CAT07,Hardlines,2026-03-09,Pre,16024.25,748
T1004,Northeast,Test,CAT07,Hardlines,2026-03-16,Pre,17138.24,540
T1004,Northeast,Test,CAT07,Hardlines,2026-03-23,Pre,16409.3,395
T1004,Northeast,Test,CAT07,Hardlines,2026-03-30,Pre,17368.4,502
T1004,Northeast,Test,CAT07,Hardlines,2026-04-06,Post,17426.59,427
T1004,Northeast,Test,CAT07,Hardlines,2026-04-13,Post,16049.71,845
T1004,Northeast,Test,CAT07,Hardlines,2026-04-20,Post,17638.44,739
T1004,Northeast,Test,CAT07,Hardlines,2026-04-27,Post,20200.64,568
T1004,Northeast,Test,CAT07,Hardlines,2026-05-04,Post,18182.91,787
T1004,Northeast,Test,CAT07,Hardlines,2026-05-11,Post,16061.52,434
T1004,Northeast,Test,CAT07,Hardlines,2026-05-18,Post,16572.18,807
T1004,Northeast,Test,CAT07,Hardlines,2026-05-25,Post,17734.69,459
T1004,Northeast,Test,CAT07,Hardlines,2026-06-01,Post,16721.6,645
T1004,Northeast,Test,CAT07,Hardlines,2026-06-08,Post,19456.8,524
T1004,Northeast,Test,CAT07,Hardlines,2026-06-15,Post,16226.79,616
T1004,Northeast,Test,CAT07,Hardlines,2026-06-22,Post,18668.73,979
T1004,Northeast,Test,CAT07,Hardlines,2026-06-29,Post,16106.68,840
T1004,Northeast,Test,CAT08,Softlines,2026-01-05,Pre,12888.09,341
T1004,Northeast,Test,CAT08,Softlines,2026-01-12,Pre,12046.86,313
T1004,Northeast,Test,CAT08,Softlines,2026-01-19,Pre,13657.46,438
T1004,Northeast,Test,CAT08,Softlines,2026-01-26,Pre,14040.35,524
T1004,Northeast,Test,CAT08,Softlines,2026-02-02,Pre,13450.11,453
T1004,Northeast,Test,CAT08,Softlines,2026-02-09,Pre,14198.27,336
T1004,Northeast,Test,CAT08,Softlines,2026-02-16,Pre,11043.51,548
T1004,Northeast,Test,CAT08,Softlines,2026-02-23,Pre,13428.56,586
T1004,Northeast,Test,CAT08,Softlines,2026-03-02,Pre,13798.02,535
T1004,Northeast,Test,CAT08,Softlines,2026-03-09,Pre,13974.26,361
T1004,Northeast,Test,CAT08,Softlines,2026-03-16,Pre,11716.15,273
T1004,Northeast,Test,CAT08,Softlines,2026-03-23,Pre,13900.56,701
T1004,Northeast,Test,CAT08,Softlines,2026-03-30,Pre,14157.79,702
T1004,Northeast,Test,CAT08,Softlines,2026-04-06,Post,13731.26,307
T1004,Northeast,Test,CAT08,Softlines,2026-04-13,Post,12439.84,532
T1004,Northeast,Test,CAT08,Softlines,2026-04-20,Post,13189.23,419
T1004,Northeast,Test,CAT08,Softlines,2026-04-27,Post,14955.92,530
T1004,Northeast,Test,CAT08,Softlines,2026-05-04,Post,14886.11,684
T1004,Northeast,Test,CAT08,Softlines,2026-05-11,Post,14314.33,390
T1004,Northeast,Test,CAT08,Softlines,2026-05-18,Post,14600.57,521
T1004,Northeast,Test,CAT08,Softlines,2026-05-25,Post,14922.37,751
T1004,Northeast,Test,CAT08,Softlines,2026-06-01,Post,14462.89,727
T1004,Northeast,Test,CAT08,Softlines,2026-06-08,Post,15261.2,592
T1004,Northeast,Test,CAT08,Softlines,2026-06-15,Post,15279.97,771
T1004,Northeast,Test,CAT08,Softlines,2026-06-22,Post,16733.06,412
T1004,Northeast,Test,CAT08,Softlines,2026-06-29,Post,13725.93,736
T1005,West,Control,CAT01,Grocery & Essentials,2026-01-05,Pre,34173.27,1404
T1005,West,Control,CAT01,Grocery & Essentials,2026-01-12,Pre,35476.17,1202
T1005,West,Control,CAT01,Grocery & Essentials,2026-01-19,Pre,35467.02,1136
T1005,West,Control,CAT01,Grocery & Essentials,2026-01-26,Pre,36915.63,825
T1005,West,Control,CAT01,Grocery & Essentials,2026-02-02,Pre,37704.44,932
T1005,West,Control,CAT01,Grocery & Essentials,2026-02-09,Pre,37899.26,1226
T1005,West,Control,CAT01,Grocery & Essentials,2026-02-16,Pre,37464.55,1041
T1005,West,Control,CAT01,Grocery & Essentials,2026-02-23,Pre,38424.91,1530
T1005,West,Control,CAT01,Grocery & Essentials,2026-03-02,Pre,38676.17,1386
T1005,West,Control,CAT01,Grocery & Essentials,2026-03-09,Pre,37041.12,1215
T1005,West,Control,CAT01,Grocery & Essentials,2026-03-16,Pre,41238.55,1571
T1005,West,Control,CAT01,Grocery & Essentials,2026-03-23,Pre,38078.5,1366
T1005,West,Control,CAT01,Grocery & Essentials,2026-03-30,Pre,39574.49,952
T1005,West,Control,CAT01,Grocery & Essentials,2026-04-06,Post,42283.75,1956
T1005,West,Control,CAT01,Grocery & Essentials,2026-04-13,Post,41177.67,1007
T1005,West,Control,CAT01,Grocery & Essentials,2026-04-20,Post,34432.22,1560
T1005,West,Control,CAT01,Grocery & Essentials,2026-04-27,Post,38684.96,2006
T1005,West,Control,CAT01,Grocery & Essentials,2026-05-04,Post,39152.61,876
T1005,West,Control,CAT01,Grocery & Essentials,2026-05-11,Post,41349.94,1082
T1005,West,Control,CAT01,Grocery & Essentials,2026-05-18,Post,41530.06,1221
T1005,West,Control,CAT01,Grocery & Essentials,2026-05-25,Post,38835.6,1402
T1005,West,Control,CAT01,Grocery & Essentials,2026-06-01,Post,38983.54,1144
T1005,West,Control,CAT01,Grocery & Essentials,2026-06-08,Post,36959.09,1480
T1005,West,Control,CAT01,Grocery & Essentials,2026-06-15,Post,37869.49,1774
T1005,West,Control,CAT01,Grocery & Essentials,2026-06-22,Post,42037.83,1232
T1005,West,Control,CAT01,Grocery & Essentials,2026-06-29,Post,41832.47,1091
T1005,West,Control,CAT02,Apparel & Accessories,2026-01-05,Pre,15834.75,398
T1005,West,Control,CAT02,Apparel & Accessories,2026-01-12,Pre,13281.21,402
T1005,West,Control,CAT02,Apparel & Accessories,2026-01-19,Pre,16100.77,598
T1005,West,Control,CAT02,Apparel & Accessories,2026-01-26,Pre,17544.76,481
T1005,West,Control,CAT02,Apparel & Accessories,2026-02-02,Pre,14760.05,504
T1005,West,Control,CAT02,Apparel & Accessories,2026-02-09,Pre,16466.79,528
T1005,West,Control,CAT02,Apparel & Accessories,2026-02-16,Pre,17650.66,723
T1005,West,Control,CAT02,Apparel & Accessories,2026-02-23,Pre,15620.24,788
T1005,West,Control,CAT02,Apparel & Accessories,2026-03-02,Pre,17008.68,796
T1005,West,Control,CAT02,Apparel & Accessories,2026-03-09,Pre,15910.97,411
T1005,West,Control,CAT02,Apparel & Accessories,2026-03-16,Pre,18054.72,426
T1005,West,Control,CAT02,Apparel & Accessories,2026-03-23,Pre,13521.78,681
T1005,West,Control,CAT02,Apparel & Accessories,2026-03-30,Pre,15567.53,444
T1005,West,Control,CAT02,Apparel & Accessories,2026-04-06,Post,16331.21,404
T1005,West,Control,CAT02,Apparel & Accessories,2026-04-13,Post,17405.89,514
T1005,West,Control,CAT02,Apparel & Accessories,2026-04-20,Post,15956.71,433
T1005,West,Control,CAT02,Apparel & Accessories,2026-04-27,Post,15904.0,469
T1005,West,Control,CAT02,Apparel & Accessories,2026-05-04,Post,17461.48,585
T1005,West,Control,CAT02,Apparel & Accessories,2026-05-11,Post,16690.57,371
T1005,West,Control,CAT02,Apparel & Accessories,2026-05-18,Post,17636.29,751
T1005,West,Control,CAT02,Apparel & Accessories,2026-05-25,Post,17232.88,555
T1005,West,Control,CAT02,Apparel & Accessories,2026-06-01,Post,15556.15,804
T1005,West,Control,CAT02,Apparel & Accessories,2026-06-08,Post,16775.17,497
T1005,West,Control,CAT02,Apparel & Accessories,2026-06-15,Post,17758.54,496
T1005,West,Control,CAT02,Apparel & Accessories,2026-06-22,Post,18292.7,517
T1005,West,Control,CAT02,Apparel & Accessories,2026-06-29,Post,16341.72,468
T1005,West,Control,CAT03,Home,2026-01-05,Pre,19859.27,577
T1005,West,Control,CAT03,Home,2026-01-12,Pre,16955.65,668
T1005,West,Control,CAT03,Home,2026-01-19,Pre,18764.7,451
T1005,West,Control,CAT03,Home,2026-01-26,Pre,18594.22,909
T1005,West,Control,CAT03,Home,2026-02-02,Pre,21534.25,897
T1005,West,Control,CAT03,Home,2026-02-09,Pre,17506.83,433
T1005,West,Control,CAT03,Home,2026-02-16,Pre,21404.26,630
T1005,West,Control,CAT03,Home,2026-02-23,Pre,18755.82,624
T1005,West,Control,CAT03,Home,2026-03-02,Pre,16491.32,439
T1005,West,Control,CAT03,Home,2026-03-09,Pre,19388.18,693
T1005,West,Control,CAT03,Home,2026-03-16,Pre,19247.64,880
T1005,West,Control,CAT03,Home,2026-03-23,Pre,21511.25,766
T1005,West,Control,CAT03,Home,2026-03-30,Pre,19198.07,606
T1005,West,Control,CAT03,Home,2026-04-06,Post,22643.62,1085
T1005,West,Control,CAT03,Home,2026-04-13,Post,21608.64,539
T1005,West,Control,CAT03,Home,2026-04-20,Post,20380.12,524
T1005,West,Control,CAT03,Home,2026-04-27,Post,18949.24,902
T1005,West,Control,CAT03,Home,2026-05-04,Post,17995.83,409
T1005,West,Control,CAT03,Home,2026-05-11,Post,20860.01,1076
T1005,West,Control,CAT03,Home,2026-05-18,Post,20353.87,486
T1005,West,Control,CAT03,Home,2026-05-25,Post,21441.07,651
T1005,West,Control,CAT03,Home,2026-06-01,Post,21764.58,542
T1005,West,Control,CAT03,Home,2026-06-08,Post,24554.8,1298
T1005,West,Control,CAT03,Home,2026-06-15,Post,20177.4,462
T1005,West,Control,CAT03,Home,2026-06-22,Post,22121.82,868
T1005,West,Control,CAT03,Home,2026-06-29,Post,20405.95,470
T1005,West,Control,CAT04,Electronics,2026-01-05,Pre,12261.63,378
T1005,West,Control,CAT04,Electronics,2026-01-12,Pre,13149.65,431
T1005,West,Control,CAT04,Electronics,2026-01-19,Pre,12564.51,591
T1005,West,Control,CAT04,Electronics,2026-01-26,Pre,11404.67,469
T1005,West,Control,CAT04,Electronics,2026-02-02,Pre,12008.32,547
T1005,West,Control,CAT04,Electronics,2026-02-09,Pre,12171.1,370
T1005,West,Control,CAT04,Electronics,2026-02-16,Pre,12605.82,562
T1005,West,Control,CAT04,Electronics,2026-02-23,Pre,14618.74,523
T1005,West,Control,CAT04,Electronics,2026-03-02,Pre,13447.3,315
T1005,West,Control,CAT04,Electronics,2026-03-09,Pre,13075.27,306
T1005,West,Control,CAT04,Electronics,2026-03-16,Pre,14089.78,348
T1005,West,Control,CAT04,Electronics,2026-03-23,Pre,13623.02,392
T1005,West,Control,CAT04,Electronics,2026-03-30,Pre,13842.53,377
T1005,West,Control,CAT04,Electronics,2026-04-06,Post,13424.01,306
T1005,West,Control,CAT04,Electronics,2026-04-13,Post,12896.66,329
T1005,West,Control,CAT04,Electronics,2026-04-20,Post,13761.97,750
T1005,West,Control,CAT04,Electronics,2026-04-27,Post,13737.81,433
T1005,West,Control,CAT04,Electronics,2026-05-04,Post,14725.8,541
T1005,West,Control,CAT04,Electronics,2026-05-11,Post,13950.56,315
T1005,West,Control,CAT04,Electronics,2026-05-18,Post,13316.85,500
T1005,West,Control,CAT04,Electronics,2026-05-25,Post,13307.1,407
T1005,West,Control,CAT04,Electronics,2026-06-01,Post,16292.23,460
T1005,West,Control,CAT04,Electronics,2026-06-08,Post,11987.61,466
T1005,West,Control,CAT04,Electronics,2026-06-15,Post,15438.68,826
T1005,West,Control,CAT04,Electronics,2026-06-22,Post,14513.69,475
T1005,West,Control,CAT04,Electronics,2026-06-29,Post,14802.72,426
T1005,West,Control,CAT05,Beauty & Personal Care,2026-01-05,Pre,11082.65,290
T1005,West,Control,CAT05,Beauty & Personal Care,2026-01-12,Pre,10716.72,312
T1005,West,Control,CAT05,Beauty & Personal Care,2026-01-19,Pre,10270.16,537
T1005,West,Control,CAT05,Beauty & Personal Care,2026-01-26,Pre,11796.41,330
T1005,West,Control,CAT05,Beauty & Personal Care,2026-02-02,Pre,11175.15,606
T1005,West,Control,CAT05,Beauty & Personal Care,2026-02-09,Pre,10184.71,266
T1005,West,Control,CAT05,Beauty & Personal Care,2026-02-16,Pre,11734.19,358
T1005,West,Control,CAT05,Beauty & Personal Care,2026-02-23,Pre,9421.68,255
T1005,West,Control,CAT05,Beauty & Personal Care,2026-03-02,Pre,12086.35,567
T1005,West,Control,CAT05,Beauty & Personal Care,2026-03-09,Pre,11197.76,598
T1005,West,Control,CAT05,Beauty & Personal Care,2026-03-16,Pre,9464.19,471
T1005,West,Control,CAT05,Beauty & Personal Care,2026-03-23,Pre,11389.92,629
T1005,West,Control,CAT05,Beauty & Personal Care,2026-03-30,Pre,10628.6,393
T1005,West,Control,CAT05,Beauty & Personal Care,2026-04-06,Post,10538.38,349
T1005,West,Control,CAT05,Beauty & Personal Care,2026-04-13,Post,11412.93,294
T1005,West,Control,CAT05,Beauty & Personal Care,2026-04-20,Post,11149.68,313
T1005,West,Control,CAT05,Beauty & Personal Care,2026-04-27,Post,11889.83,278
T1005,West,Control,CAT05,Beauty & Personal Care,2026-05-04,Post,9857.99,340
T1005,West,Control,CAT05,Beauty & Personal Care,2026-05-11,Post,11655.43,266
T1005,West,Control,CAT05,Beauty & Personal Care,2026-05-18,Post,11523.63,319
T1005,West,Control,CAT05,Beauty & Personal Care,2026-05-25,Post,11865.4,309
T1005,West,Control,CAT05,Beauty & Personal Care,2026-06-01,Post,10902.29,497
T1005,West,Control,CAT05,Beauty & Personal Care,2026-06-08,Post,12931.21,532
T1005,West,Control,CAT05,Beauty & Personal Care,2026-06-15,Post,11768.25,428
T1005,West,Control,CAT05,Beauty & Personal Care,2026-06-22,Post,11325.65,282
T1005,West,Control,CAT05,Beauty & Personal Care,2026-06-29,Post,9782.06,251
T1005,West,Control,CAT06,Toys,2026-01-05,Pre,7601.63,242
T1005,West,Control,CAT06,Toys,2026-01-12,Pre,8301.41,201
T1005,West,Control,CAT06,Toys,2026-01-19,Pre,8692.96,205
T1005,West,Control,CAT06,Toys,2026-01-26,Pre,7928.57,180
T1005,West,Control,CAT06,Toys,2026-02-02,Pre,8868.73,205
T1005,West,Control,CAT06,Toys,2026-02-09,Pre,7440.58,253
T1005,West,Control,CAT06,Toys,2026-02-16,Pre,8242.84,302
T1005,West,Control,CAT06,Toys,2026-02-23,Pre,8291.81,338
T1005,West,Control,CAT06,Toys,2026-03-02,Pre,8420.3,268
T1005,West,Control,CAT06,Toys,2026-03-09,Pre,8194.11,234
T1005,West,Control,CAT06,Toys,2026-03-16,Pre,8338.52,281
T1005,West,Control,CAT06,Toys,2026-03-23,Pre,7602.96,321
T1005,West,Control,CAT06,Toys,2026-03-30,Pre,8970.44,384
T1005,West,Control,CAT06,Toys,2026-04-06,Post,8772.15,227
T1005,West,Control,CAT06,Toys,2026-04-13,Post,8442.87,204
T1005,West,Control,CAT06,Toys,2026-04-20,Post,8854.13,211
T1005,West,Control,CAT06,Toys,2026-04-27,Post,9129.39,230
T1005,West,Control,CAT06,Toys,2026-05-04,Post,8704.83,213
T1005,West,Control,CAT06,Toys,2026-05-11,Post,9636.66,328
T1005,West,Control,CAT06,Toys,2026-05-18,Post,8822.28,231
T1005,West,Control,CAT06,Toys,2026-05-25,Post,7948.42,184
T1005,West,Control,CAT06,Toys,2026-06-01,Post,8635.37,259
T1005,West,Control,CAT06,Toys,2026-06-08,Post,9114.14,378
T1005,West,Control,CAT06,Toys,2026-06-15,Post,9370.33,326
T1005,West,Control,CAT06,Toys,2026-06-22,Post,8681.73,352
T1005,West,Control,CAT06,Toys,2026-06-29,Post,8050.64,202
T1005,West,Control,CAT07,Hardlines,2026-01-05,Pre,11980.83,602
T1005,West,Control,CAT07,Hardlines,2026-01-12,Pre,11060.27,361
T1005,West,Control,CAT07,Hardlines,2026-01-19,Pre,12951.17,430
T1005,West,Control,CAT07,Hardlines,2026-01-26,Pre,11956.17,388
T1005,West,Control,CAT07,Hardlines,2026-02-02,Pre,11755.68,372
T1005,West,Control,CAT07,Hardlines,2026-02-09,Pre,13197.86,329
T1005,West,Control,CAT07,Hardlines,2026-02-16,Pre,13882.66,510
T1005,West,Control,CAT07,Hardlines,2026-02-23,Pre,11890.93,289
T1005,West,Control,CAT07,Hardlines,2026-03-02,Pre,12722.23,377
T1005,West,Control,CAT07,Hardlines,2026-03-09,Pre,12448.58,327
T1005,West,Control,CAT07,Hardlines,2026-03-16,Pre,13930.51,385
T1005,West,Control,CAT07,Hardlines,2026-03-23,Pre,12644.76,397
T1005,West,Control,CAT07,Hardlines,2026-03-30,Pre,11852.12,418
T1005,West,Control,CAT07,Hardlines,2026-04-06,Post,12784.38,286
T1005,West,Control,CAT07,Hardlines,2026-04-13,Post,13912.45,737
T1005,West,Control,CAT07,Hardlines,2026-04-20,Post,12683.95,305
T1005,West,Control,CAT07,Hardlines,2026-04-27,Post,12395.93,382
T1005,West,Control,CAT07,Hardlines,2026-05-04,Post,12894.15,322
T1005,West,Control,CAT07,Hardlines,2026-05-11,Post,12150.34,396
T1005,West,Control,CAT07,Hardlines,2026-05-18,Post,12928.04,534
T1005,West,Control,CAT07,Hardlines,2026-05-25,Post,12648.04,357
T1005,West,Control,CAT07,Hardlines,2026-06-01,Post,15373.88,623
T1005,West,Control,CAT07,Hardlines,2026-06-08,Post,11461.11,277
T1005,West,Control,CAT07,Hardlines,2026-06-15,Post,12497.77,395
T1005,West,Control,CAT07,Hardlines,2026-06-22,Post,12768.06,696
T1005,West,Control,CAT07,Hardlines,2026-06-29,Post,12473.59,391
T1005,West,Control,CAT08,Softlines,2026-01-05,Pre,9845.34,356
T1005,West,Control,CAT08,Softlines,2026-01-12,Pre,9113.35,404
T1005,West,Control,CAT08,Softlines,2026-01-19,Pre,8658.88,220
T1005,West,Control,CAT08,Softlines,2026-01-26,Pre,9739.66,340
T1005,West,Control,CAT08,Softlines,2026-02-02,Pre,9513.3,526
T1005,West,Control,CAT08,Softlines,2026-02-09,Pre,9288.81,281
T1005,West,Control,CAT08,Softlines,2026-02-16,Pre,10756.33,424
T1005,West,Control,CAT08,Softlines,2026-02-23,Pre,10145.31,443
T1005,West,Control,CAT08,Softlines,2026-03-02,Pre,10102.24,272
T1005,West,Control,CAT08,Softlines,2026-03-09,Pre,10240.5,499
T1005,West,Control,CAT08,Softlines,2026-03-16,Pre,10242.05,450
T1005,West,Control,CAT08,Softlines,2026-03-23,Pre,9810.2,353
T1005,West,Control,CAT08,Softlines,2026-03-30,Pre,9519.72,403
T1005,West,Control,CAT08,Softlines,2026-04-06,Post,10140.35,322
T1005,West,Control,CAT08,Softlines,2026-04-13,Post,9910.14,411
T1005,West,Control,CAT08,Softlines,2026-04-20,Post,8764.95,215
T1005,West,Control,CAT08,Softlines,2026-04-27,Post,9422.0,225
T1005,West,Control,CAT08,Softlines,2026-05-04,Post,9932.88,239
T1005,West,Control,CAT08,Softlines,2026-05-11,Post,10915.57,301
T1005,West,Control,CAT08,Softlines,2026-05-18,Post,10374.9,291
T1005,West,Control,CAT08,Softlines,2026-05-25,Post,9686.39,467
T1005,West,Control,CAT08,Softlines,2026-06-01,Post,9541.15,478
T1005,West,Control,CAT08,Softlines,2026-06-08,Post,11246.98,374
T1005,West,Control,CAT08,Softlines,2026-06-15,Post,10294.35,252
T1005,West,Control,CAT08,Softlines,2026-06-22,Post,8365.67,373
T1005,West,Control,CAT08,Softlines,2026-06-29,Post,10415.97,248
T1006,South,Test,CAT01,Grocery & Essentials,2026-01-05,Pre,52812.93,1915
T1006,South,Test,CAT01,Grocery & Essentials,2026-01-12,Pre,52775.56,1655
T1006,South,Test,CAT01,Grocery & Essentials,2026-01-19,Pre,53946.08,2491
T1006,South,Test,CAT01,Grocery & Essentials,2026-01-26,Pre,57636.91,2772
T1006,South,Test,CAT01,Grocery & Essentials,2026-02-02,Pre,54603.66,1986
T1006,South,Test,CAT01,Grocery & Essentials,2026-02-09,Pre,47577.25,1297
T1006,South,Test,CAT01,Grocery & Essentials,2026-02-16,Pre,52137.29,1601
T1006,South,Test,CAT01,Grocery & Essentials,2026-02-23,Pre,51120.6,1799
T1006,South,Test,CAT01,Grocery & Essentials,2026-03-02,Pre,61851.43,3088
T1006,South,Test,CAT01,Grocery & Essentials,2026-03-09,Pre,50498.9,1130
T1006,South,Test,CAT01,Grocery & Essentials,2026-03-16,Pre,61890.92,1839
T1006,South,Test,CAT01,Grocery & Essentials,2026-03-23,Pre,55327.32,2009
T1006,South,Test,CAT01,Grocery & Essentials,2026-03-30,Pre,51960.87,1339
T1006,South,Test,CAT01,Grocery & Essentials,2026-04-06,Post,65462.28,2091
T1006,South,Test,CAT01,Grocery & Essentials,2026-04-13,Post,52716.55,1546
T1006,South,Test,CAT01,Grocery & Essentials,2026-04-20,Post,53000.6,2153
T1006,South,Test,CAT01,Grocery & Essentials,2026-04-27,Post,60519.96,1603
T1006,South,Test,CAT01,Grocery & Essentials,2026-05-04,Post,60852.83,2707
T1006,South,Test,CAT01,Grocery & Essentials,2026-05-11,Post,56248.91,1352
T1006,South,Test,CAT01,Grocery & Essentials,2026-05-18,Post,52918.96,2773
T1006,South,Test,CAT01,Grocery & Essentials,2026-05-25,Post,55758.13,1685
T1006,South,Test,CAT01,Grocery & Essentials,2026-06-01,Post,58009.17,1700
T1006,South,Test,CAT01,Grocery & Essentials,2026-06-08,Post,52920.47,1232
T1006,South,Test,CAT01,Grocery & Essentials,2026-06-15,Post,59320.63,1632
T1006,South,Test,CAT01,Grocery & Essentials,2026-06-22,Post,61739.18,1409
T1006,South,Test,CAT01,Grocery & Essentials,2026-06-29,Post,51789.76,1364
T1006,South,Test,CAT02,Apparel & Accessories,2026-01-05,Pre,24169.33,1009
T1006,South,Test,CAT02,Apparel & Accessories,2026-01-12,Pre,21734.37,573
T1006,South,Test,CAT02,Apparel & Accessories,2026-01-19,Pre,25749.04,853
T1006,South,Test,CAT02,Apparel & Accessories,2026-01-26,Pre,24267.18,601
T1006,South,Test,CAT02,Apparel & Accessories,2026-02-02,Pre,24050.48,680
T1006,South,Test,CAT02,Apparel & Accessories,2026-02-09,Pre,22942.22,906
T1006,South,Test,CAT02,Apparel & Accessories,2026-02-16,Pre,27596.4,1434
T1006,South,Test,CAT02,Apparel & Accessories,2026-02-23,Pre,22630.9,762
T1006,South,Test,CAT02,Apparel & Accessories,2026-03-02,Pre,21819.75,886
T1006,South,Test,CAT02,Apparel & Accessories,2026-03-09,Pre,22481.51,663
T1006,South,Test,CAT02,Apparel & Accessories,2026-03-16,Pre,25429.05,1288
T1006,South,Test,CAT02,Apparel & Accessories,2026-03-23,Pre,23911.43,848
T1006,South,Test,CAT02,Apparel & Accessories,2026-03-30,Pre,23751.14,801
T1006,South,Test,CAT02,Apparel & Accessories,2026-04-06,Post,23183.24,869
T1006,South,Test,CAT02,Apparel & Accessories,2026-04-13,Post,23844.83,549
T1006,South,Test,CAT02,Apparel & Accessories,2026-04-20,Post,23246.73,783
T1006,South,Test,CAT02,Apparel & Accessories,2026-04-27,Post,25354.33,868
T1006,South,Test,CAT02,Apparel & Accessories,2026-05-04,Post,23862.37,897
T1006,South,Test,CAT02,Apparel & Accessories,2026-05-11,Post,23292.61,797
T1006,South,Test,CAT02,Apparel & Accessories,2026-05-18,Post,26144.47,898
T1006,South,Test,CAT02,Apparel & Accessories,2026-05-25,Post,22884.43,530
T1006,South,Test,CAT02,Apparel & Accessories,2026-06-01,Post,24852.14,714
T1006,South,Test,CAT02,Apparel & Accessories,2026-06-08,Post,21436.03,1155
T1006,South,Test,CAT02,Apparel & Accessories,2026-06-15,Post,22453.2,941
T1006,South,Test,CAT02,Apparel & Accessories,2026-06-22,Post,24301.35,842
T1006,South,Test,CAT02,Apparel & Accessories,2026-06-29,Post,24093.31,1336
T1006,South,Test,CAT03,Home,2026-01-05,Pre,26767.5,1304
T1006,South,Test,CAT03,Home,2026-01-12,Pre,29444.92,1095
T1006,South,Test,CAT03,Home,2026-01-19,Pre,29686.45,1237
T1006,South,Test,CAT03,Home,2026-01-26,Pre,28732.05,661
T1006,South,Test,CAT03,Home,2026-02-02,Pre,26214.9,1223
T1006,South,Test,CAT03,Home,2026-02-09,Pre,28134.8,632
T1006,South,Test,CAT03,Home,2026-02-16,Pre,32313.15,937
T1006,South,Test,CAT03,Home,2026-02-23,Pre,33578.9,1647
T1006,South,Test,CAT03,Home,2026-03-02,Pre,30669.5,1304
T1006,South,Test,CAT03,Home,2026-03-09,Pre,26802.56,913
T1006,South,Test,CAT03,Home,2026-03-16,Pre,28704.14,665
T1006,South,Test,CAT03,Home,2026-03-23,Pre,29501.88,656
T1006,South,Test,CAT03,Home,2026-03-30,Pre,29298.14,824
T1006,South,Test,CAT03,Home,2026-04-06,Post,31500.18,1610
T1006,South,Test,CAT03,Home,2026-04-13,Post,30871.17,926
T1006,South,Test,CAT03,Home,2026-04-20,Post,27321.17,1240
T1006,South,Test,CAT03,Home,2026-04-27,Post,28303.4,782
T1006,South,Test,CAT03,Home,2026-05-04,Post,31729.62,1430
T1006,South,Test,CAT03,Home,2026-05-11,Post,32797.82,798
T1006,South,Test,CAT03,Home,2026-05-18,Post,30432.81,819
T1006,South,Test,CAT03,Home,2026-05-25,Post,33346.29,1832
T1006,South,Test,CAT03,Home,2026-06-01,Post,30411.69,840
T1006,South,Test,CAT03,Home,2026-06-08,Post,28372.15,836
T1006,South,Test,CAT03,Home,2026-06-15,Post,31713.26,936
T1006,South,Test,CAT03,Home,2026-06-22,Post,37006.81,1004
T1006,South,Test,CAT03,Home,2026-06-29,Post,27897.94,1181
T1006,South,Test,CAT04,Electronics,2026-01-05,Pre,20990.81,502
T1006,South,Test,CAT04,Electronics,2026-01-12,Pre,19799.4,644
T1006,South,Test,CAT04,Electronics,2026-01-19,Pre,18206.25,896
T1006,South,Test,CAT04,Electronics,2026-01-26,Pre,16643.11,909
T1006,South,Test,CAT04,Electronics,2026-02-02,Pre,16239.91,676
T1006,South,Test,CAT04,Electronics,2026-02-09,Pre,18612.96,825
T1006,South,Test,CAT04,Electronics,2026-02-16,Pre,19954.83,681
T1006,South,Test,CAT04,Electronics,2026-02-23,Pre,20711.44,523
T1006,South,Test,CAT04,Electronics,2026-03-02,Pre,21130.37,507
T1006,South,Test,CAT04,Electronics,2026-03-09,Pre,20060.88,514
T1006,South,Test,CAT04,Electronics,2026-03-16,Pre,19914.98,466
T1006,South,Test,CAT04,Electronics,2026-03-23,Pre,19334.63,713
T1006,South,Test,CAT04,Electronics,2026-03-30,Pre,20457.59,1116
T1006,South,Test,CAT04,Electronics,2026-04-06,Post,21306.03,1028
T1006,South,Test,CAT04,Electronics,2026-04-13,Post,24440.48,748
T1006,South,Test,CAT04,Electronics,2026-04-20,Post,23852.23,712
T1006,South,Test,CAT04,Electronics,2026-04-27,Post,24294.72,682
T1006,South,Test,CAT04,Electronics,2026-05-04,Post,23848.08,753
T1006,South,Test,CAT04,Electronics,2026-05-11,Post,21530.66,579
T1006,South,Test,CAT04,Electronics,2026-05-18,Post,26331.24,761
T1006,South,Test,CAT04,Electronics,2026-05-25,Post,25153.29,731
T1006,South,Test,CAT04,Electronics,2026-06-01,Post,25724.97,1309
T1006,South,Test,CAT04,Electronics,2026-06-08,Post,22460.93,651
T1006,South,Test,CAT04,Electronics,2026-06-15,Post,22138.23,839
T1006,South,Test,CAT04,Electronics,2026-06-22,Post,25200.75,819
T1006,South,Test,CAT04,Electronics,2026-06-29,Post,22801.73,513
T1006,South,Test,CAT05,Beauty & Personal Care,2026-01-05,Pre,16419.81,406
T1006,South,Test,CAT05,Beauty & Personal Care,2026-01-12,Pre,14424.36,586
T1006,South,Test,CAT05,Beauty & Personal Care,2026-01-19,Pre,13398.95,660
T1006,South,Test,CAT05,Beauty & Personal Care,2026-01-26,Pre,14919.65,439
T1006,South,Test,CAT05,Beauty & Personal Care,2026-02-02,Pre,17183.61,852
T1006,South,Test,CAT05,Beauty & Personal Care,2026-02-09,Pre,15498.65,598
T1006,South,Test,CAT05,Beauty & Personal Care,2026-02-16,Pre,15389.22,398
T1006,South,Test,CAT05,Beauty & Personal Care,2026-02-23,Pre,17340.05,679
T1006,South,Test,CAT05,Beauty & Personal Care,2026-03-02,Pre,16449.78,377
T1006,South,Test,CAT05,Beauty & Personal Care,2026-03-09,Pre,14428.18,538
T1006,South,Test,CAT05,Beauty & Personal Care,2026-03-16,Pre,15450.26,406
T1006,South,Test,CAT05,Beauty & Personal Care,2026-03-23,Pre,13477.07,403
T1006,South,Test,CAT05,Beauty & Personal Care,2026-03-30,Pre,16488.04,755
T1006,South,Test,CAT05,Beauty & Personal Care,2026-04-06,Post,16163.52,392
T1006,South,Test,CAT05,Beauty & Personal Care,2026-04-13,Post,14595.25,517
T1006,South,Test,CAT05,Beauty & Personal Care,2026-04-20,Post,16421.58,831
T1006,South,Test,CAT05,Beauty & Personal Care,2026-04-27,Post,16171.61,667
T1006,South,Test,CAT05,Beauty & Personal Care,2026-05-04,Post,17799.14,480
T1006,South,Test,CAT05,Beauty & Personal Care,2026-05-11,Post,18573.23,1024
T1006,South,Test,CAT05,Beauty & Personal Care,2026-05-18,Post,17496.19,497
T1006,South,Test,CAT05,Beauty & Personal Care,2026-05-25,Post,16347.05,380
T1006,South,Test,CAT05,Beauty & Personal Care,2026-06-01,Post,16580.09,551
T1006,South,Test,CAT05,Beauty & Personal Care,2026-06-08,Post,15597.63,441
T1006,South,Test,CAT05,Beauty & Personal Care,2026-06-15,Post,15856.92,641
T1006,South,Test,CAT05,Beauty & Personal Care,2026-06-22,Post,16520.58,800
T1006,South,Test,CAT05,Beauty & Personal Care,2026-06-29,Post,16457.19,420
T1006,South,Test,CAT06,Toys,2026-01-05,Pre,10324.32,329
T1006,South,Test,CAT06,Toys,2026-01-12,Pre,12559.3,568
T1006,South,Test,CAT06,Toys,2026-01-19,Pre,12740.75,503
T1006,South,Test,CAT06,Toys,2026-01-26,Pre,12628.28,421
T1006,South,Test,CAT06,Toys,2026-02-02,Pre,12875.36,307
T1006,South,Test,CAT06,Toys,2026-02-09,Pre,13545.68,450
T1006,South,Test,CAT06,Toys,2026-02-16,Pre,11024.61,481
T1006,South,Test,CAT06,Toys,2026-02-23,Pre,13603.46,451
T1006,South,Test,CAT06,Toys,2026-03-02,Pre,11466.06,260
T1006,South,Test,CAT06,Toys,2026-03-09,Pre,12353.52,329
T1006,South,Test,CAT06,Toys,2026-03-16,Pre,10549.72,248
T1006,South,Test,CAT06,Toys,2026-03-23,Pre,11492.63,333
T1006,South,Test,CAT06,Toys,2026-03-30,Pre,12807.61,507
T1006,South,Test,CAT06,Toys,2026-04-06,Post,12587.83,597
T1006,South,Test,CAT06,Toys,2026-04-13,Post,11716.63,299
T1006,South,Test,CAT06,Toys,2026-04-20,Post,12159.37,458
T1006,South,Test,CAT06,Toys,2026-04-27,Post,11624.51,384
T1006,South,Test,CAT06,Toys,2026-05-04,Post,13049.36,304
T1006,South,Test,CAT06,Toys,2026-05-11,Post,10450.13,237
T1006,South,Test,CAT06,Toys,2026-05-18,Post,13527.61,701
T1006,South,Test,CAT06,Toys,2026-05-25,Post,11631.19,407
T1006,South,Test,CAT06,Toys,2026-06-01,Post,12343.66,282
T1006,South,Test,CAT06,Toys,2026-06-08,Post,11200.88,255
T1006,South,Test,CAT06,Toys,2026-06-15,Post,12660.62,358
T1006,South,Test,CAT06,Toys,2026-06-22,Post,12967.88,481
T1006,South,Test,CAT06,Toys,2026-06-29,Post,12827.1,556
T1006,South,Test,CAT07,Hardlines,2026-01-05,Pre,18300.0,699
T1006,South,Test,CAT07,Hardlines,2026-01-12,Pre,17648.47,474
T1006,South,Test,CAT07,Hardlines,2026-01-19,Pre,17748.6,587
T1006,South,Test,CAT07,Hardlines,2026-01-26,Pre,17760.08,796
T1006,South,Test,CAT07,Hardlines,2026-02-02,Pre,17360.54,686
T1006,South,Test,CAT07,Hardlines,2026-02-09,Pre,17578.91,785
T1006,South,Test,CAT07,Hardlines,2026-02-16,Pre,18784.89,697
T1006,South,Test,CAT07,Hardlines,2026-02-23,Pre,20005.31,864
T1006,South,Test,CAT07,Hardlines,2026-03-02,Pre,17068.88,523
T1006,South,Test,CAT07,Hardlines,2026-03-09,Pre,18236.78,498
T1006,South,Test,CAT07,Hardlines,2026-03-16,Pre,16938.26,573
T1006,South,Test,CAT07,Hardlines,2026-03-23,Pre,17861.91,864
T1006,South,Test,CAT07,Hardlines,2026-03-30,Pre,18136.41,483
T1006,South,Test,CAT07,Hardlines,2026-04-06,Post,18876.82,463
T1006,South,Test,CAT07,Hardlines,2026-04-13,Post,18911.01,485
T1006,South,Test,CAT07,Hardlines,2026-04-20,Post,18764.18,716
T1006,South,Test,CAT07,Hardlines,2026-04-27,Post,19403.23,432
T1006,South,Test,CAT07,Hardlines,2026-05-04,Post,17781.95,440
T1006,South,Test,CAT07,Hardlines,2026-05-11,Post,19247.0,508
T1006,South,Test,CAT07,Hardlines,2026-05-18,Post,20069.19,487
T1006,South,Test,CAT07,Hardlines,2026-05-25,Post,17965.88,996
T1006,South,Test,CAT07,Hardlines,2026-06-01,Post,16866.59,612
T1006,South,Test,CAT07,Hardlines,2026-06-08,Post,20666.8,897
T1006,South,Test,CAT07,Hardlines,2026-06-15,Post,17825.11,895
T1006,South,Test,CAT07,Hardlines,2026-06-22,Post,18686.55,437
T1006,South,Test,CAT07,Hardlines,2026-06-29,Post,20474.08,459
T1006,South,Test,CAT08,Softlines,2026-01-05,Pre,13023.51,596
T1006,South,Test,CAT08,Softlines,2026-01-12,Pre,14907.68,435
T1006,South,Test,CAT08,Softlines,2026-01-19,Pre,13363.47,648
T1006,South,Test,CAT08,Softlines,2026-01-26,Pre,13299.2,662
T1006,South,Test,CAT08,Softlines,2026-02-02,Pre,13006.02,291
T1006,South,Test,CAT08,Softlines,2026-02-09,Pre,13531.07,363
T1006,South,Test,CAT08,Softlines,2026-02-16,Pre,14827.81,408
T1006,South,Test,CAT08,Softlines,2026-02-23,Pre,13771.52,332
T1006,South,Test,CAT08,Softlines,2026-03-02,Pre,15407.04,850
T1006,South,Test,CAT08,Softlines,2026-03-09,Pre,14450.34,333
T1006,South,Test,CAT08,Softlines,2026-03-16,Pre,14594.34,466
T1006,South,Test,CAT08,Softlines,2026-03-23,Pre,13690.43,700
T1006,South,Test,CAT08,Softlines,2026-03-30,Pre,15812.01,420
T1006,South,Test,CAT08,Softlines,2026-04-06,Post,15425.97,705
T1006,South,Test,CAT08,Softlines,2026-04-13,Post,15453.06,664
T1006,South,Test,CAT08,Softlines,2026-04-20,Post,14580.92,442
T1006,South,Test,CAT08,Softlines,2026-04-27,Post,13501.41,380
T1006,South,Test,CAT08,Softlines,2026-05-04,Post,15043.1,456
T1006,South,Test,CAT08,Softlines,2026-05-11,Post,15475.69,698
T1006,South,Test,CAT08,Softlines,2026-05-18,Post,15544.44,403
T1006,South,Test,CAT08,Softlines,2026-05-25,Post,15451.14,361
T1006,South,Test,CAT08,Softlines,2026-06-01,Post,15462.8,359
T1006,South,Test,CAT08,Softlines,2026-06-08,Post,14419.17,796
T1006,South,Test,CAT08,Softlines,2026-06-15,Post,14521.16,692
T1006,South,Test,CAT08,Softlines,2026-06-22,Post,14039.55,510
T1006,South,Test,CAT08,Softlines,2026-06-29,Post,16436.2,417
T1007,South,Control,CAT01,Grocery & Essentials,2026-01-05,Pre,47929.95,1254
T1007,South,Control,CAT01,Grocery & Essentials,2026-01-12,Pre,46062.82,2510
T1007,South,Control,CAT01,Grocery & Essentials,2026-01-19,Pre,49836.63,1850
T1007,South,Control,CAT01,Grocery & Essentials,2026-01-26,Pre,50437.44,1263
T1007,South,Control,CAT01,Grocery & Essentials,2026-02-02,Pre,48957.06,1331
T1007,South,Control,CAT01,Grocery & Essentials,2026-02-09,Pre,50374.28,1265
T1007,South,Control,CAT01,Grocery & Essentials,2026-02-16,Pre,46574.28,2002
T1007,South,Control,CAT01,Grocery & Essentials,2026-02-23,Pre,49465.0,1592
T1007,South,Control,CAT01,Grocery & Essentials,2026-03-02,Pre,47403.16,2254
T1007,South,Control,CAT01,Grocery & Essentials,2026-03-09,Pre,49393.94,2386
T1007,South,Control,CAT01,Grocery & Essentials,2026-03-16,Pre,48047.34,2226
T1007,South,Control,CAT01,Grocery & Essentials,2026-03-23,Pre,52651.17,2049
T1007,South,Control,CAT01,Grocery & Essentials,2026-03-30,Pre,53315.95,1997
T1007,South,Control,CAT01,Grocery & Essentials,2026-04-06,Post,52316.97,1575
T1007,South,Control,CAT01,Grocery & Essentials,2026-04-13,Post,49068.67,1880
T1007,South,Control,CAT01,Grocery & Essentials,2026-04-20,Post,47204.69,1429
T1007,South,Control,CAT01,Grocery & Essentials,2026-04-27,Post,54173.33,1366
T1007,South,Control,CAT01,Grocery & Essentials,2026-05-04,Post,52019.16,1691
T1007,South,Control,CAT01,Grocery & Essentials,2026-05-11,Post,45650.89,1386
T1007,South,Control,CAT01,Grocery & Essentials,2026-05-18,Post,52912.99,1695
T1007,South,Control,CAT01,Grocery & Essentials,2026-05-25,Post,53854.79,1356
T1007,South,Control,CAT01,Grocery & Essentials,2026-06-01,Post,47132.18,1789
T1007,South,Control,CAT01,Grocery & Essentials,2026-06-08,Post,54937.7,2867
T1007,South,Control,CAT01,Grocery & Essentials,2026-06-15,Post,47963.06,1303
T1007,South,Control,CAT01,Grocery & Essentials,2026-06-22,Post,50541.28,1636
T1007,South,Control,CAT01,Grocery & Essentials,2026-06-29,Post,48336.47,2000
T1007,South,Control,CAT02,Apparel & Accessories,2026-01-05,Pre,19619.6,508
T1007,South,Control,CAT02,Apparel & Accessories,2026-01-12,Pre,19173.2,880
T1007,South,Control,CAT02,Apparel & Accessories,2026-01-19,Pre,22538.58,661
T1007,South,Control,CAT02,Apparel & Accessories,2026-01-26,Pre,20762.54,558
T1007,South,Control,CAT02,Apparel & Accessories,2026-02-02,Pre,20531.0,511
T1007,South,Control,CAT02,Apparel & Accessories,2026-02-09,Pre,22962.88,708
T1007,South,Control,CAT02,Apparel & Accessories,2026-02-16,Pre,22964.89,1101
T1007,South,Control,CAT02,Apparel & Accessories,2026-02-23,Pre,20886.47,1104
T1007,South,Control,CAT02,Apparel & Accessories,2026-03-02,Pre,21965.23,1069
T1007,South,Control,CAT02,Apparel & Accessories,2026-03-09,Pre,20738.78,588
T1007,South,Control,CAT02,Apparel & Accessories,2026-03-16,Pre,21556.64,734
T1007,South,Control,CAT02,Apparel & Accessories,2026-03-23,Pre,20173.51,679
T1007,South,Control,CAT02,Apparel & Accessories,2026-03-30,Pre,22528.55,601
T1007,South,Control,CAT02,Apparel & Accessories,2026-04-06,Post,23751.91,759
T1007,South,Control,CAT02,Apparel & Accessories,2026-04-13,Post,23524.57,533
T1007,South,Control,CAT02,Apparel & Accessories,2026-04-20,Post,22198.07,706
T1007,South,Control,CAT02,Apparel & Accessories,2026-04-27,Post,19290.23,1030
T1007,South,Control,CAT02,Apparel & Accessories,2026-05-04,Post,21311.45,800
T1007,South,Control,CAT02,Apparel & Accessories,2026-05-11,Post,22218.0,493
T1007,South,Control,CAT02,Apparel & Accessories,2026-05-18,Post,20364.07,1056
T1007,South,Control,CAT02,Apparel & Accessories,2026-05-25,Post,20196.23,1080
T1007,South,Control,CAT02,Apparel & Accessories,2026-06-01,Post,24950.82,1251
T1007,South,Control,CAT02,Apparel & Accessories,2026-06-08,Post,24028.04,554
T1007,South,Control,CAT02,Apparel & Accessories,2026-06-15,Post,23600.86,681
T1007,South,Control,CAT02,Apparel & Accessories,2026-06-22,Post,23999.52,1216
T1007,South,Control,CAT02,Apparel & Accessories,2026-06-29,Post,21052.98,1014
T1007,South,Control,CAT03,Home,2026-01-05,Pre,23924.55,906
T1007,South,Control,CAT03,Home,2026-01-12,Pre,26006.77,875
T1007,South,Control,CAT03,Home,2026-01-19,Pre,26251.69,662
T1007,South,Control,CAT03,Home,2026-01-26,Pre,23315.54,570
T1007,South,Control,CAT03,Home,2026-02-02,Pre,26186.58,639
T1007,South,Control,CAT03,Home,2026-02-09,Pre,25870.82,1076
T1007,South,Control,CAT03,Home,2026-02-16,Pre,27815.85,1094
T1007,South,Control,CAT03,Home,2026-02-23,Pre,26781.8,1090
T1007,South,Control,CAT03,Home,2026-03-02,Pre,29279.65,1065
T1007,South,Control,CAT03,Home,2026-03-09,Pre,25736.57,615
T1007,South,Control,CAT03,Home,2026-03-16,Pre,24437.93,762
T1007,South,Control,CAT03,Home,2026-03-23,Pre,29559.89,735
T1007,South,Control,CAT03,Home,2026-03-30,Pre,27402.03,1317
T1007,South,Control,CAT03,Home,2026-04-06,Post,26693.32,738
T1007,South,Control,CAT03,Home,2026-04-13,Post,25328.64,746
T1007,South,Control,CAT03,Home,2026-04-20,Post,26353.9,921
T1007,South,Control,CAT03,Home,2026-04-27,Post,26356.8,1247
T1007,South,Control,CAT03,Home,2026-05-04,Post,25020.16,930
T1007,South,Control,CAT03,Home,2026-05-11,Post,23246.69,841
T1007,South,Control,CAT03,Home,2026-05-18,Post,26610.88,859
T1007,South,Control,CAT03,Home,2026-05-25,Post,28957.09,804
T1007,South,Control,CAT03,Home,2026-06-01,Post,30098.98,1100
T1007,South,Control,CAT03,Home,2026-06-08,Post,29637.61,869
T1007,South,Control,CAT03,Home,2026-06-15,Post,29871.35,1109
T1007,South,Control,CAT03,Home,2026-06-22,Post,25878.12,729
T1007,South,Control,CAT03,Home,2026-06-29,Post,28530.89,953
T1007,South,Control,CAT04,Electronics,2026-01-05,Pre,18020.33,949
T1007,South,Control,CAT04,Electronics,2026-01-12,Pre,18173.39,811
T1007,South,Control,CAT04,Electronics,2026-01-19,Pre,17411.86,591
T1007,South,Control,CAT04,Electronics,2026-01-26,Pre,17742.05,415
T1007,South,Control,CAT04,Electronics,2026-02-02,Pre,20168.98,460
T1007,South,Control,CAT04,Electronics,2026-02-09,Pre,18903.48,456
T1007,South,Control,CAT04,Electronics,2026-02-16,Pre,18405.57,557
T1007,South,Control,CAT04,Electronics,2026-02-23,Pre,18712.23,512
T1007,South,Control,CAT04,Electronics,2026-03-02,Pre,17346.48,398
T1007,South,Control,CAT04,Electronics,2026-03-09,Pre,18786.89,744
T1007,South,Control,CAT04,Electronics,2026-03-16,Pre,18216.12,494
T1007,South,Control,CAT04,Electronics,2026-03-23,Pre,19205.22,1023
T1007,South,Control,CAT04,Electronics,2026-03-30,Pre,17327.68,402
T1007,South,Control,CAT04,Electronics,2026-04-06,Post,19238.36,917
T1007,South,Control,CAT04,Electronics,2026-04-13,Post,17917.55,504
T1007,South,Control,CAT04,Electronics,2026-04-20,Post,19391.01,478
T1007,South,Control,CAT04,Electronics,2026-04-27,Post,18824.72,442
T1007,South,Control,CAT04,Electronics,2026-05-04,Post,18610.47,465
T1007,South,Control,CAT04,Electronics,2026-05-11,Post,18256.57,736
T1007,South,Control,CAT04,Electronics,2026-05-18,Post,18620.76,898
T1007,South,Control,CAT04,Electronics,2026-05-25,Post,18214.17,842
T1007,South,Control,CAT04,Electronics,2026-06-01,Post,18434.47,946
T1007,South,Control,CAT04,Electronics,2026-06-08,Post,19518.97,804
T1007,South,Control,CAT04,Electronics,2026-06-15,Post,16784.76,427
T1007,South,Control,CAT04,Electronics,2026-06-22,Post,20029.99,489
T1007,South,Control,CAT04,Electronics,2026-06-29,Post,20127.15,738
T1007,South,Control,CAT05,Beauty & Personal Care,2026-01-05,Pre,13652.38,472
T1007,South,Control,CAT05,Beauty & Personal Care,2026-01-12,Pre,14106.84,437
T1007,South,Control,CAT05,Beauty & Personal Care,2026-01-19,Pre,13091.13,313
T1007,South,Control,CAT05,Beauty & Personal Care,2026-01-26,Pre,14457.89,359
T1007,South,Control,CAT05,Beauty & Personal Care,2026-02-02,Pre,13304.91,402
T1007,South,Control,CAT05,Beauty & Personal Care,2026-02-09,Pre,11476.47,464
T1007,South,Control,CAT05,Beauty & Personal Care,2026-02-16,Pre,15464.47,466
T1007,South,Control,CAT05,Beauty & Personal Care,2026-02-23,Pre,13248.48,496
T1007,South,Control,CAT05,Beauty & Personal Care,2026-03-02,Pre,14266.13,418
T1007,South,Control,CAT05,Beauty & Personal Care,2026-03-09,Pre,14594.63,632
T1007,South,Control,CAT05,Beauty & Personal Care,2026-03-16,Pre,14923.95,536
T1007,South,Control,CAT05,Beauty & Personal Care,2026-03-23,Pre,14519.19,535
T1007,South,Control,CAT05,Beauty & Personal Care,2026-03-30,Pre,14852.85,386
T1007,South,Control,CAT05,Beauty & Personal Care,2026-04-06,Post,14339.01,356
T1007,South,Control,CAT05,Beauty & Personal Care,2026-04-13,Post,13139.87,396
T1007,South,Control,CAT05,Beauty & Personal Care,2026-04-20,Post,14702.28,775
T1007,South,Control,CAT05,Beauty & Personal Care,2026-04-27,Post,15412.56,393
T1007,South,Control,CAT05,Beauty & Personal Care,2026-05-04,Post,13820.6,326
T1007,South,Control,CAT05,Beauty & Personal Care,2026-05-11,Post,15112.56,383
T1007,South,Control,CAT05,Beauty & Personal Care,2026-05-18,Post,16896.32,429
T1007,South,Control,CAT05,Beauty & Personal Care,2026-05-25,Post,14911.27,578
T1007,South,Control,CAT05,Beauty & Personal Care,2026-06-01,Post,15019.21,381
T1007,South,Control,CAT05,Beauty & Personal Care,2026-06-08,Post,13461.89,515
T1007,South,Control,CAT05,Beauty & Personal Care,2026-06-15,Post,14015.87,317
T1007,South,Control,CAT05,Beauty & Personal Care,2026-06-22,Post,14363.23,477
T1007,South,Control,CAT05,Beauty & Personal Care,2026-06-29,Post,15889.77,546
T1007,South,Control,CAT06,Toys,2026-01-05,Pre,9750.02,328
T1007,South,Control,CAT06,Toys,2026-01-12,Pre,9090.89,213
T1007,South,Control,CAT06,Toys,2026-01-19,Pre,10784.88,324
T1007,South,Control,CAT06,Toys,2026-01-26,Pre,10007.73,270
T1007,South,Control,CAT06,Toys,2026-02-02,Pre,9453.12,284
T1007,South,Control,CAT06,Toys,2026-02-09,Pre,11144.16,291
T1007,South,Control,CAT06,Toys,2026-02-16,Pre,10384.81,272
T1007,South,Control,CAT06,Toys,2026-02-23,Pre,11069.61,351
T1007,South,Control,CAT06,Toys,2026-03-02,Pre,9579.43,530
T1007,South,Control,CAT06,Toys,2026-03-09,Pre,9126.31,264
T1007,South,Control,CAT06,Toys,2026-03-16,Pre,10922.99,272
T1007,South,Control,CAT06,Toys,2026-03-23,Pre,10025.4,260
T1007,South,Control,CAT06,Toys,2026-03-30,Pre,10996.11,267
T1007,South,Control,CAT06,Toys,2026-04-06,Post,11054.54,330
T1007,South,Control,CAT06,Toys,2026-04-13,Post,10997.62,310
T1007,South,Control,CAT06,Toys,2026-04-20,Post,11855.09,355
T1007,South,Control,CAT06,Toys,2026-04-27,Post,13256.59,332
T1007,South,Control,CAT06,Toys,2026-05-04,Post,11412.71,447
T1007,South,Control,CAT06,Toys,2026-05-11,Post,12624.16,340
T1007,South,Control,CAT06,Toys,2026-05-18,Post,9941.32,224
T1007,South,Control,CAT06,Toys,2026-05-25,Post,10973.03,285
T1007,South,Control,CAT06,Toys,2026-06-01,Post,10272.55,453
T1007,South,Control,CAT06,Toys,2026-06-08,Post,10808.19,279
T1007,South,Control,CAT06,Toys,2026-06-15,Post,11140.14,268
T1007,South,Control,CAT06,Toys,2026-06-22,Post,12990.74,459
T1007,South,Control,CAT06,Toys,2026-06-29,Post,11500.72,387
T1007,South,Control,CAT07,Hardlines,2026-01-05,Pre,17444.66,787
T1007,South,Control,CAT07,Hardlines,2026-01-12,Pre,15776.46,507
T1007,South,Control,CAT07,Hardlines,2026-01-19,Pre,15705.69,851
T1007,South,Control,CAT07,Hardlines,2026-01-26,Pre,14571.7,649
T1007,South,Control,CAT07,Hardlines,2026-02-02,Pre,18685.13,473
T1007,South,Control,CAT07,Hardlines,2026-02-09,Pre,18204.87,535
T1007,South,Control,CAT07,Hardlines,2026-02-16,Pre,16854.0,643
T1007,South,Control,CAT07,Hardlines,2026-02-23,Pre,16379.12,501
T1007,South,Control,CAT07,Hardlines,2026-03-02,Pre,16828.35,698
T1007,South,Control,CAT07,Hardlines,2026-03-09,Pre,15229.94,495
T1007,South,Control,CAT07,Hardlines,2026-03-16,Pre,17418.07,387
T1007,South,Control,CAT07,Hardlines,2026-03-23,Pre,18515.67,451
T1007,South,Control,CAT07,Hardlines,2026-03-30,Pre,18656.24,566
T1007,South,Control,CAT07,Hardlines,2026-04-06,Post,15190.59,474
T1007,South,Control,CAT07,Hardlines,2026-04-13,Post,18409.02,465
T1007,South,Control,CAT07,Hardlines,2026-04-20,Post,15589.88,362
T1007,South,Control,CAT07,Hardlines,2026-04-27,Post,14649.72,459
T1007,South,Control,CAT07,Hardlines,2026-05-04,Post,18669.57,590
T1007,South,Control,CAT07,Hardlines,2026-05-11,Post,16750.7,728
T1007,South,Control,CAT07,Hardlines,2026-05-18,Post,18610.39,466
T1007,South,Control,CAT07,Hardlines,2026-05-25,Post,18556.67,597
T1007,South,Control,CAT07,Hardlines,2026-06-01,Post,18451.63,702
T1007,South,Control,CAT07,Hardlines,2026-06-08,Post,17726.33,813
T1007,South,Control,CAT07,Hardlines,2026-06-15,Post,16180.23,538
T1007,South,Control,CAT07,Hardlines,2026-06-22,Post,17395.17,611
T1007,South,Control,CAT07,Hardlines,2026-06-29,Post,19606.54,786
T1007,South,Control,CAT08,Softlines,2026-01-05,Pre,13615.22,681
T1007,South,Control,CAT08,Softlines,2026-01-12,Pre,12565.56,319
T1007,South,Control,CAT08,Softlines,2026-01-19,Pre,12604.78,336
T1007,South,Control,CAT08,Softlines,2026-01-26,Pre,13447.29,339
T1007,South,Control,CAT08,Softlines,2026-02-02,Pre,13071.29,420
T1007,South,Control,CAT08,Softlines,2026-02-09,Pre,12811.42,494
T1007,South,Control,CAT08,Softlines,2026-02-16,Pre,13524.7,503
T1007,South,Control,CAT08,Softlines,2026-02-23,Pre,13545.34,665
T1007,South,Control,CAT08,Softlines,2026-03-02,Pre,12553.75,279
T1007,South,Control,CAT08,Softlines,2026-03-09,Pre,13508.72,452
T1007,South,Control,CAT08,Softlines,2026-03-16,Pre,13643.95,634
T1007,South,Control,CAT08,Softlines,2026-03-23,Pre,13293.05,555
T1007,South,Control,CAT08,Softlines,2026-03-30,Pre,12653.42,698
T1007,South,Control,CAT08,Softlines,2026-04-06,Post,13090.59,530
T1007,South,Control,CAT08,Softlines,2026-04-13,Post,12568.44,521
T1007,South,Control,CAT08,Softlines,2026-04-20,Post,13848.06,515
T1007,South,Control,CAT08,Softlines,2026-04-27,Post,12076.3,287
T1007,South,Control,CAT08,Softlines,2026-05-04,Post,15071.47,410
T1007,South,Control,CAT08,Softlines,2026-05-11,Post,14885.26,667
T1007,South,Control,CAT08,Softlines,2026-05-18,Post,14140.0,321
T1007,South,Control,CAT08,Softlines,2026-05-25,Post,14641.0,574
T1007,South,Control,CAT08,Softlines,2026-06-01,Post,14623.38,360
T1007,South,Control,CAT08,Softlines,2026-06-08,Post,14012.65,422
T1007,South,Control,CAT08,Softlines,2026-06-15,Post,13742.21,380
T1007,South,Control,CAT08,Softlines,2026-06-22,Post,13682.88,591
T1007,South,Control,CAT08,Softlines,2026-06-29,Post,15566.44,353
T1008,Northeast,Control,CAT01,Grocery & Essentials,2026-01-05,Pre,52641.15,1552
T1008,Northeast,Control,CAT01,Grocery & Essentials,2026-01-12,Pre,46614.01,1159
T1008,Northeast,Control,CAT01,Grocery & Essentials,2026-01-19,Pre,44944.26,1131
T1008,Northeast,Control,CAT01,Grocery & Essentials,2026-01-26,Pre,50327.82,1976
T1008,Northeast,Control,CAT01,Grocery & Essentials,2026-02-02,Pre,52912.03,1321
T1008,Northeast,Control,CAT01,Grocery & Essentials,2026-02-09,Pre,48652.18,2508
T1008,Northeast,Control,CAT01,Grocery & Essentials,2026-02-16,Pre,52253.12,1903
T1008,Northeast,Control,CAT01,Grocery & Essentials,2026-02-23,Pre,51425.34,2084
T1008,Northeast,Control,CAT01,Grocery & Essentials,2026-03-02,Pre,58378.48,2242
T1008,Northeast,Control,CAT01,Grocery & Essentials,2026-03-09,Pre,48078.94,1824
T1008,Northeast,Control,CAT01,Grocery & Essentials,2026-03-16,Pre,55787.68,2099
T1008,Northeast,Control,CAT01,Grocery & Essentials,2026-03-23,Pre,55758.41,2502
T1008,Northeast,Control,CAT01,Grocery & Essentials,2026-03-30,Pre,52787.81,2700
T1008,Northeast,Control,CAT01,Grocery & Essentials,2026-04-06,Post,46183.47,1086
T1008,Northeast,Control,CAT01,Grocery & Essentials,2026-04-13,Post,54158.03,1490
T1008,Northeast,Control,CAT01,Grocery & Essentials,2026-04-20,Post,48639.78,1658
T1008,Northeast,Control,CAT01,Grocery & Essentials,2026-04-27,Post,61613.79,2869
T1008,Northeast,Control,CAT01,Grocery & Essentials,2026-05-04,Post,53835.88,1604
T1008,Northeast,Control,CAT01,Grocery & Essentials,2026-05-11,Post,61992.68,1797
T1008,Northeast,Control,CAT01,Grocery & Essentials,2026-05-18,Post,55249.16,2020
T1008,Northeast,Control,CAT01,Grocery & Essentials,2026-05-25,Post,52583.2,1260
T1008,Northeast,Control,CAT01,Grocery & Essentials,2026-06-01,Post,60055.12,1796
T1008,Northeast,Control,CAT01,Grocery & Essentials,2026-06-08,Post,56809.72,2922
T1008,Northeast,Control,CAT01,Grocery & Essentials,2026-06-15,Post,64930.97,2870
T1008,Northeast,Control,CAT01,Grocery & Essentials,2026-06-22,Post,53268.49,1710
T1008,Northeast,Control,CAT01,Grocery & Essentials,2026-06-29,Post,61131.65,2974
T1008,Northeast,Control,CAT02,Apparel & Accessories,2026-01-05,Pre,25369.3,580
T1008,Northeast,Control,CAT02,Apparel & Accessories,2026-01-12,Pre,24007.46,848
T1008,Northeast,Control,CAT02,Apparel & Accessories,2026-01-19,Pre,23104.82,675
T1008,Northeast,Control,CAT02,Apparel & Accessories,2026-01-26,Pre,24213.99,741
T1008,Northeast,Control,CAT02,Apparel & Accessories,2026-02-02,Pre,21984.25,746
T1008,Northeast,Control,CAT02,Apparel & Accessories,2026-02-09,Pre,20945.2,1086
T1008,Northeast,Control,CAT02,Apparel & Accessories,2026-02-16,Pre,21497.1,725
T1008,Northeast,Control,CAT02,Apparel & Accessories,2026-02-23,Pre,22512.0,915
T1008,Northeast,Control,CAT02,Apparel & Accessories,2026-03-02,Pre,23742.17,650
T1008,Northeast,Control,CAT02,Apparel & Accessories,2026-03-09,Pre,21374.69,965
T1008,Northeast,Control,CAT02,Apparel & Accessories,2026-03-16,Pre,22145.59,613
T1008,Northeast,Control,CAT02,Apparel & Accessories,2026-03-23,Pre,21656.71,572
T1008,Northeast,Control,CAT02,Apparel & Accessories,2026-03-30,Pre,24413.19,634
T1008,Northeast,Control,CAT02,Apparel & Accessories,2026-04-06,Post,26056.27,679
T1008,Northeast,Control,CAT02,Apparel & Accessories,2026-04-13,Post,21426.89,529
T1008,Northeast,Control,CAT02,Apparel & Accessories,2026-04-20,Post,24014.51,605
T1008,Northeast,Control,CAT02,Apparel & Accessories,2026-04-27,Post,25009.77,811
T1008,Northeast,Control,CAT02,Apparel & Accessories,2026-05-04,Post,22966.13,719
T1008,Northeast,Control,CAT02,Apparel & Accessories,2026-05-11,Post,21157.8,713
T1008,Northeast,Control,CAT02,Apparel & Accessories,2026-05-18,Post,25530.07,644
T1008,Northeast,Control,CAT02,Apparel & Accessories,2026-05-25,Post,21224.96,858
T1008,Northeast,Control,CAT02,Apparel & Accessories,2026-06-01,Post,26260.55,683
T1008,Northeast,Control,CAT02,Apparel & Accessories,2026-06-08,Post,22536.67,530
T1008,Northeast,Control,CAT02,Apparel & Accessories,2026-06-15,Post,21243.12,631
T1008,Northeast,Control,CAT02,Apparel & Accessories,2026-06-22,Post,23125.79,521
T1008,Northeast,Control,CAT02,Apparel & Accessories,2026-06-29,Post,23953.15,637
T1008,Northeast,Control,CAT03,Home,2026-01-05,Pre,26995.23,902
T1008,Northeast,Control,CAT03,Home,2026-01-12,Pre,27965.0,1210
T1008,Northeast,Control,CAT03,Home,2026-01-19,Pre,27381.92,861
T1008,Northeast,Control,CAT03,Home,2026-01-26,Pre,30435.26,814
T1008,Northeast,Control,CAT03,Home,2026-02-02,Pre,26951.15,646
T1008,Northeast,Control,CAT03,Home,2026-02-09,Pre,27811.1,1188
T1008,Northeast,Control,CAT03,Home,2026-02-16,Pre,27753.47,872
T1008,Northeast,Control,CAT03,Home,2026-02-23,Pre,24242.43,633
T1008,Northeast,Control,CAT03,Home,2026-03-02,Pre,25258.96,925
T1008,Northeast,Control,CAT03,Home,2026-03-09,Pre,27736.63,1087
T1008,Northeast,Control,CAT03,Home,2026-03-16,Pre,28596.3,1273
T1008,Northeast,Control,CAT03,Home,2026-03-23,Pre,23940.22,892
T1008,Northeast,Control,CAT03,Home,2026-03-30,Pre,31630.94,1279
T1008,Northeast,Control,CAT03,Home,2026-04-06,Post,29090.58,739
T1008,Northeast,Control,CAT03,Home,2026-04-13,Post,28159.96,1039
T1008,Northeast,Control,CAT03,Home,2026-04-20,Post,29214.79,834
T1008,Northeast,Control,CAT03,Home,2026-04-27,Post,27330.5,621
T1008,Northeast,Control,CAT03,Home,2026-05-04,Post,28852.88,719
T1008,Northeast,Control,CAT03,Home,2026-05-11,Post,29278.75,936
T1008,Northeast,Control,CAT03,Home,2026-05-18,Post,31230.97,1552
T1008,Northeast,Control,CAT03,Home,2026-05-25,Post,28468.6,647
T1008,Northeast,Control,CAT03,Home,2026-06-01,Post,26085.54,642
T1008,Northeast,Control,CAT03,Home,2026-06-08,Post,27257.33,1130
T1008,Northeast,Control,CAT03,Home,2026-06-15,Post,28622.66,664
T1008,Northeast,Control,CAT03,Home,2026-06-22,Post,26568.65,1238
T1008,Northeast,Control,CAT03,Home,2026-06-29,Post,27350.15,742
T1008,Northeast,Control,CAT04,Electronics,2026-01-05,Pre,17092.22,638
T1008,Northeast,Control,CAT04,Electronics,2026-01-12,Pre,17858.31,806
T1008,Northeast,Control,CAT04,Electronics,2026-01-19,Pre,18987.18,532
T1008,Northeast,Control,CAT04,Electronics,2026-01-26,Pre,17941.52,459
T1008,Northeast,Control,CAT04,Electronics,2026-02-02,Pre,19229.49,757
T1008,Northeast,Control,CAT04,Electronics,2026-02-09,Pre,18546.63,786
T1008,Northeast,Control,CAT04,Electronics,2026-02-16,Pre,17399.41,762
T1008,Northeast,Control,CAT04,Electronics,2026-02-23,Pre,19166.13,861
T1008,Northeast,Control,CAT04,Electronics,2026-03-02,Pre,19026.38,543
T1008,Northeast,Control,CAT04,Electronics,2026-03-09,Pre,19645.02,496
T1008,Northeast,Control,CAT04,Electronics,2026-03-16,Pre,20003.63,921
T1008,Northeast,Control,CAT04,Electronics,2026-03-23,Pre,20709.22,1053
T1008,Northeast,Control,CAT04,Electronics,2026-03-30,Pre,19787.63,693
T1008,Northeast,Control,CAT04,Electronics,2026-04-06,Post,19350.05,757
T1008,Northeast,Control,CAT04,Electronics,2026-04-13,Post,20030.87,492
T1008,Northeast,Control,CAT04,Electronics,2026-04-20,Post,18662.98,534
T1008,Northeast,Control,CAT04,Electronics,2026-04-27,Post,18637.24,989
T1008,Northeast,Control,CAT04,Electronics,2026-05-04,Post,21398.14,654
T1008,Northeast,Control,CAT04,Electronics,2026-05-11,Post,18739.55,697
T1008,Northeast,Control,CAT04,Electronics,2026-05-18,Post,18423.34,528
T1008,Northeast,Control,CAT04,Electronics,2026-05-25,Post,20391.05,586
T1008,Northeast,Control,CAT04,Electronics,2026-06-01,Post,19096.67,622
T1008,Northeast,Control,CAT04,Electronics,2026-06-08,Post,20911.42,699
T1008,Northeast,Control,CAT04,Electronics,2026-06-15,Post,21540.24,1129
T1008,Northeast,Control,CAT04,Electronics,2026-06-22,Post,18940.29,738
T1008,Northeast,Control,CAT04,Electronics,2026-06-29,Post,20944.05,592
T1008,Northeast,Control,CAT05,Beauty & Personal Care,2026-01-05,Pre,13961.81,405
T1008,Northeast,Control,CAT05,Beauty & Personal Care,2026-01-12,Pre,14375.4,380
T1008,Northeast,Control,CAT05,Beauty & Personal Care,2026-01-19,Pre,14985.7,614
T1008,Northeast,Control,CAT05,Beauty & Personal Care,2026-01-26,Pre,14183.25,481
T1008,Northeast,Control,CAT05,Beauty & Personal Care,2026-02-02,Pre,15007.95,537
T1008,Northeast,Control,CAT05,Beauty & Personal Care,2026-02-09,Pre,14686.88,428
T1008,Northeast,Control,CAT05,Beauty & Personal Care,2026-02-16,Pre,15770.68,397
T1008,Northeast,Control,CAT05,Beauty & Personal Care,2026-02-23,Pre,15835.24,427
T1008,Northeast,Control,CAT05,Beauty & Personal Care,2026-03-02,Pre,14468.42,471
T1008,Northeast,Control,CAT05,Beauty & Personal Care,2026-03-09,Pre,15426.45,425
T1008,Northeast,Control,CAT05,Beauty & Personal Care,2026-03-16,Pre,16191.66,371
T1008,Northeast,Control,CAT05,Beauty & Personal Care,2026-03-23,Pre,14143.04,425
T1008,Northeast,Control,CAT05,Beauty & Personal Care,2026-03-30,Pre,15083.55,434
T1008,Northeast,Control,CAT05,Beauty & Personal Care,2026-04-06,Post,15616.49,557
T1008,Northeast,Control,CAT05,Beauty & Personal Care,2026-04-13,Post,14264.09,678
T1008,Northeast,Control,CAT05,Beauty & Personal Care,2026-04-20,Post,17291.26,384
T1008,Northeast,Control,CAT05,Beauty & Personal Care,2026-04-27,Post,15035.64,832
T1008,Northeast,Control,CAT05,Beauty & Personal Care,2026-05-04,Post,17374.56,937
T1008,Northeast,Control,CAT05,Beauty & Personal Care,2026-05-11,Post,14988.6,401
T1008,Northeast,Control,CAT05,Beauty & Personal Care,2026-05-18,Post,15155.76,406
T1008,Northeast,Control,CAT05,Beauty & Personal Care,2026-05-25,Post,14006.63,316
T1008,Northeast,Control,CAT05,Beauty & Personal Care,2026-06-01,Post,16360.39,366
T1008,Northeast,Control,CAT05,Beauty & Personal Care,2026-06-08,Post,14574.96,338
T1008,Northeast,Control,CAT05,Beauty & Personal Care,2026-06-15,Post,15740.34,720
T1008,Northeast,Control,CAT05,Beauty & Personal Care,2026-06-22,Post,15022.46,470
T1008,Northeast,Control,CAT05,Beauty & Personal Care,2026-06-29,Post,16246.61,378
T1008,Northeast,Control,CAT06,Toys,2026-01-05,Pre,8855.03,335
T1008,Northeast,Control,CAT06,Toys,2026-01-12,Pre,11013.27,509
T1008,Northeast,Control,CAT06,Toys,2026-01-19,Pre,11244.13,514
T1008,Northeast,Control,CAT06,Toys,2026-01-26,Pre,10744.46,290
T1008,Northeast,Control,CAT06,Toys,2026-02-02,Pre,10832.73,385
T1008,Northeast,Control,CAT06,Toys,2026-02-09,Pre,10737.23,268
T1008,Northeast,Control,CAT06,Toys,2026-02-16,Pre,11060.1,337
T1008,Northeast,Control,CAT06,Toys,2026-02-23,Pre,12370.44,388
T1008,Northeast,Control,CAT06,Toys,2026-03-02,Pre,11947.14,288
T1008,Northeast,Control,CAT06,Toys,2026-03-09,Pre,11188.96,390
T1008,Northeast,Control,CAT06,Toys,2026-03-16,Pre,11022.64,344
T1008,Northeast,Control,CAT06,Toys,2026-03-23,Pre,12003.16,334
T1008,Northeast,Control,CAT06,Toys,2026-03-30,Pre,11556.56,483
T1008,Northeast,Control,CAT06,Toys,2026-04-06,Post,10639.78,389
T1008,Northeast,Control,CAT06,Toys,2026-04-13,Post,11313.49,479
T1008,Northeast,Control,CAT06,Toys,2026-04-20,Post,12651.47,389
T1008,Northeast,Control,CAT06,Toys,2026-04-27,Post,12010.03,552
T1008,Northeast,Control,CAT06,Toys,2026-05-04,Post,11327.82,350
T1008,Northeast,Control,CAT06,Toys,2026-05-11,Post,10504.01,330
T1008,Northeast,Control,CAT06,Toys,2026-05-18,Post,11914.96,379
T1008,Northeast,Control,CAT06,Toys,2026-05-25,Post,11786.99,432
T1008,Northeast,Control,CAT06,Toys,2026-06-01,Post,11682.48,371
T1008,Northeast,Control,CAT06,Toys,2026-06-08,Post,12519.06,626
T1008,Northeast,Control,CAT06,Toys,2026-06-15,Post,12336.82,532
T1008,Northeast,Control,CAT06,Toys,2026-06-22,Post,10763.26,472
T1008,Northeast,Control,CAT06,Toys,2026-06-29,Post,12009.88,507
T1008,Northeast,Control,CAT07,Hardlines,2026-01-05,Pre,15518.07,372
T1008,Northeast,Control,CAT07,Hardlines,2026-01-12,Pre,16458.96,558
T1008,Northeast,Control,CAT07,Hardlines,2026-01-19,Pre,15564.21,357
T1008,Northeast,Control,CAT07,Hardlines,2026-01-26,Pre,15662.92,788
T1008,Northeast,Control,CAT07,Hardlines,2026-02-02,Pre,15086.33,337
T1008,Northeast,Control,CAT07,Hardlines,2026-02-09,Pre,17715.96,849
T1008,Northeast,Control,CAT07,Hardlines,2026-02-16,Pre,17661.66,665
T1008,Northeast,Control,CAT07,Hardlines,2026-02-23,Pre,17369.37,472
T1008,Northeast,Control,CAT07,Hardlines,2026-03-02,Pre,16818.05,615
T1008,Northeast,Control,CAT07,Hardlines,2026-03-09,Pre,15918.17,506
T1008,Northeast,Control,CAT07,Hardlines,2026-03-16,Pre,17054.49,574
T1008,Northeast,Control,CAT07,Hardlines,2026-03-23,Pre,18012.17,411
T1008,Northeast,Control,CAT07,Hardlines,2026-03-30,Pre,18052.5,562
T1008,Northeast,Control,CAT07,Hardlines,2026-04-06,Post,19501.11,972
T1008,Northeast,Control,CAT07,Hardlines,2026-04-13,Post,19362.15,994
T1008,Northeast,Control,CAT07,Hardlines,2026-04-20,Post,17958.39,573
T1008,Northeast,Control,CAT07,Hardlines,2026-04-27,Post,17435.73,856
T1008,Northeast,Control,CAT07,Hardlines,2026-05-04,Post,17107.34,507
T1008,Northeast,Control,CAT07,Hardlines,2026-05-11,Post,16300.6,581
T1008,Northeast,Control,CAT07,Hardlines,2026-05-18,Post,16815.41,702
T1008,Northeast,Control,CAT07,Hardlines,2026-05-25,Post,16186.25,361
T1008,Northeast,Control,CAT07,Hardlines,2026-06-01,Post,20586.38,463
T1008,Northeast,Control,CAT07,Hardlines,2026-06-08,Post,18773.23,930
T1008,Northeast,Control,CAT07,Hardlines,2026-06-15,Post,19282.74,789
T1008,Northeast,Control,CAT07,Hardlines,2026-06-22,Post,18196.46,884
T1008,Northeast,Control,CAT07,Hardlines,2026-06-29,Post,21741.9,800
T1008,Northeast,Control,CAT08,Softlines,2026-01-05,Pre,12286.81,329
T1008,Northeast,Control,CAT08,Softlines,2026-01-12,Pre,11917.71,290
T1008,Northeast,Control,CAT08,Softlines,2026-01-19,Pre,15631.83,480
T1008,Northeast,Control,CAT08,Softlines,2026-01-26,Pre,12178.21,388
T1008,Northeast,Control,CAT08,Softlines,2026-02-02,Pre,13241.32,592
T1008,Northeast,Control,CAT08,Softlines,2026-02-09,Pre,12907.96,513
T1008,Northeast,Control,CAT08,Softlines,2026-02-16,Pre,13953.17,323
T1008,Northeast,Control,CAT08,Softlines,2026-02-23,Pre,13329.0,400
T1008,Northeast,Control,CAT08,Softlines,2026-03-02,Pre,14321.44,578
T1008,Northeast,Control,CAT08,Softlines,2026-03-09,Pre,14590.92,716
T1008,Northeast,Control,CAT08,Softlines,2026-03-16,Pre,12417.34,517
T1008,Northeast,Control,CAT08,Softlines,2026-03-23,Pre,13110.66,494
T1008,Northeast,Control,CAT08,Softlines,2026-03-30,Pre,14630.45,370
T1008,Northeast,Control,CAT08,Softlines,2026-04-06,Post,15022.12,421
T1008,Northeast,Control,CAT08,Softlines,2026-04-13,Post,14206.39,458
T1008,Northeast,Control,CAT08,Softlines,2026-04-20,Post,14517.07,456
T1008,Northeast,Control,CAT08,Softlines,2026-04-27,Post,15570.0,441
T1008,Northeast,Control,CAT08,Softlines,2026-05-04,Post,13859.32,649
T1008,Northeast,Control,CAT08,Softlines,2026-05-11,Post,14410.78,544
T1008,Northeast,Control,CAT08,Softlines,2026-05-18,Post,15502.51,549
T1008,Northeast,Control,CAT08,Softlines,2026-05-25,Post,15631.18,522
T1008,Northeast,Control,CAT08,Softlines,2026-06-01,Post,14317.36,661
T1008,Northeast,Control,CAT08,Softlines,2026-06-08,Post,13692.05,442
T1008,Northeast,Control,CAT08,Softlines,2026-06-15,Post,14412.14,587
T1008,Northeast,Control,CAT08,Softlines,2026-06-22,Post,14558.67,389
T1008,Northeast,Control,CAT08,Softlines,2026-06-29,Post,13809.5,382
T1009,Midwest,Control,CAT01,Grocery & Essentials,2026-01-05,Pre,33207.6,822
T1009,Midwest,Control,CAT01,Grocery & Essentials,2026-01-12,Pre,38714.63,1494
T1009,Midwest,Control,CAT01,Grocery & Essentials,2026-01-19,Pre,34402.97,1200
T1009,Midwest,Control,CAT01,Grocery & Essentials,2026-01-26,Pre,33667.84,763
T1009,Midwest,Control,CAT01,Grocery & Essentials,2026-02-02,Pre,33198.52,1484
T1009,Midwest,Control,CAT01,Grocery & Essentials,2026-02-09,Pre,33353.62,1572
T1009,Midwest,Control,CAT01,Grocery & Essentials,2026-02-16,Pre,36653.51,1432
T1009,Midwest,Control,CAT01,Grocery & Essentials,2026-02-23,Pre,40554.69,952
T1009,Midwest,Control,CAT01,Grocery & Essentials,2026-03-02,Pre,37135.19,1298
T1009,Midwest,Control,CAT01,Grocery & Essentials,2026-03-09,Pre,35873.19,1223
T1009,Midwest,Control,CAT01,Grocery & Essentials,2026-03-16,Pre,38652.71,2057
T1009,Midwest,Control,CAT01,Grocery & Essentials,2026-03-23,Pre,36145.56,1017
T1009,Midwest,Control,CAT01,Grocery & Essentials,2026-03-30,Pre,33407.94,1503
T1009,Midwest,Control,CAT01,Grocery & Essentials,2026-04-06,Post,35471.43,1267
T1009,Midwest,Control,CAT01,Grocery & Essentials,2026-04-13,Post,38373.59,1018
T1009,Midwest,Control,CAT01,Grocery & Essentials,2026-04-20,Post,34992.92,1073
T1009,Midwest,Control,CAT01,Grocery & Essentials,2026-04-27,Post,34794.01,1068
T1009,Midwest,Control,CAT01,Grocery & Essentials,2026-05-04,Post,35830.86,1793
T1009,Midwest,Control,CAT01,Grocery & Essentials,2026-05-11,Post,35995.59,1736
T1009,Midwest,Control,CAT01,Grocery & Essentials,2026-05-18,Post,37279.8,918
T1009,Midwest,Control,CAT01,Grocery & Essentials,2026-05-25,Post,34733.05,1452
T1009,Midwest,Control,CAT01,Grocery & Essentials,2026-06-01,Post,40608.99,1195
T1009,Midwest,Control,CAT01,Grocery & Essentials,2026-06-08,Post,44366.26,1214
T1009,Midwest,Control,CAT01,Grocery & Essentials,2026-06-15,Post,37667.6,1450
T1009,Midwest,Control,CAT01,Grocery & Essentials,2026-06-22,Post,39907.66,1205
T1009,Midwest,Control,CAT01,Grocery & Essentials,2026-06-29,Post,41944.2,986
T1009,Midwest,Control,CAT02,Apparel & Accessories,2026-01-05,Pre,15379.67,413
T1009,Midwest,Control,CAT02,Apparel & Accessories,2026-01-12,Pre,16998.21,397
T1009,Midwest,Control,CAT02,Apparel & Accessories,2026-01-19,Pre,15108.8,566
T1009,Midwest,Control,CAT02,Apparel & Accessories,2026-01-26,Pre,16325.29,420
T1009,Midwest,Control,CAT02,Apparel & Accessories,2026-02-02,Pre,15355.75,396
T1009,Midwest,Control,CAT02,Apparel & Accessories,2026-02-09,Pre,15800.91,465
T1009,Midwest,Control,CAT02,Apparel & Accessories,2026-02-16,Pre,13800.57,519
T1009,Midwest,Control,CAT02,Apparel & Accessories,2026-02-23,Pre,14482.61,331
T1009,Midwest,Control,CAT02,Apparel & Accessories,2026-03-02,Pre,16284.65,388
T1009,Midwest,Control,CAT02,Apparel & Accessories,2026-03-09,Pre,15867.53,353
T1009,Midwest,Control,CAT02,Apparel & Accessories,2026-03-16,Pre,15205.02,475
T1009,Midwest,Control,CAT02,Apparel & Accessories,2026-03-23,Pre,16430.11,415
T1009,Midwest,Control,CAT02,Apparel & Accessories,2026-03-30,Pre,16012.82,424
T1009,Midwest,Control,CAT02,Apparel & Accessories,2026-04-06,Post,15874.5,537
T1009,Midwest,Control,CAT02,Apparel & Accessories,2026-04-13,Post,15760.45,496
T1009,Midwest,Control,CAT02,Apparel & Accessories,2026-04-20,Post,15845.48,501
T1009,Midwest,Control,CAT02,Apparel & Accessories,2026-04-27,Post,14451.1,388
T1009,Midwest,Control,CAT02,Apparel & Accessories,2026-05-04,Post,15967.14,559
T1009,Midwest,Control,CAT02,Apparel & Accessories,2026-05-11,Post,15554.34,822
T1009,Midwest,Control,CAT02,Apparel & Accessories,2026-05-18,Post,16326.11,529
T1009,Midwest,Control,CAT02,Apparel & Accessories,2026-05-25,Post,16203.79,859
T1009,Midwest,Control,CAT02,Apparel & Accessories,2026-06-01,Post,15756.64,529
T1009,Midwest,Control,CAT02,Apparel & Accessories,2026-06-08,Post,16870.32,681
T1009,Midwest,Control,CAT02,Apparel & Accessories,2026-06-15,Post,16051.03,538
T1009,Midwest,Control,CAT02,Apparel & Accessories,2026-06-22,Post,17385.84,516
T1009,Midwest,Control,CAT02,Apparel & Accessories,2026-06-29,Post,16504.79,388
T1009,Midwest,Control,CAT03,Home,2026-01-05,Pre,19840.57,657
T1009,Midwest,Control,CAT03,Home,2026-01-12,Pre,17724.2,551
T1009,Midwest,Control,CAT03,Home,2026-01-19,Pre,19154.69,464
T1009,Midwest,Control,CAT03,Home,2026-01-26,Pre,18589.66,527
T1009,Midwest,Control,CAT03,Home,2026-02-02,Pre,15852.01,855
T1009,Midwest,Control,CAT03,Home,2026-02-09,Pre,18627.77,573
T1009,Midwest,Control,CAT03,Home,2026-02-16,Pre,20783.2,472
T1009,Midwest,Control,CAT03,Home,2026-02-23,Pre,17887.15,398
T1009,Midwest,Control,CAT03,Home,2026-03-02,Pre,18415.25,468
T1009,Midwest,Control,CAT03,Home,2026-03-09,Pre,18447.71,534
T1009,Midwest,Control,CAT03,Home,2026-03-16,Pre,20361.45,571
T1009,Midwest,Control,CAT03,Home,2026-03-23,Pre,18778.23,499
T1009,Midwest,Control,CAT03,Home,2026-03-30,Pre,19325.47,523
T1009,Midwest,Control,CAT03,Home,2026-04-06,Post,17092.29,399
T1009,Midwest,Control,CAT03,Home,2026-04-13,Post,20530.05,986
T1009,Midwest,Control,CAT03,Home,2026-04-20,Post,19658.24,988
T1009,Midwest,Control,CAT03,Home,2026-04-27,Post,18017.96,892
T1009,Midwest,Control,CAT03,Home,2026-05-04,Post,17285.48,525
T1009,Midwest,Control,CAT03,Home,2026-05-11,Post,20928.5,818
T1009,Midwest,Control,CAT03,Home,2026-05-18,Post,19563.76,924
T1009,Midwest,Control,CAT03,Home,2026-05-25,Post,20181.77,888
T1009,Midwest,Control,CAT03,Home,2026-06-01,Post,22609.78,960
T1009,Midwest,Control,CAT03,Home,2026-06-08,Post,21181.85,1015
T1009,Midwest,Control,CAT03,Home,2026-06-15,Post,21966.51,575
T1009,Midwest,Control,CAT03,Home,2026-06-22,Post,20280.86,876
T1009,Midwest,Control,CAT03,Home,2026-06-29,Post,21106.59,700
T1009,Midwest,Control,CAT04,Electronics,2026-01-05,Pre,13072.56,354
T1009,Midwest,Control,CAT04,Electronics,2026-01-12,Pre,12102.07,401
T1009,Midwest,Control,CAT04,Electronics,2026-01-19,Pre,13556.95,406
T1009,Midwest,Control,CAT04,Electronics,2026-01-26,Pre,12087.17,332
T1009,Midwest,Control,CAT04,Electronics,2026-02-02,Pre,13447.84,303
T1009,Midwest,Control,CAT04,Electronics,2026-02-09,Pre,13162.84,574
T1009,Midwest,Control,CAT04,Electronics,2026-02-16,Pre,12812.9,474
T1009,Midwest,Control,CAT04,Electronics,2026-02-23,Pre,12667.19,530
T1009,Midwest,Control,CAT04,Electronics,2026-03-02,Pre,12104.42,353
T1009,Midwest,Control,CAT04,Electronics,2026-03-09,Pre,12343.75,373
T1009,Midwest,Control,CAT04,Electronics,2026-03-16,Pre,13028.61,293
T1009,Midwest,Control,CAT04,Electronics,2026-03-23,Pre,12583.9,333
T1009,Midwest,Control,CAT04,Electronics,2026-03-30,Pre,13380.96,675
T1009,Midwest,Control,CAT04,Electronics,2026-04-06,Post,13528.15,476
T1009,Midwest,Control,CAT04,Electronics,2026-04-13,Post,16510.04,462
T1009,Midwest,Control,CAT04,Electronics,2026-04-20,Post,12990.21,321
T1009,Midwest,Control,CAT04,Electronics,2026-04-27,Post,11669.75,367
T1009,Midwest,Control,CAT04,Electronics,2026-05-04,Post,15323.78,610
T1009,Midwest,Control,CAT04,Electronics,2026-05-11,Post,11859.28,638
T1009,Midwest,Control,CAT04,Electronics,2026-05-18,Post,14926.56,376
T1009,Midwest,Control,CAT04,Electronics,2026-05-25,Post,12799.15,580
T1009,Midwest,Control,CAT04,Electronics,2026-06-01,Post,13113.24,405
T1009,Midwest,Control,CAT04,Electronics,2026-06-08,Post,14981.49,752
T1009,Midwest,Control,CAT04,Electronics,2026-06-15,Post,14187.55,464
T1009,Midwest,Control,CAT04,Electronics,2026-06-22,Post,12516.35,490
T1009,Midwest,Control,CAT04,Electronics,2026-06-29,Post,12545.02,298
T1009,Midwest,Control,CAT05,Beauty & Personal Care,2026-01-05,Pre,10286.74,256
T1009,Midwest,Control,CAT05,Beauty & Personal Care,2026-01-12,Pre,9387.53,295
T1009,Midwest,Control,CAT05,Beauty & Personal Care,2026-01-19,Pre,10510.82,262
T1009,Midwest,Control,CAT05,Beauty & Personal Care,2026-01-26,Pre,10626.31,276
T1009,Midwest,Control,CAT05,Beauty & Personal Care,2026-02-02,Pre,9698.92,234
T1009,Midwest,Control,CAT05,Beauty & Personal Care,2026-02-09,Pre,9906.34,517
T1009,Midwest,Control,CAT05,Beauty & Personal Care,2026-02-16,Pre,10557.06,256
T1009,Midwest,Control,CAT05,Beauty & Personal Care,2026-02-23,Pre,9784.86,265
T1009,Midwest,Control,CAT05,Beauty & Personal Care,2026-03-02,Pre,10452.24,378
T1009,Midwest,Control,CAT05,Beauty & Personal Care,2026-03-09,Pre,12155.69,565
T1009,Midwest,Control,CAT05,Beauty & Personal Care,2026-03-16,Pre,10757.0,484
T1009,Midwest,Control,CAT05,Beauty & Personal Care,2026-03-23,Pre,10244.89,429
T1009,Midwest,Control,CAT05,Beauty & Personal Care,2026-03-30,Pre,12123.48,353
T1009,Midwest,Control,CAT05,Beauty & Personal Care,2026-04-06,Post,11205.7,567
T1009,Midwest,Control,CAT05,Beauty & Personal Care,2026-04-13,Post,9889.33,291
T1009,Midwest,Control,CAT05,Beauty & Personal Care,2026-04-20,Post,10046.5,347
T1009,Midwest,Control,CAT05,Beauty & Personal Care,2026-04-27,Post,9487.07,279
T1009,Midwest,Control,CAT05,Beauty & Personal Care,2026-05-04,Post,10996.88,300
T1009,Midwest,Control,CAT05,Beauty & Personal Care,2026-05-11,Post,9294.04,249
T1009,Midwest,Control,CAT05,Beauty & Personal Care,2026-05-18,Post,12446.18,453
T1009,Midwest,Control,CAT05,Beauty & Personal Care,2026-05-25,Post,10682.14,499
T1009,Midwest,Control,CAT05,Beauty & Personal Care,2026-06-01,Post,11596.83,424
T1009,Midwest,Control,CAT05,Beauty & Personal Care,2026-06-08,Post,10695.13,306
T1009,Midwest,Control,CAT05,Beauty & Personal Care,2026-06-15,Post,11230.39,283
T1009,Midwest,Control,CAT05,Beauty & Personal Care,2026-06-22,Post,10936.4,272
T1009,Midwest,Control,CAT05,Beauty & Personal Care,2026-06-29,Post,11119.09,320
T1009,Midwest,Control,CAT06,Toys,2026-01-05,Pre,8193.81,208
T1009,Midwest,Control,CAT06,Toys,2026-01-12,Pre,8497.13,295
T1009,Midwest,Control,CAT06,Toys,2026-01-19,Pre,8479.74,257
T1009,Midwest,Control,CAT06,Toys,2026-01-26,Pre,9395.33,479
T1009,Midwest,Control,CAT06,Toys,2026-02-02,Pre,7304.73,222
T1009,Midwest,Control,CAT06,Toys,2026-02-09,Pre,7919.56,208
T1009,Midwest,Control,CAT06,Toys,2026-02-16,Pre,7373.61,172
T1009,Midwest,Control,CAT06,Toys,2026-02-23,Pre,8397.65,193
T1009,Midwest,Control,CAT06,Toys,2026-03-02,Pre,7271.52,236
T1009,Midwest,Control,CAT06,Toys,2026-03-09,Pre,8499.64,427
T1009,Midwest,Control,CAT06,Toys,2026-03-16,Pre,7968.77,426
T1009,Midwest,Control,CAT06,Toys,2026-03-23,Pre,7843.14,196
T1009,Midwest,Control,CAT06,Toys,2026-03-30,Pre,7934.08,371
T1009,Midwest,Control,CAT06,Toys,2026-04-06,Post,7323.34,301
T1009,Midwest,Control,CAT06,Toys,2026-04-13,Post,7391.71,169
T1009,Midwest,Control,CAT06,Toys,2026-04-20,Post,8131.98,195
T1009,Midwest,Control,CAT06,Toys,2026-04-27,Post,8158.85,201
T1009,Midwest,Control,CAT06,Toys,2026-05-04,Post,7713.62,388
T1009,Midwest,Control,CAT06,Toys,2026-05-11,Post,7946.37,409
T1009,Midwest,Control,CAT06,Toys,2026-05-18,Post,8402.81,229
T1009,Midwest,Control,CAT06,Toys,2026-05-25,Post,7707.08,291
T1009,Midwest,Control,CAT06,Toys,2026-06-01,Post,7192.86,189
T1009,Midwest,Control,CAT06,Toys,2026-06-08,Post,9088.39,278
T1009,Midwest,Control,CAT06,Toys,2026-06-15,Post,8417.71,189
T1009,Midwest,Control,CAT06,Toys,2026-06-22,Post,8008.89,259
T1009,Midwest,Control,CAT06,Toys,2026-06-29,Post,7919.25,360
T1009,Midwest,Control,CAT07,Hardlines,2026-01-05,Pre,11093.5,432
T1009,Midwest,Control,CAT07,Hardlines,2026-01-12,Pre,12754.33,400
T1009,Midwest,Control,CAT07,Hardlines,2026-01-19,Pre,10790.96,317
T1009,Midwest,Control,CAT07,Hardlines,2026-01-26,Pre,12220.5,325
T1009,Midwest,Control,CAT07,Hardlines,2026-02-02,Pre,12268.07,290
T1009,Midwest,Control,CAT07,Hardlines,2026-02-09,Pre,12628.87,393
T1009,Midwest,Control,CAT07,Hardlines,2026-02-16,Pre,11714.4,486
T1009,Midwest,Control,CAT07,Hardlines,2026-02-23,Pre,13271.02,325
T1009,Midwest,Control,CAT07,Hardlines,2026-03-02,Pre,12804.34,488
T1009,Midwest,Control,CAT07,Hardlines,2026-03-09,Pre,11824.36,315
T1009,Midwest,Control,CAT07,Hardlines,2026-03-16,Pre,11610.13,495
T1009,Midwest,Control,CAT07,Hardlines,2026-03-23,Pre,12156.07,379
T1009,Midwest,Control,CAT07,Hardlines,2026-03-30,Pre,11934.15,430
T1009,Midwest,Control,CAT07,Hardlines,2026-04-06,Post,11612.93,507
T1009,Midwest,Control,CAT07,Hardlines,2026-04-13,Post,12474.02,560
T1009,Midwest,Control,CAT07,Hardlines,2026-04-20,Post,12228.13,309
T1009,Midwest,Control,CAT07,Hardlines,2026-04-27,Post,13971.31,754
T1009,Midwest,Control,CAT07,Hardlines,2026-05-04,Post,12160.57,396
T1009,Midwest,Control,CAT07,Hardlines,2026-05-11,Post,11960.11,279
T1009,Midwest,Control,CAT07,Hardlines,2026-05-18,Post,12653.15,303
T1009,Midwest,Control,CAT07,Hardlines,2026-05-25,Post,12921.72,461
T1009,Midwest,Control,CAT07,Hardlines,2026-06-01,Post,13037.91,342
T1009,Midwest,Control,CAT07,Hardlines,2026-06-08,Post,13077.12,524
T1009,Midwest,Control,CAT07,Hardlines,2026-06-15,Post,12871.13,700
T1009,Midwest,Control,CAT07,Hardlines,2026-06-22,Post,12853.25,404
T1009,Midwest,Control,CAT07,Hardlines,2026-06-29,Post,13480.81,589
T1009,Midwest,Control,CAT08,Softlines,2026-01-05,Pre,8620.44,356
T1009,Midwest,Control,CAT08,Softlines,2026-01-12,Pre,8805.35,311
T1009,Midwest,Control,CAT08,Softlines,2026-01-19,Pre,8332.41,383
T1009,Midwest,Control,CAT08,Softlines,2026-01-26,Pre,8733.34,464
T1009,Midwest,Control,CAT08,Softlines,2026-02-02,Pre,10066.9,237
T1009,Midwest,Control,CAT08,Softlines,2026-02-09,Pre,9792.31,349
T1009,Midwest,Control,CAT08,Softlines,2026-02-16,Pre,10670.21,320
T1009,Midwest,Control,CAT08,Softlines,2026-02-23,Pre,10507.04,430
T1009,Midwest,Control,CAT08,Softlines,2026-03-02,Pre,9913.46,379
T1009,Midwest,Control,CAT08,Softlines,2026-03-09,Pre,9666.82,364
T1009,Midwest,Control,CAT08,Softlines,2026-03-16,Pre,9621.77,225
T1009,Midwest,Control,CAT08,Softlines,2026-03-23,Pre,8263.65,272
T1009,Midwest,Control,CAT08,Softlines,2026-03-30,Pre,9621.18,308
T1009,Midwest,Control,CAT08,Softlines,2026-04-06,Post,9332.07,503
T1009,Midwest,Control,CAT08,Softlines,2026-04-13,Post,9139.99,206
T1009,Midwest,Control,CAT08,Softlines,2026-04-20,Post,10065.83,280
T1009,Midwest,Control,CAT08,Softlines,2026-04-27,Post,9686.56,358
T1009,Midwest,Control,CAT08,Softlines,2026-05-04,Post,9922.16,293
T1009,Midwest,Control,CAT08,Softlines,2026-05-11,Post,9186.0,228
T1009,Midwest,Control,CAT08,Softlines,2026-05-18,Post,10521.53,360
T1009,Midwest,Control,CAT08,Softlines,2026-05-25,Post,9658.95,218
T1009,Midwest,Control,CAT08,Softlines,2026-06-01,Post,10255.44,464
T1009,Midwest,Control,CAT08,Softlines,2026-06-08,Post,9785.47,273
T1009,Midwest,Control,CAT08,Softlines,2026-06-15,Post,8539.27,350
T1009,Midwest,Control,CAT08,Softlines,2026-06-22,Post,10436.86,408
T1009,Midwest,Control,CAT08,Softlines,2026-06-29,Post,10058.67,526
T1010,Midwest,Test,CAT01,Grocery & Essentials,2026-01-05,Pre,34708.65,1068
T1010,Midwest,Test,CAT01,Grocery & Essentials,2026-01-12,Pre,40855.78,1012
T1010,Midwest,Test,CAT01,Grocery & Essentials,2026-01-19,Pre,30866.36,1015
T1010,Midwest,Test,CAT01,Grocery & Essentials,2026-01-26,Pre,36298.58,922
T1010,Midwest,Test,CAT01,Grocery & Essentials,2026-02-02,Pre,33372.8,807
T1010,Midwest,Test,CAT01,Grocery & Essentials,2026-02-09,Pre,37735.53,968
T1010,Midwest,Test,CAT01,Grocery & Essentials,2026-02-16,Pre,35276.62,1368
T1010,Midwest,Test,CAT01,Grocery & Essentials,2026-02-23,Pre,36226.15,1125
T1010,Midwest,Test,CAT01,Grocery & Essentials,2026-03-02,Pre,38960.05,867
T1010,Midwest,Test,CAT01,Grocery & Essentials,2026-03-09,Pre,41699.86,1646
T1010,Midwest,Test,CAT01,Grocery & Essentials,2026-03-16,Pre,41027.78,1326
T1010,Midwest,Test,CAT01,Grocery & Essentials,2026-03-23,Pre,35354.05,859
T1010,Midwest,Test,CAT01,Grocery & Essentials,2026-03-30,Pre,38606.09,2085
T1010,Midwest,Test,CAT01,Grocery & Essentials,2026-04-06,Post,36848.01,1062
T1010,Midwest,Test,CAT01,Grocery & Essentials,2026-04-13,Post,34841.33,1618
T1010,Midwest,Test,CAT01,Grocery & Essentials,2026-04-20,Post,37125.06,1275
T1010,Midwest,Test,CAT01,Grocery & Essentials,2026-04-27,Post,42692.22,1111
T1010,Midwest,Test,CAT01,Grocery & Essentials,2026-05-04,Post,42102.87,1241
T1010,Midwest,Test,CAT01,Grocery & Essentials,2026-05-11,Post,39475.2,946
T1010,Midwest,Test,CAT01,Grocery & Essentials,2026-05-18,Post,34325.86,1627
T1010,Midwest,Test,CAT01,Grocery & Essentials,2026-05-25,Post,38729.93,1306
T1010,Midwest,Test,CAT01,Grocery & Essentials,2026-06-01,Post,37178.74,963
T1010,Midwest,Test,CAT01,Grocery & Essentials,2026-06-08,Post,36999.33,1823
T1010,Midwest,Test,CAT01,Grocery & Essentials,2026-06-15,Post,40396.08,1038
T1010,Midwest,Test,CAT01,Grocery & Essentials,2026-06-22,Post,43451.51,1149
T1010,Midwest,Test,CAT01,Grocery & Essentials,2026-06-29,Post,41957.44,1117
T1010,Midwest,Test,CAT02,Apparel & Accessories,2026-01-05,Pre,14760.23,606
T1010,Midwest,Test,CAT02,Apparel & Accessories,2026-01-12,Pre,16371.21,421
T1010,Midwest,Test,CAT02,Apparel & Accessories,2026-01-19,Pre,14117.61,395
T1010,Midwest,Test,CAT02,Apparel & Accessories,2026-01-26,Pre,14059.76,445
T1010,Midwest,Test,CAT02,Apparel & Accessories,2026-02-02,Pre,13937.39,387
T1010,Midwest,Test,CAT02,Apparel & Accessories,2026-02-09,Pre,16244.85,582
T1010,Midwest,Test,CAT02,Apparel & Accessories,2026-02-16,Pre,16831.17,895
T1010,Midwest,Test,CAT02,Apparel & Accessories,2026-02-23,Pre,16863.64,538
T1010,Midwest,Test,CAT02,Apparel & Accessories,2026-03-02,Pre,14933.52,587
T1010,Midwest,Test,CAT02,Apparel & Accessories,2026-03-09,Pre,13645.9,549
T1010,Midwest,Test,CAT02,Apparel & Accessories,2026-03-16,Pre,14984.0,583
T1010,Midwest,Test,CAT02,Apparel & Accessories,2026-03-23,Pre,14976.47,410
T1010,Midwest,Test,CAT02,Apparel & Accessories,2026-03-30,Pre,16282.57,449
T1010,Midwest,Test,CAT02,Apparel & Accessories,2026-04-06,Post,16330.33,428
T1010,Midwest,Test,CAT02,Apparel & Accessories,2026-04-13,Post,16101.54,428
T1010,Midwest,Test,CAT02,Apparel & Accessories,2026-04-20,Post,16914.33,457
T1010,Midwest,Test,CAT02,Apparel & Accessories,2026-04-27,Post,19362.27,788
T1010,Midwest,Test,CAT02,Apparel & Accessories,2026-05-04,Post,16260.25,406
T1010,Midwest,Test,CAT02,Apparel & Accessories,2026-05-11,Post,16879.91,471
T1010,Midwest,Test,CAT02,Apparel & Accessories,2026-05-18,Post,16632.64,875
T1010,Midwest,Test,CAT02,Apparel & Accessories,2026-05-25,Post,16033.36,477
T1010,Midwest,Test,CAT02,Apparel & Accessories,2026-06-01,Post,17453.13,418
T1010,Midwest,Test,CAT02,Apparel & Accessories,2026-06-08,Post,16509.05,593
T1010,Midwest,Test,CAT02,Apparel & Accessories,2026-06-15,Post,15974.27,690
T1010,Midwest,Test,CAT02,Apparel & Accessories,2026-06-22,Post,16112.29,800
T1010,Midwest,Test,CAT02,Apparel & Accessories,2026-06-29,Post,18126.9,904
T1010,Midwest,Test,CAT03,Home,2026-01-05,Pre,19644.22,499
T1010,Midwest,Test,CAT03,Home,2026-01-12,Pre,18351.08,412
T1010,Midwest,Test,CAT03,Home,2026-01-19,Pre,19636.4,506
T1010,Midwest,Test,CAT03,Home,2026-01-26,Pre,19135.02,448
T1010,Midwest,Test,CAT03,Home,2026-02-02,Pre,19576.57,467
T1010,Midwest,Test,CAT03,Home,2026-02-09,Pre,18475.1,588
T1010,Midwest,Test,CAT03,Home,2026-02-16,Pre,17991.04,766
T1010,Midwest,Test,CAT03,Home,2026-02-23,Pre,19057.74,429
T1010,Midwest,Test,CAT03,Home,2026-03-02,Pre,18332.89,800
T1010,Midwest,Test,CAT03,Home,2026-03-09,Pre,18312.72,637
T1010,Midwest,Test,CAT03,Home,2026-03-16,Pre,17826.74,415
T1010,Midwest,Test,CAT03,Home,2026-03-23,Pre,16815.27,472
T1010,Midwest,Test,CAT03,Home,2026-03-30,Pre,19178.14,718
T1010,Midwest,Test,CAT03,Home,2026-04-06,Post,21465.93,898
T1010,Midwest,Test,CAT03,Home,2026-04-13,Post,21142.9,477
T1010,Midwest,Test,CAT03,Home,2026-04-20,Post,22355.18,853
T1010,Midwest,Test,CAT03,Home,2026-04-27,Post,18753.66,612
T1010,Midwest,Test,CAT03,Home,2026-05-04,Post,21111.78,820
T1010,Midwest,Test,CAT03,Home,2026-05-11,Post,20088.18,611
T1010,Midwest,Test,CAT03,Home,2026-05-18,Post,19335.62,607
T1010,Midwest,Test,CAT03,Home,2026-05-25,Post,21849.48,504
T1010,Midwest,Test,CAT03,Home,2026-06-01,Post,20327.05,480
T1010,Midwest,Test,CAT03,Home,2026-06-08,Post,18121.24,520
T1010,Midwest,Test,CAT03,Home,2026-06-15,Post,21846.86,811
T1010,Midwest,Test,CAT03,Home,2026-06-22,Post,21247.47,844
T1010,Midwest,Test,CAT03,Home,2026-06-29,Post,20969.56,697
T1010,Midwest,Test,CAT04,Electronics,2026-01-05,Pre,11855.21,468
T1010,Midwest,Test,CAT04,Electronics,2026-01-12,Pre,13153.05,676
T1010,Midwest,Test,CAT04,Electronics,2026-01-19,Pre,14339.26,391
T1010,Midwest,Test,CAT04,Electronics,2026-01-26,Pre,13350.75,557
T1010,Midwest,Test,CAT04,Electronics,2026-02-02,Pre,11758.38,652
T1010,Midwest,Test,CAT04,Electronics,2026-02-09,Pre,13526.64,709
T1010,Midwest,Test,CAT04,Electronics,2026-02-16,Pre,13518.86,301
T1010,Midwest,Test,CAT04,Electronics,2026-02-23,Pre,13934.39,585
T1010,Midwest,Test,CAT04,Electronics,2026-03-02,Pre,13597.97,445
T1010,Midwest,Test,CAT04,Electronics,2026-03-09,Pre,12488.78,314
T1010,Midwest,Test,CAT04,Electronics,2026-03-16,Pre,13466.99,630
T1010,Midwest,Test,CAT04,Electronics,2026-03-23,Pre,13211.68,318
T1010,Midwest,Test,CAT04,Electronics,2026-03-30,Pre,13680.1,654
T1010,Midwest,Test,CAT04,Electronics,2026-04-06,Post,16290.74,446
T1010,Midwest,Test,CAT04,Electronics,2026-04-13,Post,16703.76,825
T1010,Midwest,Test,CAT04,Electronics,2026-04-20,Post,16212.75,406
T1010,Midwest,Test,CAT04,Electronics,2026-04-27,Post,14545.88,553
T1010,Midwest,Test,CAT04,Electronics,2026-05-04,Post,15996.96,446
T1010,Midwest,Test,CAT04,Electronics,2026-05-11,Post,14643.53,678
T1010,Midwest,Test,CAT04,Electronics,2026-05-18,Post,16767.68,435
T1010,Midwest,Test,CAT04,Electronics,2026-05-25,Post,17894.59,591
T1010,Midwest,Test,CAT04,Electronics,2026-06-01,Post,17310.03,563
T1010,Midwest,Test,CAT04,Electronics,2026-06-08,Post,13132.87,319
T1010,Midwest,Test,CAT04,Electronics,2026-06-15,Post,16029.24,556
T1010,Midwest,Test,CAT04,Electronics,2026-06-22,Post,17474.85,448
T1010,Midwest,Test,CAT04,Electronics,2026-06-29,Post,17451.59,640
T1010,Midwest,Test,CAT05,Beauty & Personal Care,2026-01-05,Pre,10011.95,384
T1010,Midwest,Test,CAT05,Beauty & Personal Care,2026-01-12,Pre,11509.07,389
T1010,Midwest,Test,CAT05,Beauty & Personal Care,2026-01-19,Pre,10212.99,373
T1010,Midwest,Test,CAT05,Beauty & Personal Care,2026-01-26,Pre,10734.4,435
T1010,Midwest,Test,CAT05,Beauty & Personal Care,2026-02-02,Pre,11148.44,263
T1010,Midwest,Test,CAT05,Beauty & Personal Care,2026-02-09,Pre,10794.7,464
T1010,Midwest,Test,CAT05,Beauty & Personal Care,2026-02-16,Pre,11993.81,353
T1010,Midwest,Test,CAT05,Beauty & Personal Care,2026-02-23,Pre,10666.36,484
T1010,Midwest,Test,CAT05,Beauty & Personal Care,2026-03-02,Pre,11091.39,339
T1010,Midwest,Test,CAT05,Beauty & Personal Care,2026-03-09,Pre,10858.51,314
T1010,Midwest,Test,CAT05,Beauty & Personal Care,2026-03-16,Pre,11734.36,433
T1010,Midwest,Test,CAT05,Beauty & Personal Care,2026-03-23,Pre,10472.36,418
T1010,Midwest,Test,CAT05,Beauty & Personal Care,2026-03-30,Pre,12351.19,424
T1010,Midwest,Test,CAT05,Beauty & Personal Care,2026-04-06,Post,10374.44,242
T1010,Midwest,Test,CAT05,Beauty & Personal Care,2026-04-13,Post,12191.56,499
T1010,Midwest,Test,CAT05,Beauty & Personal Care,2026-04-20,Post,10194.89,267
T1010,Midwest,Test,CAT05,Beauty & Personal Care,2026-04-27,Post,11461.1,592
T1010,Midwest,Test,CAT05,Beauty & Personal Care,2026-05-04,Post,11014.84,312
T1010,Midwest,Test,CAT05,Beauty & Personal Care,2026-05-11,Post,11745.4,487
T1010,Midwest,Test,CAT05,Beauty & Personal Care,2026-05-18,Post,11432.73,444
T1010,Midwest,Test,CAT05,Beauty & Personal Care,2026-05-25,Post,11786.88,620
T1010,Midwest,Test,CAT05,Beauty & Personal Care,2026-06-01,Post,10401.7,300
T1010,Midwest,Test,CAT05,Beauty & Personal Care,2026-06-08,Post,10021.14,477
T1010,Midwest,Test,CAT05,Beauty & Personal Care,2026-06-15,Post,10364.25,320
T1010,Midwest,Test,CAT05,Beauty & Personal Care,2026-06-22,Post,10385.06,334
T1010,Midwest,Test,CAT05,Beauty & Personal Care,2026-06-29,Post,10546.81,322
T1010,Midwest,Test,CAT06,Toys,2026-01-05,Pre,7429.11,166
T1010,Midwest,Test,CAT06,Toys,2026-01-12,Pre,7454.42,172
T1010,Midwest,Test,CAT06,Toys,2026-01-19,Pre,7809.58,247
T1010,Midwest,Test,CAT06,Toys,2026-01-26,Pre,7391.9,233
T1010,Midwest,Test,CAT06,Toys,2026-02-02,Pre,7459.9,294
T1010,Midwest,Test,CAT06,Toys,2026-02-09,Pre,7782.2,233
T1010,Midwest,Test,CAT06,Toys,2026-02-16,Pre,8495.67,228
T1010,Midwest,Test,CAT06,Toys,2026-02-23,Pre,7724.99,268
T1010,Midwest,Test,CAT06,Toys,2026-03-02,Pre,7959.18,264
T1010,Midwest,Test,CAT06,Toys,2026-03-09,Pre,8076.85,403
T1010,Midwest,Test,CAT06,Toys,2026-03-16,Pre,7534.55,372
T1010,Midwest,Test,CAT06,Toys,2026-03-23,Pre,7895.94,221
T1010,Midwest,Test,CAT06,Toys,2026-03-30,Pre,7734.94,172
T1010,Midwest,Test,CAT06,Toys,2026-04-06,Post,8667.3,256
T1010,Midwest,Test,CAT06,Toys,2026-04-13,Post,8648.39,208
T1010,Midwest,Test,CAT06,Toys,2026-04-20,Post,7770.35,203
T1010,Midwest,Test,CAT06,Toys,2026-04-27,Post,8195.28,224
T1010,Midwest,Test,CAT06,Toys,2026-05-04,Post,8609.2,466
T1010,Midwest,Test,CAT06,Toys,2026-05-11,Post,8476.84,193
T1010,Midwest,Test,CAT06,Toys,2026-05-18,Post,8570.75,374
T1010,Midwest,Test,CAT06,Toys,2026-05-25,Post,7827.49,252
T1010,Midwest,Test,CAT06,Toys,2026-06-01,Post,9359.75,243
T1010,Midwest,Test,CAT06,Toys,2026-06-08,Post,8072.37,341
T1010,Midwest,Test,CAT06,Toys,2026-06-15,Post,8086.69,265
T1010,Midwest,Test,CAT06,Toys,2026-06-22,Post,7738.95,205
T1010,Midwest,Test,CAT06,Toys,2026-06-29,Post,8417.21,247
T1010,Midwest,Test,CAT07,Hardlines,2026-01-05,Pre,13003.13,386
T1010,Midwest,Test,CAT07,Hardlines,2026-01-12,Pre,12341.15,339
T1010,Midwest,Test,CAT07,Hardlines,2026-01-19,Pre,12061.34,277
T1010,Midwest,Test,CAT07,Hardlines,2026-01-26,Pre,12824.93,695
T1010,Midwest,Test,CAT07,Hardlines,2026-02-02,Pre,13187.11,418
T1010,Midwest,Test,CAT07,Hardlines,2026-02-09,Pre,12992.36,394
T1010,Midwest,Test,CAT07,Hardlines,2026-02-16,Pre,10789.55,424
T1010,Midwest,Test,CAT07,Hardlines,2026-02-23,Pre,13035.63,352
T1010,Midwest,Test,CAT07,Hardlines,2026-03-02,Pre,12822.08,444
T1010,Midwest,Test,CAT07,Hardlines,2026-03-09,Pre,11796.26,404
T1010,Midwest,Test,CAT07,Hardlines,2026-03-16,Pre,12925.22,303
T1010,Midwest,Test,CAT07,Hardlines,2026-03-23,Pre,13577.26,520
T1010,Midwest,Test,CAT07,Hardlines,2026-03-30,Pre,12130.52,319
T1010,Midwest,Test,CAT07,Hardlines,2026-04-06,Post,13467.27,334
T1010,Midwest,Test,CAT07,Hardlines,2026-04-13,Post,13000.01,710
T1010,Midwest,Test,CAT07,Hardlines,2026-04-20,Post,10333.41,465
T1010,Midwest,Test,CAT07,Hardlines,2026-04-27,Post,12794.49,434
T1010,Midwest,Test,CAT07,Hardlines,2026-05-04,Post,13111.4,443
T1010,Midwest,Test,CAT07,Hardlines,2026-05-11,Post,12645.56,483
T1010,Midwest,Test,CAT07,Hardlines,2026-05-18,Post,13280.28,371
T1010,Midwest,Test,CAT07,Hardlines,2026-05-25,Post,12890.9,331
T1010,Midwest,Test,CAT07,Hardlines,2026-06-01,Post,15134.42,400
T1010,Midwest,Test,CAT07,Hardlines,2026-06-08,Post,12772.91,597
T1010,Midwest,Test,CAT07,Hardlines,2026-06-15,Post,12457.52,285
T1010,Midwest,Test,CAT07,Hardlines,2026-06-22,Post,13979.32,399
T1010,Midwest,Test,CAT07,Hardlines,2026-06-29,Post,13023.12,510
T1010,Midwest,Test,CAT08,Softlines,2026-01-05,Pre,9412.33,224
T1010,Midwest,Test,CAT08,Softlines,2026-01-12,Pre,9394.53,241
T1010,Midwest,Test,CAT08,Softlines,2026-01-19,Pre,10061.67,476
T1010,Midwest,Test,CAT08,Softlines,2026-01-26,Pre,8889.94,364
T1010,Midwest,Test,CAT08,Softlines,2026-02-02,Pre,10217.85,290
T1010,Midwest,Test,CAT08,Softlines,2026-02-09,Pre,10013.59,407
T1010,Midwest,Test,CAT08,Softlines,2026-02-16,Pre,10922.61,323
T1010,Midwest,Test,CAT08,Softlines,2026-02-23,Pre,9862.15,299
T1010,Midwest,Test,CAT08,Softlines,2026-03-02,Pre,9109.25,250
T1010,Midwest,Test,CAT08,Softlines,2026-03-09,Pre,9946.44,357
T1010,Midwest,Test,CAT08,Softlines,2026-03-16,Pre,10069.02,295
T1010,Midwest,Test,CAT08,Softlines,2026-03-23,Pre,10734.54,394
T1010,Midwest,Test,CAT08,Softlines,2026-03-30,Pre,9248.94,226
T1010,Midwest,Test,CAT08,Softlines,2026-04-06,Post,8928.89,242
T1010,Midwest,Test,CAT08,Softlines,2026-04-13,Post,10153.05,225
T1010,Midwest,Test,CAT08,Softlines,2026-04-20,Post,11344.36,443
T1010,Midwest,Test,CAT08,Softlines,2026-04-27,Post,10550.55,417
T1010,Midwest,Test,CAT08,Softlines,2026-05-04,Post,10633.5,343
T1010,Midwest,Test,CAT08,Softlines,2026-05-11,Post,9235.35,291
T1010,Midwest,Test,CAT08,Softlines,2026-05-18,Post,10225.05,259
T1010,Midwest,Test,CAT08,Softlines,2026-05-25,Post,11120.19,431
T1010,Midwest,Test,CAT08,Softlines,2026-06-01,Post,10503.68,251
T1010,Midwest,Test,CAT08,Softlines,2026-06-08,Post,9192.12,274
T1010,Midwest,Test,CAT08,Softlines,2026-06-15,Post,10362.85,486
T1010,Midwest,Test,CAT08,Softlines,2026-06-22,Post,10813.54,453
T1010,Midwest,Test,CAT08,Softlines,2026-06-29,Post,8159.09,266
T1011,West,Control,CAT01,Grocery & Essentials,2026-01-05,Pre,49536.37,1852
T1011,West,Control,CAT01,Grocery & Essentials,2026-01-12,Pre,47184.27,1234
T1011,West,Control,CAT01,Grocery & Essentials,2026-01-19,Pre,47699.04,1113
T1011,West,Control,CAT01,Grocery & Essentials,2026-01-26,Pre,45037.61,1579
T1011,West,Control,CAT01,Grocery & Essentials,2026-02-02,Pre,47939.01,1883
T1011,West,Control,CAT01,Grocery & Essentials,2026-02-09,Pre,46742.23,1517
T1011,West,Control,CAT01,Grocery & Essentials,2026-02-16,Pre,45453.78,1907
T1011,West,Control,CAT01,Grocery & Essentials,2026-02-23,Pre,53682.01,1437
T1011,West,Control,CAT01,Grocery & Essentials,2026-03-02,Pre,45455.95,1181
T1011,West,Control,CAT01,Grocery & Essentials,2026-03-09,Pre,47746.61,1216
T1011,West,Control,CAT01,Grocery & Essentials,2026-03-16,Pre,47648.39,1359
T1011,West,Control,CAT01,Grocery & Essentials,2026-03-23,Pre,48476.15,1742
T1011,West,Control,CAT01,Grocery & Essentials,2026-03-30,Pre,54403.02,1551
T1011,West,Control,CAT01,Grocery & Essentials,2026-04-06,Post,50218.41,1219
T1011,West,Control,CAT01,Grocery & Essentials,2026-04-13,Post,46843.47,1374
T1011,West,Control,CAT01,Grocery & Essentials,2026-04-20,Post,53626.52,1657
T1011,West,Control,CAT01,Grocery & Essentials,2026-04-27,Post,51397.53,1508
T1011,West,Control,CAT01,Grocery & Essentials,2026-05-04,Post,47438.82,1328
T1011,West,Control,CAT01,Grocery & Essentials,2026-05-11,Post,53593.78,2219
T1011,West,Control,CAT01,Grocery & Essentials,2026-05-18,Post,44812.3,1834
T1011,West,Control,CAT01,Grocery & Essentials,2026-05-25,Post,45770.13,1895
T1011,West,Control,CAT01,Grocery & Essentials,2026-06-01,Post,44105.37,1070
T1011,West,Control,CAT01,Grocery & Essentials,2026-06-08,Post,42869.86,1545
T1011,West,Control,CAT01,Grocery & Essentials,2026-06-15,Post,54301.14,2436
T1011,West,Control,CAT01,Grocery & Essentials,2026-06-22,Post,50935.18,1636
T1011,West,Control,CAT01,Grocery & Essentials,2026-06-29,Post,45033.27,1848
T1011,West,Control,CAT02,Apparel & Accessories,2026-01-05,Pre,19599.85,699
T1011,West,Control,CAT02,Apparel & Accessories,2026-01-12,Pre,20984.72,1113
T1011,West,Control,CAT02,Apparel & Accessories,2026-01-19,Pre,18793.48,538
T1011,West,Control,CAT02,Apparel & Accessories,2026-01-26,Pre,19447.71,732
T1011,West,Control,CAT02,Apparel & Accessories,2026-02-02,Pre,22822.12,676
T1011,West,Control,CAT02,Apparel & Accessories,2026-02-09,Pre,19723.09,645
T1011,West,Control,CAT02,Apparel & Accessories,2026-02-16,Pre,18065.44,452
T1011,West,Control,CAT02,Apparel & Accessories,2026-02-23,Pre,19461.36,456
T1011,West,Control,CAT02,Apparel & Accessories,2026-03-02,Pre,18021.86,682
T1011,West,Control,CAT02,Apparel & Accessories,2026-03-09,Pre,21316.97,810
T1011,West,Control,CAT02,Apparel & Accessories,2026-03-16,Pre,19200.01,547
T1011,West,Control,CAT02,Apparel & Accessories,2026-03-23,Pre,19232.1,449
T1011,West,Control,CAT02,Apparel & Accessories,2026-03-30,Pre,23708.71,1303
T1011,West,Control,CAT02,Apparel & Accessories,2026-04-06,Post,18962.41,512
T1011,West,Control,CAT02,Apparel & Accessories,2026-04-13,Post,18795.79,551
T1011,West,Control,CAT02,Apparel & Accessories,2026-04-20,Post,19320.17,856
T1011,West,Control,CAT02,Apparel & Accessories,2026-04-27,Post,22289.45,809
T1011,West,Control,CAT02,Apparel & Accessories,2026-05-04,Post,21764.81,911
T1011,West,Control,CAT02,Apparel & Accessories,2026-05-11,Post,20276.22,523
T1011,West,Control,CAT02,Apparel & Accessories,2026-05-18,Post,20223.05,1054
T1011,West,Control,CAT02,Apparel & Accessories,2026-05-25,Post,21888.03,562
T1011,West,Control,CAT02,Apparel & Accessories,2026-06-01,Post,21647.92,585
T1011,West,Control,CAT02,Apparel & Accessories,2026-06-08,Post,21132.02,868
T1011,West,Control,CAT02,Apparel & Accessories,2026-06-15,Post,22308.57,948
T1011,West,Control,CAT02,Apparel & Accessories,2026-06-22,Post,19884.3,852
T1011,West,Control,CAT02,Apparel & Accessories,2026-06-29,Post,20331.23,641
T1011,West,Control,CAT03,Home,2026-01-05,Pre,25061.86,732
T1011,West,Control,CAT03,Home,2026-01-12,Pre,24644.58,575
T1011,West,Control,CAT03,Home,2026-01-19,Pre,20690.01,495
T1011,West,Control,CAT03,Home,2026-01-26,Pre,24360.26,693
T1011,West,Control,CAT03,Home,2026-02-02,Pre,28011.81,941
T1011,West,Control,CAT03,Home,2026-02-09,Pre,25855.47,760
T1011,West,Control,CAT03,Home,2026-02-16,Pre,23721.18,1303
T1011,West,Control,CAT03,Home,2026-02-23,Pre,23360.12,1213
T1011,West,Control,CAT03,Home,2026-03-02,Pre,25416.47,734
T1011,West,Control,CAT03,Home,2026-03-09,Pre,26978.54,639
T1011,West,Control,CAT03,Home,2026-03-16,Pre,21964.61,524
T1011,West,Control,CAT03,Home,2026-03-23,Pre,25579.08,1044
T1011,West,Control,CAT03,Home,2026-03-30,Pre,24586.53,926
T1011,West,Control,CAT03,Home,2026-04-06,Post,25608.65,1039
T1011,West,Control,CAT03,Home,2026-04-13,Post,22860.07,944
T1011,West,Control,CAT03,Home,2026-04-20,Post,27602.04,1237
T1011,West,Control,CAT03,Home,2026-04-27,Post,28242.58,1172
T1011,West,Control,CAT03,Home,2026-05-04,Post,26889.99,812
T1011,West,Control,CAT03,Home,2026-05-11,Post,28879.95,721
T1011,West,Control,CAT03,Home,2026-05-18,Post,25155.9,766
T1011,West,Control,CAT03,Home,2026-05-25,Post,26416.75,770
T1011,West,Control,CAT03,Home,2026-06-01,Post,27322.09,1211
T1011,West,Control,CAT03,Home,2026-06-08,Post,26820.73,1025
T1011,West,Control,CAT03,Home,2026-06-15,Post,25752.98,600
T1011,West,Control,CAT03,Home,2026-06-22,Post,26037.53,747
T1011,West,Control,CAT03,Home,2026-06-29,Post,28993.44,1138
T1011,West,Control,CAT04,Electronics,2026-01-05,Pre,16353.76,630
T1011,West,Control,CAT04,Electronics,2026-01-12,Pre,17749.32,587
T1011,West,Control,CAT04,Electronics,2026-01-19,Pre,16424.31,368
T1011,West,Control,CAT04,Electronics,2026-01-26,Pre,17882.78,573
T1011,West,Control,CAT04,Electronics,2026-02-02,Pre,16738.2,609
T1011,West,Control,CAT04,Electronics,2026-02-09,Pre,17422.66,767
T1011,West,Control,CAT04,Electronics,2026-02-16,Pre,15996.97,546
T1011,West,Control,CAT04,Electronics,2026-02-23,Pre,17141.58,396
T1011,West,Control,CAT04,Electronics,2026-03-02,Pre,16138.21,412
T1011,West,Control,CAT04,Electronics,2026-03-09,Pre,16486.07,380
T1011,West,Control,CAT04,Electronics,2026-03-16,Pre,16641.44,571
T1011,West,Control,CAT04,Electronics,2026-03-23,Pre,16890.37,619
T1011,West,Control,CAT04,Electronics,2026-03-30,Pre,18357.83,409
T1011,West,Control,CAT04,Electronics,2026-04-06,Post,16696.16,456
T1011,West,Control,CAT04,Electronics,2026-04-13,Post,17479.65,433
T1011,West,Control,CAT04,Electronics,2026-04-20,Post,18735.43,564
T1011,West,Control,CAT04,Electronics,2026-04-27,Post,18147.0,974
T1011,West,Control,CAT04,Electronics,2026-05-04,Post,15400.54,382
T1011,West,Control,CAT04,Electronics,2026-05-11,Post,15793.55,703
T1011,West,Control,CAT04,Electronics,2026-05-18,Post,18109.05,570
T1011,West,Control,CAT04,Electronics,2026-05-25,Post,17080.83,754
T1011,West,Control,CAT04,Electronics,2026-06-01,Post,15819.19,412
T1011,West,Control,CAT04,Electronics,2026-06-08,Post,17120.9,809
T1011,West,Control,CAT04,Electronics,2026-06-15,Post,18426.9,538
T1011,West,Control,CAT04,Electronics,2026-06-22,Post,17524.08,900
T1011,West,Control,CAT04,Electronics,2026-06-29,Post,18083.79,519
T1011,West,Control,CAT05,Beauty & Personal Care,2026-01-05,Pre,12869.56,433
T1011,West,Control,CAT05,Beauty & Personal Care,2026-01-12,Pre,12516.94,380
T1011,West,Control,CAT05,Beauty & Personal Care,2026-01-19,Pre,13428.06,449
T1011,West,Control,CAT05,Beauty & Personal Care,2026-01-26,Pre,11730.14,274
T1011,West,Control,CAT05,Beauty & Personal Care,2026-02-02,Pre,12555.97,481
T1011,West,Control,CAT05,Beauty & Personal Care,2026-02-09,Pre,14099.12,589
T1011,West,Control,CAT05,Beauty & Personal Care,2026-02-16,Pre,12094.69,290
T1011,West,Control,CAT05,Beauty & Personal Care,2026-02-23,Pre,13472.59,691
T1011,West,Control,CAT05,Beauty & Personal Care,2026-03-02,Pre,13128.68,543
T1011,West,Control,CAT05,Beauty & Personal Care,2026-03-09,Pre,13092.88,376
T1011,West,Control,CAT05,Beauty & Personal Care,2026-03-16,Pre,14473.35,543
T1011,West,Control,CAT05,Beauty & Personal Care,2026-03-23,Pre,14730.27,546
T1011,West,Control,CAT05,Beauty & Personal Care,2026-03-30,Pre,12732.16,301
T1011,West,Control,CAT05,Beauty & Personal Care,2026-04-06,Post,11255.04,267
T1011,West,Control,CAT05,Beauty & Personal Care,2026-04-13,Post,13675.35,382
T1011,West,Control,CAT05,Beauty & Personal Care,2026-04-20,Post,12058.19,391
T1011,West,Control,CAT05,Beauty & Personal Care,2026-04-27,Post,14746.04,748
T1011,West,Control,CAT05,Beauty & Personal Care,2026-05-04,Post,13945.78,520
T1011,West,Control,CAT05,Beauty & Personal Care,2026-05-11,Post,12602.91,416
T1011,West,Control,CAT05,Beauty & Personal Care,2026-05-18,Post,13341.02,298
T1011,West,Control,CAT05,Beauty & Personal Care,2026-05-25,Post,13040.88,609
T1011,West,Control,CAT05,Beauty & Personal Care,2026-06-01,Post,13387.37,376
T1011,West,Control,CAT05,Beauty & Personal Care,2026-06-08,Post,12454.63,446
T1011,West,Control,CAT05,Beauty & Personal Care,2026-06-15,Post,15686.89,734
T1011,West,Control,CAT05,Beauty & Personal Care,2026-06-22,Post,13349.52,357
T1011,West,Control,CAT05,Beauty & Personal Care,2026-06-29,Post,14413.81,354
T1011,West,Control,CAT06,Toys,2026-01-05,Pre,10118.1,445
T1011,West,Control,CAT06,Toys,2026-01-12,Pre,10625.54,458
T1011,West,Control,CAT06,Toys,2026-01-19,Pre,9929.92,314
T1011,West,Control,CAT06,Toys,2026-01-26,Pre,9757.68,272
T1011,West,Control,CAT06,Toys,2026-02-02,Pre,10037.87,554
T1011,West,Control,CAT06,Toys,2026-02-09,Pre,9290.43,477
T1011,West,Control,CAT06,Toys,2026-02-16,Pre,9377.62,503
T1011,West,Control,CAT06,Toys,2026-02-23,Pre,9896.03,234
T1011,West,Control,CAT06,Toys,2026-03-02,Pre,8639.44,250
T1011,West,Control,CAT06,Toys,2026-03-09,Pre,9700.94,455
T1011,West,Control,CAT06,Toys,2026-03-16,Pre,9880.67,236
T1011,West,Control,CAT06,Toys,2026-03-23,Pre,11636.93,388
T1011,West,Control,CAT06,Toys,2026-03-30,Pre,11194.82,291
T1011,West,Control,CAT06,Toys,2026-04-06,Post,10641.5,426
T1011,West,Control,CAT06,Toys,2026-04-13,Post,10996.18,486
T1011,West,Control,CAT06,Toys,2026-04-20,Post,9701.71,429
T1011,West,Control,CAT06,Toys,2026-04-27,Post,10531.76,542
T1011,West,Control,CAT06,Toys,2026-05-04,Post,11020.03,551
T1011,West,Control,CAT06,Toys,2026-05-11,Post,9817.6,325
T1011,West,Control,CAT06,Toys,2026-05-18,Post,9513.36,216
T1011,West,Control,CAT06,Toys,2026-05-25,Post,10842.44,374
T1011,West,Control,CAT06,Toys,2026-06-01,Post,9655.72,343
T1011,West,Control,CAT06,Toys,2026-06-08,Post,11075.91,427
T1011,West,Control,CAT06,Toys,2026-06-15,Post,11542.25,555
T1011,West,Control,CAT06,Toys,2026-06-22,Post,10059.1,486
T1011,West,Control,CAT06,Toys,2026-06-29,Post,10148.27,327
T1011,West,Control,CAT07,Hardlines,2026-01-05,Pre,16406.26,755
T1011,West,Control,CAT07,Hardlines,2026-01-12,Pre,15391.03,663
T1011,West,Control,CAT07,Hardlines,2026-01-19,Pre,16373.16,413
T1011,West,Control,CAT07,Hardlines,2026-01-26,Pre,15192.36,524
T1011,West,Control,CAT07,Hardlines,2026-02-02,Pre,15330.79,411
T1011,West,Control,CAT07,Hardlines,2026-02-09,Pre,15607.94,679
T1011,West,Control,CAT07,Hardlines,2026-02-16,Pre,17462.16,585
T1011,West,Control,CAT07,Hardlines,2026-02-23,Pre,16602.61,763
T1011,West,Control,CAT07,Hardlines,2026-03-02,Pre,14998.05,571
T1011,West,Control,CAT07,Hardlines,2026-03-09,Pre,16030.93,526
T1011,West,Control,CAT07,Hardlines,2026-03-16,Pre,15537.01,489
T1011,West,Control,CAT07,Hardlines,2026-03-23,Pre,15392.96,740
T1011,West,Control,CAT07,Hardlines,2026-03-30,Pre,16562.77,535
T1011,West,Control,CAT07,Hardlines,2026-04-06,Post,16382.31,656
T1011,West,Control,CAT07,Hardlines,2026-04-13,Post,15088.24,393
T1011,West,Control,CAT07,Hardlines,2026-04-20,Post,16222.83,473
T1011,West,Control,CAT07,Hardlines,2026-04-27,Post,15654.74,530
T1011,West,Control,CAT07,Hardlines,2026-05-04,Post,16803.0,472
T1011,West,Control,CAT07,Hardlines,2026-05-11,Post,15724.49,708
T1011,West,Control,CAT07,Hardlines,2026-05-18,Post,16242.97,581
T1011,West,Control,CAT07,Hardlines,2026-05-25,Post,15953.53,594
T1011,West,Control,CAT07,Hardlines,2026-06-01,Post,14623.68,342
T1011,West,Control,CAT07,Hardlines,2026-06-08,Post,18482.24,421
T1011,West,Control,CAT07,Hardlines,2026-06-15,Post,16699.83,414
T1011,West,Control,CAT07,Hardlines,2026-06-22,Post,18667.37,659
T1011,West,Control,CAT07,Hardlines,2026-06-29,Post,16874.54,502
T1011,West,Control,CAT08,Softlines,2026-01-05,Pre,12570.32,551
T1011,West,Control,CAT08,Softlines,2026-01-12,Pre,11515.56,262
T1011,West,Control,CAT08,Softlines,2026-01-19,Pre,11581.07,259
T1011,West,Control,CAT08,Softlines,2026-01-26,Pre,12112.88,517
T1011,West,Control,CAT08,Softlines,2026-02-02,Pre,13587.26,346
T1011,West,Control,CAT08,Softlines,2026-02-09,Pre,11477.85,436
T1011,West,Control,CAT08,Softlines,2026-02-16,Pre,10675.28,395
T1011,West,Control,CAT08,Softlines,2026-02-23,Pre,13229.06,320
T1011,West,Control,CAT08,Softlines,2026-03-02,Pre,13028.91,337
T1011,West,Control,CAT08,Softlines,2026-03-09,Pre,12070.18,269
T1011,West,Control,CAT08,Softlines,2026-03-16,Pre,14296.1,569
T1011,West,Control,CAT08,Softlines,2026-03-23,Pre,14400.14,436
T1011,West,Control,CAT08,Softlines,2026-03-30,Pre,11056.45,294
T1011,West,Control,CAT08,Softlines,2026-04-06,Post,12046.84,657
T1011,West,Control,CAT08,Softlines,2026-04-13,Post,12633.25,280
T1011,West,Control,CAT08,Softlines,2026-04-20,Post,13078.34,569
T1011,West,Control,CAT08,Softlines,2026-04-27,Post,12987.81,440
T1011,West,Control,CAT08,Softlines,2026-05-04,Post,12829.57,364
T1011,West,Control,CAT08,Softlines,2026-05-11,Post,11937.11,416
T1011,West,Control,CAT08,Softlines,2026-05-18,Post,13389.86,312
T1011,West,Control,CAT08,Softlines,2026-05-25,Post,13493.04,502
T1011,West,Control,CAT08,Softlines,2026-06-01,Post,13877.37,395
T1011,West,Control,CAT08,Softlines,2026-06-08,Post,11999.12,627
T1011,West,Control,CAT08,Softlines,2026-06-15,Post,12917.62,588
T1011,West,Control,CAT08,Softlines,2026-06-22,Post,12726.49,296
T1011,West,Control,CAT08,Softlines,2026-06-29,Post,12116.25,444
T1012,South,Test,CAT01,Grocery & Essentials,2026-01-05,Pre,35130.66,1424
T1012,South,Test,CAT01,Grocery & Essentials,2026-01-12,Pre,38231.8,1382
T1012,South,Test,CAT01,Grocery & Essentials,2026-01-19,Pre,40521.78,1102
T1012,South,Test,CAT01,Grocery & Essentials,2026-01-26,Pre,38105.0,943
T1012,South,Test,CAT01,Grocery & Essentials,2026-02-02,Pre,41282.52,1519
T1012,South,Test,CAT01,Grocery & Essentials,2026-02-09,Pre,37753.91,910
T1012,South,Test,CAT01,Grocery & Essentials,2026-02-16,Pre,42580.9,1634
T1012,South,Test,CAT01,Grocery & Essentials,2026-02-23,Pre,42864.05,1142
T1012,South,Test,CAT01,Grocery & Essentials,2026-03-02,Pre,44242.13,1229
T1012,South,Test,CAT01,Grocery & Essentials,2026-03-09,Pre,43439.4,1018
T1012,South,Test,CAT01,Grocery & Essentials,2026-03-16,Pre,40865.07,1142
T1012,South,Test,CAT01,Grocery & Essentials,2026-03-23,Pre,41932.91,988
T1012,South,Test,CAT01,Grocery & Essentials,2026-03-30,Pre,43532.03,1277
T1012,South,Test,CAT01,Grocery & Essentials,2026-04-06,Post,39633.77,1424
T1012,South,Test,CAT01,Grocery & Essentials,2026-04-13,Post,39539.86,1116
T1012,South,Test,CAT01,Grocery & Essentials,2026-04-20,Post,38944.34,1783
T1012,South,Test,CAT01,Grocery & Essentials,2026-04-27,Post,39518.04,943
T1012,South,Test,CAT01,Grocery & Essentials,2026-05-04,Post,44307.14,1499
T1012,South,Test,CAT01,Grocery & Essentials,2026-05-11,Post,44296.03,1097
T1012,South,Test,CAT01,Grocery & Essentials,2026-05-18,Post,45246.89,2063
T1012,South,Test,CAT01,Grocery & Essentials,2026-05-25,Post,51887.51,1520
T1012,South,Test,CAT01,Grocery & Essentials,2026-06-01,Post,43413.94,1192
T1012,South,Test,CAT01,Grocery & Essentials,2026-06-08,Post,42315.77,1128
T1012,South,Test,CAT01,Grocery & Essentials,2026-06-15,Post,47879.08,1185
T1012,South,Test,CAT01,Grocery & Essentials,2026-06-22,Post,45277.46,1229
T1012,South,Test,CAT01,Grocery & Essentials,2026-06-29,Post,44544.07,1928
T1012,South,Test,CAT02,Apparel & Accessories,2026-01-05,Pre,15035.08,385
T1012,South,Test,CAT02,Apparel & Accessories,2026-01-12,Pre,17466.76,754
T1012,South,Test,CAT02,Apparel & Accessories,2026-01-19,Pre,17505.48,406
T1012,South,Test,CAT02,Apparel & Accessories,2026-01-26,Pre,15813.29,555
T1012,South,Test,CAT02,Apparel & Accessories,2026-02-02,Pre,15252.19,499
T1012,South,Test,CAT02,Apparel & Accessories,2026-02-09,Pre,18005.67,618
T1012,South,Test,CAT02,Apparel & Accessories,2026-02-16,Pre,18234.9,680
T1012,South,Test,CAT02,Apparel & Accessories,2026-02-23,Pre,16504.5,863
T1012,South,Test,CAT02,Apparel & Accessories,2026-03-02,Pre,16518.0,704
T1012,South,Test,CAT02,Apparel & Accessories,2026-03-09,Pre,17536.77,798
T1012,South,Test,CAT02,Apparel & Accessories,2026-03-16,Pre,16916.14,448
T1012,South,Test,CAT02,Apparel & Accessories,2026-03-23,Pre,15649.54,698
T1012,South,Test,CAT02,Apparel & Accessories,2026-03-30,Pre,16363.31,408
T1012,South,Test,CAT02,Apparel & Accessories,2026-04-06,Post,18024.04,463
T1012,South,Test,CAT02,Apparel & Accessories,2026-04-13,Post,16550.15,716
T1012,South,Test,CAT02,Apparel & Accessories,2026-04-20,Post,18944.15,618
T1012,South,Test,CAT02,Apparel & Accessories,2026-04-27,Post,18456.97,420
T1012,South,Test,CAT02,Apparel & Accessories,2026-05-04,Post,18348.99,666
T1012,South,Test,CAT02,Apparel & Accessories,2026-05-11,Post,18119.85,580
T1012,South,Test,CAT02,Apparel & Accessories,2026-05-18,Post,17122.18,942
T1012,South,Test,CAT02,Apparel & Accessories,2026-05-25,Post,18911.21,533
T1012,South,Test,CAT02,Apparel & Accessories,2026-06-01,Post,17216.29,429
T1012,South,Test,CAT02,Apparel & Accessories,2026-06-08,Post,19522.57,570
T1012,South,Test,CAT02,Apparel & Accessories,2026-06-15,Post,20266.38,676
T1012,South,Test,CAT02,Apparel & Accessories,2026-06-22,Post,18566.98,628
T1012,South,Test,CAT02,Apparel & Accessories,2026-06-29,Post,20206.6,986
T1012,South,Test,CAT03,Home,2026-01-05,Pre,19101.33,812
T1012,South,Test,CAT03,Home,2026-01-12,Pre,21303.18,959
T1012,South,Test,CAT03,Home,2026-01-19,Pre,20637.82,516
T1012,South,Test,CAT03,Home,2026-01-26,Pre,21861.05,576
T1012,South,Test,CAT03,Home,2026-02-02,Pre,18022.42,712
T1012,South,Test,CAT03,Home,2026-02-09,Pre,21939.62,797
T1012,South,Test,CAT03,Home,2026-02-16,Pre,20041.37,667
T1012,South,Test,CAT03,Home,2026-02-23,Pre,21118.34,630
T1012,South,Test,CAT03,Home,2026-03-02,Pre,24165.4,1063
T1012,South,Test,CAT03,Home,2026-03-09,Pre,22033.67,681
T1012,South,Test,CAT03,Home,2026-03-16,Pre,21911.28,618
T1012,South,Test,CAT03,Home,2026-03-23,Pre,21869.82,1109
T1012,South,Test,CAT03,Home,2026-03-30,Pre,23155.49,1103
T1012,South,Test,CAT03,Home,2026-04-06,Post,22780.53,599
T1012,South,Test,CAT03,Home,2026-04-13,Post,22138.21,555
T1012,South,Test,CAT03,Home,2026-04-20,Post,22028.94,1009
T1012,South,Test,CAT03,Home,2026-04-27,Post,22009.96,1067
T1012,South,Test,CAT03,Home,2026-05-04,Post,21783.5,1105
T1012,South,Test,CAT03,Home,2026-05-11,Post,20162.63,854
T1012,South,Test,CAT03,Home,2026-05-18,Post,22849.87,1064
T1012,South,Test,CAT03,Home,2026-05-25,Post,21277.09,705
T1012,South,Test,CAT03,Home,2026-06-01,Post,23778.1,528
T1012,South,Test,CAT03,Home,2026-06-08,Post,22005.31,1221
T1012,South,Test,CAT03,Home,2026-06-15,Post,23760.15,852
T1012,South,Test,CAT03,Home,2026-06-22,Post,22390.53,525
T1012,South,Test,CAT03,Home,2026-06-29,Post,22351.8,1022
T1012,South,Test,CAT04,Electronics,2026-01-05,Pre,14120.17,370
T1012,South,Test,CAT04,Electronics,2026-01-12,Pre,13723.0,382
T1012,South,Test,CAT04,Electronics,2026-01-19,Pre,16065.76,600
T1012,South,Test,CAT04,Electronics,2026-01-26,Pre,15951.11,644
T1012,South,Test,CAT04,Electronics,2026-02-02,Pre,15981.56,608
T1012,South,Test,CAT04,Electronics,2026-02-09,Pre,14571.81,585
T1012,South,Test,CAT04,Electronics,2026-02-16,Pre,13695.5,432
T1012,South,Test,CAT04,Electronics,2026-02-23,Pre,15280.13,437
T1012,South,Test,CAT04,Electronics,2026-03-02,Pre,14113.08,490
T1012,South,Test,CAT04,Electronics,2026-03-09,Pre,15495.51,456
T1012,South,Test,CAT04,Electronics,2026-03-16,Pre,13865.6,426
T1012,South,Test,CAT04,Electronics,2026-03-23,Pre,14988.52,558
T1012,South,Test,CAT04,Electronics,2026-03-30,Pre,15832.49,355
T1012,South,Test,CAT04,Electronics,2026-04-06,Post,16059.25,732
T1012,South,Test,CAT04,Electronics,2026-04-13,Post,18026.0,728
T1012,South,Test,CAT04,Electronics,2026-04-20,Post,15791.9,616
T1012,South,Test,CAT04,Electronics,2026-04-27,Post,17904.67,766
T1012,South,Test,CAT04,Electronics,2026-05-04,Post,18273.12,670
T1012,South,Test,CAT04,Electronics,2026-05-11,Post,18360.99,671
T1012,South,Test,CAT04,Electronics,2026-05-18,Post,15567.88,597
T1012,South,Test,CAT04,Electronics,2026-05-25,Post,17835.48,989
T1012,South,Test,CAT04,Electronics,2026-06-01,Post,16182.18,473
T1012,South,Test,CAT04,Electronics,2026-06-08,Post,18643.12,721
T1012,South,Test,CAT04,Electronics,2026-06-15,Post,18244.14,505
T1012,South,Test,CAT04,Electronics,2026-06-22,Post,18519.44,938
T1012,South,Test,CAT04,Electronics,2026-06-29,Post,18105.21,504
T1012,South,Test,CAT05,Beauty & Personal Care,2026-01-05,Pre,11156.93,426
T1012,South,Test,CAT05,Beauty & Personal Care,2026-01-12,Pre,10740.37,297
T1012,South,Test,CAT05,Beauty & Personal Care,2026-01-19,Pre,11355.95,263
T1012,South,Test,CAT05,Beauty & Personal Care,2026-01-26,Pre,13135.6,633
T1012,South,Test,CAT05,Beauty & Personal Care,2026-02-02,Pre,11618.29,269
T1012,South,Test,CAT05,Beauty & Personal Care,2026-02-09,Pre,12225.99,340
T1012,South,Test,CAT05,Beauty & Personal Care,2026-02-16,Pre,10915.81,469
T1012,South,Test,CAT05,Beauty & Personal Care,2026-02-23,Pre,11440.27,520
T1012,South,Test,CAT05,Beauty & Personal Care,2026-03-02,Pre,11937.33,378
T1012,South,Test,CAT05,Beauty & Personal Care,2026-03-09,Pre,10512.08,392
T1012,South,Test,CAT05,Beauty & Personal Care,2026-03-16,Pre,11592.75,260
T1012,South,Test,CAT05,Beauty & Personal Care,2026-03-23,Pre,11101.96,270
T1012,South,Test,CAT05,Beauty & Personal Care,2026-03-30,Pre,11697.46,317
T1012,South,Test,CAT05,Beauty & Personal Care,2026-04-06,Post,11902.75,444
T1012,South,Test,CAT05,Beauty & Personal Care,2026-04-13,Post,11095.08,297
T1012,South,Test,CAT05,Beauty & Personal Care,2026-04-20,Post,11004.9,329
T1012,South,Test,CAT05,Beauty & Personal Care,2026-04-27,Post,12379.42,396
T1012,South,Test,CAT05,Beauty & Personal Care,2026-05-04,Post,13015.28,440
T1012,South,Test,CAT05,Beauty & Personal Care,2026-05-11,Post,12748.88,377
T1012,South,Test,CAT05,Beauty & Personal Care,2026-05-18,Post,11902.88,356
T1012,South,Test,CAT05,Beauty & Personal Care,2026-05-25,Post,11964.94,280
T1012,South,Test,CAT05,Beauty & Personal Care,2026-06-01,Post,12540.9,374
T1012,South,Test,CAT05,Beauty & Personal Care,2026-06-08,Post,13431.32,415
T1012,South,Test,CAT05,Beauty & Personal Care,2026-06-15,Post,13008.41,308
T1012,South,Test,CAT05,Beauty & Personal Care,2026-06-22,Post,11851.89,361
T1012,South,Test,CAT05,Beauty & Personal Care,2026-06-29,Post,11974.24,612
T1012,South,Test,CAT06,Toys,2026-01-05,Pre,7767.93,262
T1012,South,Test,CAT06,Toys,2026-01-12,Pre,8799.55,456
T1012,South,Test,CAT06,Toys,2026-01-19,Pre,7874.8,305
T1012,South,Test,CAT06,Toys,2026-01-26,Pre,8175.28,234
T1012,South,Test,CAT06,Toys,2026-02-02,Pre,9371.14,313
T1012,South,Test,CAT06,Toys,2026-02-09,Pre,9035.92,263
T1012,South,Test,CAT06,Toys,2026-02-16,Pre,8169.28,272
T1012,South,Test,CAT06,Toys,2026-02-23,Pre,8190.17,231
T1012,South,Test,CAT06,Toys,2026-03-02,Pre,7232.49,395
T1012,South,Test,CAT06,Toys,2026-03-09,Pre,8361.96,220
T1012,South,Test,CAT06,Toys,2026-03-16,Pre,8942.2,456
T1012,South,Test,CAT06,Toys,2026-03-23,Pre,9122.26,310
T1012,South,Test,CAT06,Toys,2026-03-30,Pre,8320.94,283
T1012,South,Test,CAT06,Toys,2026-04-06,Post,7452.48,353
T1012,South,Test,CAT06,Toys,2026-04-13,Post,8400.63,334
T1012,South,Test,CAT06,Toys,2026-04-20,Post,8306.11,430
T1012,South,Test,CAT06,Toys,2026-04-27,Post,8162.49,285
T1012,South,Test,CAT06,Toys,2026-05-04,Post,9228.93,235
T1012,South,Test,CAT06,Toys,2026-05-11,Post,9003.22,258
T1012,South,Test,CAT06,Toys,2026-05-18,Post,9853.42,292
T1012,South,Test,CAT06,Toys,2026-05-25,Post,8669.28,291
T1012,South,Test,CAT06,Toys,2026-06-01,Post,8839.34,211
T1012,South,Test,CAT06,Toys,2026-06-08,Post,10040.73,295
T1012,South,Test,CAT06,Toys,2026-06-15,Post,8529.84,330
T1012,South,Test,CAT06,Toys,2026-06-22,Post,9609.04,225
T1012,South,Test,CAT06,Toys,2026-06-29,Post,9778.86,452
T1012,South,Test,CAT07,Hardlines,2026-01-05,Pre,11764.78,401
T1012,South,Test,CAT07,Hardlines,2026-01-12,Pre,13304.32,412
T1012,South,Test,CAT07,Hardlines,2026-01-19,Pre,13123.0,554
T1012,South,Test,CAT07,Hardlines,2026-01-26,Pre,13773.89,552
T1012,South,Test,CAT07,Hardlines,2026-02-02,Pre,13416.44,375
T1012,South,Test,CAT07,Hardlines,2026-02-09,Pre,12238.07,353
T1012,South,Test,CAT07,Hardlines,2026-02-16,Pre,11298.63,406
T1012,South,Test,CAT07,Hardlines,2026-02-23,Pre,12279.93,384
T1012,South,Test,CAT07,Hardlines,2026-03-02,Pre,13820.6,615
T1012,South,Test,CAT07,Hardlines,2026-03-09,Pre,12383.25,322
T1012,South,Test,CAT07,Hardlines,2026-03-16,Pre,15162.4,366
T1012,South,Test,CAT07,Hardlines,2026-03-23,Pre,14569.24,642
T1012,South,Test,CAT07,Hardlines,2026-03-30,Pre,12717.16,433
T1012,South,Test,CAT07,Hardlines,2026-04-06,Post,13579.94,682
T1012,South,Test,CAT07,Hardlines,2026-04-13,Post,13173.43,339
T1012,South,Test,CAT07,Hardlines,2026-04-20,Post,13995.24,427
T1012,South,Test,CAT07,Hardlines,2026-04-27,Post,14368.47,443
T1012,South,Test,CAT07,Hardlines,2026-05-04,Post,12629.84,330
T1012,South,Test,CAT07,Hardlines,2026-05-11,Post,14396.31,674
T1012,South,Test,CAT07,Hardlines,2026-05-18,Post,14484.99,352
T1012,South,Test,CAT07,Hardlines,2026-05-25,Post,13334.32,331
T1012,South,Test,CAT07,Hardlines,2026-06-01,Post,15477.86,785
T1012,South,Test,CAT07,Hardlines,2026-06-08,Post,14078.14,433
T1012,South,Test,CAT07,Hardlines,2026-06-15,Post,15116.61,356
T1012,South,Test,CAT07,Hardlines,2026-06-22,Post,12740.12,651
T1012,South,Test,CAT07,Hardlines,2026-06-29,Post,15488.9,398
T1012,South,Test,CAT08,Softlines,2026-01-05,Pre,10546.92,236
T1012,South,Test,CAT08,Softlines,2026-01-12,Pre,9687.39,465
T1012,South,Test,CAT08,Softlines,2026-01-19,Pre,10618.45,263
T1012,South,Test,CAT08,Softlines,2026-01-26,Pre,11470.4,555
T1012,South,Test,CAT08,Softlines,2026-02-02,Pre,10017.43,259
T1012,South,Test,CAT08,Softlines,2026-02-09,Pre,10047.87,506
T1012,South,Test,CAT08,Softlines,2026-02-16,Pre,10364.36,261
T1012,South,Test,CAT08,Softlines,2026-02-23,Pre,10591.7,297
T1012,South,Test,CAT08,Softlines,2026-03-02,Pre,11276.68,265
T1012,South,Test,CAT08,Softlines,2026-03-09,Pre,10968.19,431
T1012,South,Test,CAT08,Softlines,2026-03-16,Pre,10525.69,289
T1012,South,Test,CAT08,Softlines,2026-03-23,Pre,10923.74,491
T1012,South,Test,CAT08,Softlines,2026-03-30,Pre,12019.66,347
T1012,South,Test,CAT08,Softlines,2026-04-06,Post,11267.25,263
T1012,South,Test,CAT08,Softlines,2026-04-13,Post,10763.64,287
T1012,South,Test,CAT08,Softlines,2026-04-20,Post,10706.84,272
T1012,South,Test,CAT08,Softlines,2026-04-27,Post,11087.64,304
T1012,South,Test,CAT08,Softlines,2026-05-04,Post,11659.81,508
T1012,South,Test,CAT08,Softlines,2026-05-11,Post,10468.72,237
T1012,South,Test,CAT08,Softlines,2026-05-18,Post,11631.01,612
T1012,South,Test,CAT08,Softlines,2026-05-25,Post,10993.34,285
T1012,South,Test,CAT08,Softlines,2026-06-01,Post,11142.06,548
T1012,South,Test,CAT08,Softlines,2026-06-08,Post,13138.59,601
T1012,South,Test,CAT08,Softlines,2026-06-15,Post,11718.99,478
T1012,South,Test,CAT08,Softlines,2026-06-22,Post,10859.02,538
T1012,South,Test,CAT08,Softlines,2026-06-29,Post,11599.3,304
T1013,West,Test,CAT01,Grocery & Essentials,2026-01-05,Pre,39118.72,1341
T1013,West,Test,CAT01,Grocery & Essentials,2026-01-12,Pre,50876.1,1468
T1013,West,Test,CAT01,Grocery & Essentials,2026-01-19,Pre,49821.75,1305
T1013,West,Test,CAT01,Grocery & Essentials,2026-01-26,Pre,48179.49,1156
T1013,West,Test,CAT01,Grocery & Essentials,2026-02-02,Pre,37923.14,1176
T1013,West,Test,CAT01,Grocery & Essentials,2026-02-09,Pre,49239.28,2589
T1013,West,Test,CAT01,Grocery & Essentials,2026-02-16,Pre,47619.83,1450
T1013,West,Test,CAT01,Grocery & Essentials,2026-02-23,Pre,39941.74,1961
T1013,West,Test,CAT01,Grocery & Essentials,2026-03-02,Pre,51751.44,1153
T1013,West,Test,CAT01,Grocery & Essentials,2026-03-09,Pre,39842.78,962
T1013,West,Test,CAT01,Grocery & Essentials,2026-03-16,Pre,43710.48,1152
T1013,West,Test,CAT01,Grocery & Essentials,2026-03-23,Pre,46784.82,1169
T1013,West,Test,CAT01,Grocery & Essentials,2026-03-30,Pre,42131.81,1381
T1013,West,Test,CAT01,Grocery & Essentials,2026-04-06,Post,48975.49,1336
T1013,West,Test,CAT01,Grocery & Essentials,2026-04-13,Post,46606.91,2210
T1013,West,Test,CAT01,Grocery & Essentials,2026-04-20,Post,46253.93,1325
T1013,West,Test,CAT01,Grocery & Essentials,2026-04-27,Post,48095.53,1131
T1013,West,Test,CAT01,Grocery & Essentials,2026-05-04,Post,48528.48,1691
T1013,West,Test,CAT01,Grocery & Essentials,2026-05-11,Post,48850.88,1422
T1013,West,Test,CAT01,Grocery & Essentials,2026-05-18,Post,47748.79,1436
T1013,West,Test,CAT01,Grocery & Essentials,2026-05-25,Post,47620.06,1265
T1013,West,Test,CAT01,Grocery & Essentials,2026-06-01,Post,50200.06,1241
T1013,West,Test,CAT01,Grocery & Essentials,2026-06-08,Post,49920.08,1300
T1013,West,Test,CAT01,Grocery & Essentials,2026-06-15,Post,47747.01,2385
T1013,West,Test,CAT01,Grocery & Essentials,2026-06-22,Post,47222.07,1264
T1013,West,Test,CAT01,Grocery & Essentials,2026-06-29,Post,50459.48,1279
T1013,West,Test,CAT02,Apparel & Accessories,2026-01-05,Pre,20285.13,864
T1013,West,Test,CAT02,Apparel & Accessories,2026-01-12,Pre,21773.39,748
T1013,West,Test,CAT02,Apparel & Accessories,2026-01-19,Pre,18117.29,443
T1013,West,Test,CAT02,Apparel & Accessories,2026-01-26,Pre,17024.35,750
T1013,West,Test,CAT02,Apparel & Accessories,2026-02-02,Pre,21319.67,957
T1013,West,Test,CAT02,Apparel & Accessories,2026-02-09,Pre,18304.29,741
T1013,West,Test,CAT02,Apparel & Accessories,2026-02-16,Pre,19123.17,485
T1013,West,Test,CAT02,Apparel & Accessories,2026-02-23,Pre,21662.68,831
T1013,West,Test,CAT02,Apparel & Accessories,2026-03-02,Pre,22803.47,639
T1013,West,Test,CAT02,Apparel & Accessories,2026-03-09,Pre,19284.36,936
T1013,West,Test,CAT02,Apparel & Accessories,2026-03-16,Pre,17337.77,544
T1013,West,Test,CAT02,Apparel & Accessories,2026-03-23,Pre,21590.34,924
T1013,West,Test,CAT02,Apparel & Accessories,2026-03-30,Pre,20093.91,744
T1013,West,Test,CAT02,Apparel & Accessories,2026-04-06,Post,20461.85,614
T1013,West,Test,CAT02,Apparel & Accessories,2026-04-13,Post,20828.16,495
T1013,West,Test,CAT02,Apparel & Accessories,2026-04-20,Post,19162.94,800
T1013,West,Test,CAT02,Apparel & Accessories,2026-04-27,Post,15905.57,405
T1013,West,Test,CAT02,Apparel & Accessories,2026-05-04,Post,24127.43,583
T1013,West,Test,CAT02,Apparel & Accessories,2026-05-11,Post,20178.12,814
T1013,West,Test,CAT02,Apparel & Accessories,2026-05-18,Post,19934.39,496
T1013,West,Test,CAT02,Apparel & Accessories,2026-05-25,Post,21361.93,670
T1013,West,Test,CAT02,Apparel & Accessories,2026-06-01,Post,21912.96,883
T1013,West,Test,CAT02,Apparel & Accessories,2026-06-08,Post,25468.08,1352
T1013,West,Test,CAT02,Apparel & Accessories,2026-06-15,Post,21193.63,560
T1013,West,Test,CAT02,Apparel & Accessories,2026-06-22,Post,20186.14,748
T1013,West,Test,CAT02,Apparel & Accessories,2026-06-29,Post,19092.18,511
T1013,West,Test,CAT03,Home,2026-01-05,Pre,23454.05,1007
T1013,West,Test,CAT03,Home,2026-01-12,Pre,23564.42,912
T1013,West,Test,CAT03,Home,2026-01-19,Pre,20519.62,924
T1013,West,Test,CAT03,Home,2026-01-26,Pre,24778.14,801
T1013,West,Test,CAT03,Home,2026-02-02,Pre,25663.72,1127
T1013,West,Test,CAT03,Home,2026-02-09,Pre,25761.05,1006
T1013,West,Test,CAT03,Home,2026-02-16,Pre,25059.22,1042
T1013,West,Test,CAT03,Home,2026-02-23,Pre,25518.8,581
T1013,West,Test,CAT03,Home,2026-03-02,Pre,21612.41,1129
T1013,West,Test,CAT03,Home,2026-03-09,Pre,24023.24,1078
T1013,West,Test,CAT03,Home,2026-03-16,Pre,24890.28,1226
T1013,West,Test,CAT03,Home,2026-03-23,Pre,26394.86,778
T1013,West,Test,CAT03,Home,2026-03-30,Pre,24933.93,609
T1013,West,Test,CAT03,Home,2026-04-06,Post,24293.57,623
T1013,West,Test,CAT03,Home,2026-04-13,Post,18815.15,462
T1013,West,Test,CAT03,Home,2026-04-20,Post,25788.67,1312
T1013,West,Test,CAT03,Home,2026-04-27,Post,28258.02,1508
T1013,West,Test,CAT03,Home,2026-05-04,Post,25224.23,637
T1013,West,Test,CAT03,Home,2026-05-11,Post,27986.92,669
T1013,West,Test,CAT03,Home,2026-05-18,Post,25443.07,730
T1013,West,Test,CAT03,Home,2026-05-25,Post,26308.38,1217
T1013,West,Test,CAT03,Home,2026-06-01,Post,27338.5,1312
T1013,West,Test,CAT03,Home,2026-06-08,Post,26026.11,1026
T1013,West,Test,CAT03,Home,2026-06-15,Post,25859.23,759
T1013,West,Test,CAT03,Home,2026-06-22,Post,24571.86,630
T1013,West,Test,CAT03,Home,2026-06-29,Post,22970.93,886
T1013,West,Test,CAT04,Electronics,2026-01-05,Pre,15376.99,842
T1013,West,Test,CAT04,Electronics,2026-01-12,Pre,18002.87,688
T1013,West,Test,CAT04,Electronics,2026-01-19,Pre,15056.12,667
T1013,West,Test,CAT04,Electronics,2026-01-26,Pre,17700.61,441
T1013,West,Test,CAT04,Electronics,2026-02-02,Pre,16242.53,844
T1013,West,Test,CAT04,Electronics,2026-02-09,Pre,17555.94,711
T1013,West,Test,CAT04,Electronics,2026-02-16,Pre,16786.59,678
T1013,West,Test,CAT04,Electronics,2026-02-23,Pre,16115.97,489
T1013,West,Test,CAT04,Electronics,2026-03-02,Pre,15571.9,543
T1013,West,Test,CAT04,Electronics,2026-03-09,Pre,15985.86,394
T1013,West,Test,CAT04,Electronics,2026-03-16,Pre,17407.8,511
T1013,West,Test,CAT04,Electronics,2026-03-23,Pre,16294.82,407
T1013,West,Test,CAT04,Electronics,2026-03-30,Pre,15595.66,620
T1013,West,Test,CAT04,Electronics,2026-04-06,Post,17892.55,640
T1013,West,Test,CAT04,Electronics,2026-04-13,Post,20133.62,664
T1013,West,Test,CAT04,Electronics,2026-04-20,Post,20100.08,678
T1013,West,Test,CAT04,Electronics,2026-04-27,Post,19207.78,958
T1013,West,Test,CAT04,Electronics,2026-05-04,Post,18244.21,992
T1013,West,Test,CAT04,Electronics,2026-05-11,Post,18263.73,692
T1013,West,Test,CAT04,Electronics,2026-05-18,Post,22284.12,573
T1013,West,Test,CAT04,Electronics,2026-05-25,Post,18351.5,463
T1013,West,Test,CAT04,Electronics,2026-06-01,Post,19569.25,602
T1013,West,Test,CAT04,Electronics,2026-06-08,Post,17464.3,728
T1013,West,Test,CAT04,Electronics,2026-06-15,Post,19070.34,854
T1013,West,Test,CAT04,Electronics,2026-06-22,Post,19539.23,600
T1013,West,Test,CAT04,Electronics,2026-06-29,Post,22448.11,623
T1013,West,Test,CAT05,Beauty & Personal Care,2026-01-05,Pre,14056.33,733
T1013,West,Test,CAT05,Beauty & Personal Care,2026-01-12,Pre,12782.37,292
T1013,West,Test,CAT05,Beauty & Personal Care,2026-01-19,Pre,13832.76,661
T1013,West,Test,CAT05,Beauty & Personal Care,2026-01-26,Pre,11602.11,263
T1013,West,Test,CAT05,Beauty & Personal Care,2026-02-02,Pre,12718.96,380
T1013,West,Test,CAT05,Beauty & Personal Care,2026-02-09,Pre,13000.07,386
T1013,West,Test,CAT05,Beauty & Personal Care,2026-02-16,Pre,14273.95,346
T1013,West,Test,CAT05,Beauty & Personal Care,2026-02-23,Pre,14228.95,469
T1013,West,Test,CAT05,Beauty & Personal Care,2026-03-02,Pre,13617.73,693
T1013,West,Test,CAT05,Beauty & Personal Care,2026-03-09,Pre,11697.28,327
T1013,West,Test,CAT05,Beauty & Personal Care,2026-03-16,Pre,14505.81,370
T1013,West,Test,CAT05,Beauty & Personal Care,2026-03-23,Pre,15208.1,394
T1013,West,Test,CAT05,Beauty & Personal Care,2026-03-30,Pre,15669.01,857
T1013,West,Test,CAT05,Beauty & Personal Care,2026-04-06,Post,13449.11,632
T1013,West,Test,CAT05,Beauty & Personal Care,2026-04-13,Post,14526.89,653
T1013,West,Test,CAT05,Beauty & Personal Care,2026-04-20,Post,12917.27,339
T1013,West,Test,CAT05,Beauty & Personal Care,2026-04-27,Post,14682.25,330
T1013,West,Test,CAT05,Beauty & Personal Care,2026-05-04,Post,13286.59,615
T1013,West,Test,CAT05,Beauty & Personal Care,2026-05-11,Post,13625.94,335
T1013,West,Test,CAT05,Beauty & Personal Care,2026-05-18,Post,15227.93,689
T1013,West,Test,CAT05,Beauty & Personal Care,2026-05-25,Post,15691.11,365
T1013,West,Test,CAT05,Beauty & Personal Care,2026-06-01,Post,13609.02,486
T1013,West,Test,CAT05,Beauty & Personal Care,2026-06-08,Post,15545.88,727
T1013,West,Test,CAT05,Beauty & Personal Care,2026-06-15,Post,13693.45,305
T1013,West,Test,CAT05,Beauty & Personal Care,2026-06-22,Post,14014.75,328
T1013,West,Test,CAT05,Beauty & Personal Care,2026-06-29,Post,14606.85,610
T1013,West,Test,CAT06,Toys,2026-01-05,Pre,9863.86,326
T1013,West,Test,CAT06,Toys,2026-01-12,Pre,9646.06,247
T1013,West,Test,CAT06,Toys,2026-01-19,Pre,9540.25,333
T1013,West,Test,CAT06,Toys,2026-01-26,Pre,10853.21,430
T1013,West,Test,CAT06,Toys,2026-02-02,Pre,9762.17,329
T1013,West,Test,CAT06,Toys,2026-02-09,Pre,10254.48,250
T1013,West,Test,CAT06,Toys,2026-02-16,Pre,10917.68,582
T1013,West,Test,CAT06,Toys,2026-02-23,Pre,10236.9,473
T1013,West,Test,CAT06,Toys,2026-03-02,Pre,10244.68,257
T1013,West,Test,CAT06,Toys,2026-03-09,Pre,9958.27,283
T1013,West,Test,CAT06,Toys,2026-03-16,Pre,10271.07,463
T1013,West,Test,CAT06,Toys,2026-03-23,Pre,9824.75,364
T1013,West,Test,CAT06,Toys,2026-03-30,Pre,11936.28,383
T1013,West,Test,CAT06,Toys,2026-04-06,Post,9183.1,355
T1013,West,Test,CAT06,Toys,2026-04-13,Post,10036.19,234
T1013,West,Test,CAT06,Toys,2026-04-20,Post,10567.56,575
T1013,West,Test,CAT06,Toys,2026-04-27,Post,10563.0,264
T1013,West,Test,CAT06,Toys,2026-05-04,Post,10049.44,287
T1013,West,Test,CAT06,Toys,2026-05-11,Post,9124.4,459
T1013,West,Test,CAT06,Toys,2026-05-18,Post,9492.04,409
T1013,West,Test,CAT06,Toys,2026-05-25,Post,10516.61,314
T1013,West,Test,CAT06,Toys,2026-06-01,Post,9040.98,439
T1013,West,Test,CAT06,Toys,2026-06-08,Post,10899.17,348
T1013,West,Test,CAT06,Toys,2026-06-15,Post,11350.07,414
T1013,West,Test,CAT06,Toys,2026-06-22,Post,11111.61,561
T1013,West,Test,CAT06,Toys,2026-06-29,Post,11303.68,326
T1013,West,Test,CAT07,Hardlines,2026-01-05,Pre,12522.03,282
T1013,West,Test,CAT07,Hardlines,2026-01-12,Pre,13058.79,401
T1013,West,Test,CAT07,Hardlines,2026-01-19,Pre,14793.48,679
T1013,West,Test,CAT07,Hardlines,2026-01-26,Pre,14108.56,604
T1013,West,Test,CAT07,Hardlines,2026-02-02,Pre,13595.94,335
T1013,West,Test,CAT07,Hardlines,2026-02-09,Pre,14754.31,334
T1013,West,Test,CAT07,Hardlines,2026-02-16,Pre,16951.5,788
T1013,West,Test,CAT07,Hardlines,2026-02-23,Pre,17352.81,507
T1013,West,Test,CAT07,Hardlines,2026-03-02,Pre,14509.53,512
T1013,West,Test,CAT07,Hardlines,2026-03-09,Pre,15558.43,355
T1013,West,Test,CAT07,Hardlines,2026-03-16,Pre,15961.6,413
T1013,West,Test,CAT07,Hardlines,2026-03-23,Pre,15329.32,711
T1013,West,Test,CAT07,Hardlines,2026-03-30,Pre,17031.61,945
T1013,West,Test,CAT07,Hardlines,2026-04-06,Post,15232.82,547
T1013,West,Test,CAT07,Hardlines,2026-04-13,Post,15115.97,555
T1013,West,Test,CAT07,Hardlines,2026-04-20,Post,14955.98,562
T1013,West,Test,CAT07,Hardlines,2026-04-27,Post,15615.53,481
T1013,West,Test,CAT07,Hardlines,2026-05-04,Post,13144.65,510
T1013,West,Test,CAT07,Hardlines,2026-05-11,Post,15783.51,420
T1013,West,Test,CAT07,Hardlines,2026-05-18,Post,16226.35,603
T1013,West,Test,CAT07,Hardlines,2026-05-25,Post,13691.87,312
T1013,West,Test,CAT07,Hardlines,2026-06-01,Post,16417.12,715
T1013,West,Test,CAT07,Hardlines,2026-06-08,Post,15106.28,653
T1013,West,Test,CAT07,Hardlines,2026-06-15,Post,16516.51,802
T1013,West,Test,CAT07,Hardlines,2026-06-22,Post,16553.33,479
T1013,West,Test,CAT07,Hardlines,2026-06-29,Post,16638.91,427
T1013,West,Test,CAT08,Softlines,2026-01-05,Pre,12408.24,289
T1013,West,Test,CAT08,Softlines,2026-01-12,Pre,9292.07,233
T1013,West,Test,CAT08,Softlines,2026-01-19,Pre,10965.7,396
T1013,West,Test,CAT08,Softlines,2026-01-26,Pre,11684.74,397
T1013,West,Test,CAT08,Softlines,2026-02-02,Pre,10522.44,348
T1013,West,Test,CAT08,Softlines,2026-02-09,Pre,12572.28,694
T1013,West,Test,CAT08,Softlines,2026-02-16,Pre,11253.7,307
T1013,West,Test,CAT08,Softlines,2026-02-23,Pre,12891.98,473
T1013,West,Test,CAT08,Softlines,2026-03-02,Pre,12974.72,308
T1013,West,Test,CAT08,Softlines,2026-03-09,Pre,12040.46,351
T1013,West,Test,CAT08,Softlines,2026-03-16,Pre,12043.6,326
T1013,West,Test,CAT08,Softlines,2026-03-23,Pre,11072.65,375
T1013,West,Test,CAT08,Softlines,2026-03-30,Pre,12338.59,417
T1013,West,Test,CAT08,Softlines,2026-04-06,Post,13045.4,291
T1013,West,Test,CAT08,Softlines,2026-04-13,Post,12655.63,456
T1013,West,Test,CAT08,Softlines,2026-04-20,Post,13652.72,460
T1013,West,Test,CAT08,Softlines,2026-04-27,Post,12186.49,377
T1013,West,Test,CAT08,Softlines,2026-05-04,Post,12231.21,341
T1013,West,Test,CAT08,Softlines,2026-05-11,Post,11834.23,314
T1013,West,Test,CAT08,Softlines,2026-05-18,Post,14469.72,576
T1013,West,Test,CAT08,Softlines,2026-05-25,Post,11447.4,331
T1013,West,Test,CAT08,Softlines,2026-06-01,Post,13372.87,617
T1013,West,Test,CAT08,Softlines,2026-06-08,Post,13511.56,434
T1013,West,Test,CAT08,Softlines,2026-06-15,Post,13519.91,462
T1013,West,Test,CAT08,Softlines,2026-06-22,Post,12166.26,552
T1013,West,Test,CAT08,Softlines,2026-06-29,Post,11792.13,263
T1014,Midwest,Control,CAT01,Grocery & Essentials,2026-01-05,Pre,51597.36,2348
T1014,Midwest,Control,CAT01,Grocery & Essentials,2026-01-12,Pre,45917.57,1600
T1014,Midwest,Control,CAT01,Grocery & Essentials,2026-01-19,Pre,53601.0,2843
T1014,Midwest,Control,CAT01,Grocery & Essentials,2026-01-26,Pre,46917.86,2485
T1014,Midwest,Control,CAT01,Grocery & Essentials,2026-02-02,Pre,51912.07,2102
T1014,Midwest,Control,CAT01,Grocery & Essentials,2026-02-09,Pre,51604.36,1592
T1014,Midwest,Control,CAT01,Grocery & Essentials,2026-02-16,Pre,53100.27,2281
T1014,Midwest,Control,CAT01,Grocery & Essentials,2026-02-23,Pre,47329.95,1577
T1014,Midwest,Control,CAT01,Grocery & Essentials,2026-03-02,Pre,46198.75,1389
T1014,Midwest,Control,CAT01,Grocery & Essentials,2026-03-09,Pre,52185.78,1642
T1014,Midwest,Control,CAT01,Grocery & Essentials,2026-03-16,Pre,42026.21,1350
T1014,Midwest,Control,CAT01,Grocery & Essentials,2026-03-23,Pre,48315.77,1599
T1014,Midwest,Control,CAT01,Grocery & Essentials,2026-03-30,Pre,46490.91,1093
T1014,Midwest,Control,CAT01,Grocery & Essentials,2026-04-06,Post,43928.54,1095
T1014,Midwest,Control,CAT01,Grocery & Essentials,2026-04-13,Post,48115.75,1749
T1014,Midwest,Control,CAT01,Grocery & Essentials,2026-04-20,Post,47304.32,1611
T1014,Midwest,Control,CAT01,Grocery & Essentials,2026-04-27,Post,55145.77,1357
T1014,Midwest,Control,CAT01,Grocery & Essentials,2026-05-04,Post,50196.27,1422
T1014,Midwest,Control,CAT01,Grocery & Essentials,2026-05-11,Post,48148.0,2533
T1014,Midwest,Control,CAT01,Grocery & Essentials,2026-05-18,Post,51192.76,2274
T1014,Midwest,Control,CAT01,Grocery & Essentials,2026-05-25,Post,57115.49,1318
T1014,Midwest,Control,CAT01,Grocery & Essentials,2026-06-01,Post,50359.73,1453
T1014,Midwest,Control,CAT01,Grocery & Essentials,2026-06-08,Post,53548.79,1322
T1014,Midwest,Control,CAT01,Grocery & Essentials,2026-06-15,Post,51238.22,1731
T1014,Midwest,Control,CAT01,Grocery & Essentials,2026-06-22,Post,60708.81,1423
T1014,Midwest,Control,CAT01,Grocery & Essentials,2026-06-29,Post,54970.77,1545
T1014,Midwest,Control,CAT02,Apparel & Accessories,2026-01-05,Pre,24781.3,798
T1014,Midwest,Control,CAT02,Apparel & Accessories,2026-01-12,Pre,20170.96,481
T1014,Midwest,Control,CAT02,Apparel & Accessories,2026-01-19,Pre,21007.98,1079
T1014,Midwest,Control,CAT02,Apparel & Accessories,2026-01-26,Pre,20361.42,673
T1014,Midwest,Control,CAT02,Apparel & Accessories,2026-02-02,Pre,23682.2,1183
T1014,Midwest,Control,CAT02,Apparel & Accessories,2026-02-09,Pre,19877.42,1045
T1014,Midwest,Control,CAT02,Apparel & Accessories,2026-02-16,Pre,21003.91,689
T1014,Midwest,Control,CAT02,Apparel & Accessories,2026-02-23,Pre,23276.18,683
T1014,Midwest,Control,CAT02,Apparel & Accessories,2026-03-02,Pre,21431.56,1130
T1014,Midwest,Control,CAT02,Apparel & Accessories,2026-03-09,Pre,19692.75,831
T1014,Midwest,Control,CAT02,Apparel & Accessories,2026-03-16,Pre,22761.3,595
T1014,Midwest,Control,CAT02,Apparel & Accessories,2026-03-23,Pre,22723.51,585
T1014,Midwest,Control,CAT02,Apparel & Accessories,2026-03-30,Pre,21954.11,769
T1014,Midwest,Control,CAT02,Apparel & Accessories,2026-04-06,Post,23648.49,581
T1014,Midwest,Control,CAT02,Apparel & Accessories,2026-04-13,Post,23494.67,742
T1014,Midwest,Control,CAT02,Apparel & Accessories,2026-04-20,Post,20766.06,768
T1014,Midwest,Control,CAT02,Apparel & Accessories,2026-04-27,Post,22297.65,595
T1014,Midwest,Control,CAT02,Apparel & Accessories,2026-05-04,Post,25246.39,593
T1014,Midwest,Control,CAT02,Apparel & Accessories,2026-05-11,Post,25797.14,1196
T1014,Midwest,Control,CAT02,Apparel & Accessories,2026-05-18,Post,24285.86,611
T1014,Midwest,Control,CAT02,Apparel & Accessories,2026-05-25,Post,22028.11,862
T1014,Midwest,Control,CAT02,Apparel & Accessories,2026-06-01,Post,19627.68,834
T1014,Midwest,Control,CAT02,Apparel & Accessories,2026-06-08,Post,21986.57,586
T1014,Midwest,Control,CAT02,Apparel & Accessories,2026-06-15,Post,21196.71,577
T1014,Midwest,Control,CAT02,Apparel & Accessories,2026-06-22,Post,26052.44,949
T1014,Midwest,Control,CAT02,Apparel & Accessories,2026-06-29,Post,20568.52,925
T1014,Midwest,Control,CAT03,Home,2026-01-05,Pre,23988.04,548
T1014,Midwest,Control,CAT03,Home,2026-01-12,Pre,26484.79,722
T1014,Midwest,Control,CAT03,Home,2026-01-19,Pre,26199.78,809
T1014,Midwest,Control,CAT03,Home,2026-01-26,Pre,29128.02,933
T1014,Midwest,Control,CAT03,Home,2026-02-02,Pre,27506.17,1135
T1014,Midwest,Control,CAT03,Home,2026-02-09,Pre,26254.36,634
T1014,Midwest,Control,CAT03,Home,2026-02-16,Pre,28939.34,847
T1014,Midwest,Control,CAT03,Home,2026-02-23,Pre,26001.3,636
T1014,Midwest,Control,CAT03,Home,2026-03-02,Pre,29884.62,1034
T1014,Midwest,Control,CAT03,Home,2026-03-09,Pre,25351.52,798
T1014,Midwest,Control,CAT03,Home,2026-03-16,Pre,21986.15,576
T1014,Midwest,Control,CAT03,Home,2026-03-23,Pre,27067.21,916
T1014,Midwest,Control,CAT03,Home,2026-03-30,Pre,23418.86,1060
T1014,Midwest,Control,CAT03,Home,2026-04-06,Post,29128.02,700
T1014,Midwest,Control,CAT03,Home,2026-04-13,Post,27746.76,664
T1014,Midwest,Control,CAT03,Home,2026-04-20,Post,30701.73,1196
T1014,Midwest,Control,CAT03,Home,2026-04-27,Post,27185.02,620
T1014,Midwest,Control,CAT03,Home,2026-05-04,Post,25054.71,798
T1014,Midwest,Control,CAT03,Home,2026-05-11,Post,28755.47,740
T1014,Midwest,Control,CAT03,Home,2026-05-18,Post,26938.2,697
T1014,Midwest,Control,CAT03,Home,2026-05-25,Post,29587.99,1165
T1014,Midwest,Control,CAT03,Home,2026-06-01,Post,26563.62,837
T1014,Midwest,Control,CAT03,Home,2026-06-08,Post,31071.67,1133
T1014,Midwest,Control,CAT03,Home,2026-06-15,Post,28526.6,890
T1014,Midwest,Control,CAT03,Home,2026-06-22,Post,28218.07,680
T1014,Midwest,Control,CAT03,Home,2026-06-29,Post,31255.71,1053
T1014,Midwest,Control,CAT04,Electronics,2026-01-05,Pre,18898.57,573
T1014,Midwest,Control,CAT04,Electronics,2026-01-12,Pre,16927.55,382
T1014,Midwest,Control,CAT04,Electronics,2026-01-19,Pre,19009.71,740
T1014,Midwest,Control,CAT04,Electronics,2026-01-26,Pre,18794.45,723
T1014,Midwest,Control,CAT04,Electronics,2026-02-02,Pre,17903.76,692
T1014,Midwest,Control,CAT04,Electronics,2026-02-09,Pre,19122.94,516
T1014,Midwest,Control,CAT04,Electronics,2026-02-16,Pre,19932.36,557
T1014,Midwest,Control,CAT04,Electronics,2026-02-23,Pre,18151.86,800
T1014,Midwest,Control,CAT04,Electronics,2026-03-02,Pre,18226.76,716
T1014,Midwest,Control,CAT04,Electronics,2026-03-09,Pre,18228.51,410
T1014,Midwest,Control,CAT04,Electronics,2026-03-16,Pre,17486.57,806
T1014,Midwest,Control,CAT04,Electronics,2026-03-23,Pre,18421.21,692
T1014,Midwest,Control,CAT04,Electronics,2026-03-30,Pre,18349.33,536
T1014,Midwest,Control,CAT04,Electronics,2026-04-06,Post,18345.76,465
T1014,Midwest,Control,CAT04,Electronics,2026-04-13,Post,18396.62,556
T1014,Midwest,Control,CAT04,Electronics,2026-04-20,Post,17333.71,775
T1014,Midwest,Control,CAT04,Electronics,2026-04-27,Post,20252.21,1121
T1014,Midwest,Control,CAT04,Electronics,2026-05-04,Post,18192.28,782
T1014,Midwest,Control,CAT04,Electronics,2026-05-11,Post,20954.04,476
T1014,Midwest,Control,CAT04,Electronics,2026-05-18,Post,17839.23,502
T1014,Midwest,Control,CAT04,Electronics,2026-05-25,Post,21460.4,1160
T1014,Midwest,Control,CAT04,Electronics,2026-06-01,Post,18755.17,631
T1014,Midwest,Control,CAT04,Electronics,2026-06-08,Post,20536.43,633
T1014,Midwest,Control,CAT04,Electronics,2026-06-15,Post,19550.06,648
T1014,Midwest,Control,CAT04,Electronics,2026-06-22,Post,17755.26,425
T1014,Midwest,Control,CAT04,Electronics,2026-06-29,Post,17882.37,657
T1014,Midwest,Control,CAT05,Beauty & Personal Care,2026-01-05,Pre,13549.71,375
T1014,Midwest,Control,CAT05,Beauty & Personal Care,2026-01-12,Pre,13842.9,686
T1014,Midwest,Control,CAT05,Beauty & Personal Care,2026-01-19,Pre,14269.87,676
T1014,Midwest,Control,CAT05,Beauty & Personal Care,2026-01-26,Pre,14703.46,480
T1014,Midwest,Control,CAT05,Beauty & Personal Care,2026-02-02,Pre,14251.94,489
T1014,Midwest,Control,CAT05,Beauty & Personal Care,2026-02-09,Pre,14763.93,704
T1014,Midwest,Control,CAT05,Beauty & Personal Care,2026-02-16,Pre,14987.02,438
T1014,Midwest,Control,CAT05,Beauty & Personal Care,2026-02-23,Pre,14376.15,453
T1014,Midwest,Control,CAT05,Beauty & Personal Care,2026-03-02,Pre,15314.83,372
T1014,Midwest,Control,CAT05,Beauty & Personal Care,2026-03-09,Pre,15610.86,497
T1014,Midwest,Control,CAT05,Beauty & Personal Care,2026-03-16,Pre,15248.49,375
T1014,Midwest,Control,CAT05,Beauty & Personal Care,2026-03-23,Pre,15368.0,637
T1014,Midwest,Control,CAT05,Beauty & Personal Care,2026-03-30,Pre,15074.42,411
T1014,Midwest,Control,CAT05,Beauty & Personal Care,2026-04-06,Post,16119.78,442
T1014,Midwest,Control,CAT05,Beauty & Personal Care,2026-04-13,Post,14973.04,576
T1014,Midwest,Control,CAT05,Beauty & Personal Care,2026-04-20,Post,14380.12,460
T1014,Midwest,Control,CAT05,Beauty & Personal Care,2026-04-27,Post,15117.17,419
T1014,Midwest,Control,CAT05,Beauty & Personal Care,2026-05-04,Post,13857.21,450
T1014,Midwest,Control,CAT05,Beauty & Personal Care,2026-05-11,Post,13796.85,434
T1014,Midwest,Control,CAT05,Beauty & Personal Care,2026-05-18,Post,16219.19,673
T1014,Midwest,Control,CAT05,Beauty & Personal Care,2026-05-25,Post,16908.98,453
T1014,Midwest,Control,CAT05,Beauty & Personal Care,2026-06-01,Post,15035.84,455
T1014,Midwest,Control,CAT05,Beauty & Personal Care,2026-06-08,Post,16411.38,663
T1014,Midwest,Control,CAT05,Beauty & Personal Care,2026-06-15,Post,13658.78,312
T1014,Midwest,Control,CAT05,Beauty & Personal Care,2026-06-22,Post,13553.24,469
T1014,Midwest,Control,CAT05,Beauty & Personal Care,2026-06-29,Post,16890.01,377
T1014,Midwest,Control,CAT06,Toys,2026-01-05,Pre,10998.94,521
T1014,Midwest,Control,CAT06,Toys,2026-01-12,Pre,10679.76,362
T1014,Midwest,Control,CAT06,Toys,2026-01-19,Pre,11978.39,437
T1014,Midwest,Control,CAT06,Toys,2026-01-26,Pre,10659.79,348
T1014,Midwest,Control,CAT06,Toys,2026-02-02,Pre,10056.36,265
T1014,Midwest,Control,CAT06,Toys,2026-02-09,Pre,9754.68,232
T1014,Midwest,Control,CAT06,Toys,2026-02-16,Pre,10911.06,304
T1014,Midwest,Control,CAT06,Toys,2026-02-23,Pre,11088.53,247
T1014,Midwest,Control,CAT06,Toys,2026-03-02,Pre,10824.89,301
T1014,Midwest,Control,CAT06,Toys,2026-03-09,Pre,11739.11,525
T1014,Midwest,Control,CAT06,Toys,2026-03-16,Pre,12110.99,660
T1014,Midwest,Control,CAT06,Toys,2026-03-23,Pre,10852.71,352
T1014,Midwest,Control,CAT06,Toys,2026-03-30,Pre,9830.02,290
T1014,Midwest,Control,CAT06,Toys,2026-04-06,Post,11424.93,425
T1014,Midwest,Control,CAT06,Toys,2026-04-13,Post,12153.61,291
T1014,Midwest,Control,CAT06,Toys,2026-04-20,Post,11022.36,577
T1014,Midwest,Control,CAT06,Toys,2026-04-27,Post,11746.66,609
T1014,Midwest,Control,CAT06,Toys,2026-05-04,Post,10519.33,313
T1014,Midwest,Control,CAT06,Toys,2026-05-11,Post,11622.51,528
T1014,Midwest,Control,CAT06,Toys,2026-05-18,Post,11894.42,310
T1014,Midwest,Control,CAT06,Toys,2026-05-25,Post,11731.96,382
T1014,Midwest,Control,CAT06,Toys,2026-06-01,Post,13129.97,368
T1014,Midwest,Control,CAT06,Toys,2026-06-08,Post,12763.97,487
T1014,Midwest,Control,CAT06,Toys,2026-06-15,Post,12205.26,405
T1014,Midwest,Control,CAT06,Toys,2026-06-22,Post,12525.73,523
T1014,Midwest,Control,CAT06,Toys,2026-06-29,Post,12513.43,278
T1014,Midwest,Control,CAT07,Hardlines,2026-01-05,Pre,16857.04,900
T1014,Midwest,Control,CAT07,Hardlines,2026-01-12,Pre,16562.63,817
T1014,Midwest,Control,CAT07,Hardlines,2026-01-19,Pre,16186.04,361
T1014,Midwest,Control,CAT07,Hardlines,2026-01-26,Pre,15483.42,799
T1014,Midwest,Control,CAT07,Hardlines,2026-02-02,Pre,18605.36,822
T1014,Midwest,Control,CAT07,Hardlines,2026-02-09,Pre,19277.24,569
T1014,Midwest,Control,CAT07,Hardlines,2026-02-16,Pre,17000.59,446
T1014,Midwest,Control,CAT07,Hardlines,2026-02-23,Pre,17087.15,692
T1014,Midwest,Control,CAT07,Hardlines,2026-03-02,Pre,17797.57,556
T1014,Midwest,Control,CAT07,Hardlines,2026-03-09,Pre,16980.41,415
T1014,Midwest,Control,CAT07,Hardlines,2026-03-16,Pre,16042.97,484
T1014,Midwest,Control,CAT07,Hardlines,2026-03-23,Pre,15772.34,617
T1014,Midwest,Control,CAT07,Hardlines,2026-03-30,Pre,19750.99,806
T1014,Midwest,Control,CAT07,Hardlines,2026-04-06,Post,15488.39,769
T1014,Midwest,Control,CAT07,Hardlines,2026-04-13,Post,17890.92,632
T1014,Midwest,Control,CAT07,Hardlines,2026-04-20,Post,15735.27,718
T1014,Midwest,Control,CAT07,Hardlines,2026-04-27,Post,17497.61,722
T1014,Midwest,Control,CAT07,Hardlines,2026-05-04,Post,17264.17,627
T1014,Midwest,Control,CAT07,Hardlines,2026-05-11,Post,16076.8,369
T1014,Midwest,Control,CAT07,Hardlines,2026-05-18,Post,18601.88,507
T1014,Midwest,Control,CAT07,Hardlines,2026-05-25,Post,16582.08,525
T1014,Midwest,Control,CAT07,Hardlines,2026-06-01,Post,16113.8,381
T1014,Midwest,Control,CAT07,Hardlines,2026-06-08,Post,18953.8,585
T1014,Midwest,Control,CAT07,Hardlines,2026-06-15,Post,17657.4,513
T1014,Midwest,Control,CAT07,Hardlines,2026-06-22,Post,17217.91,493
T1014,Midwest,Control,CAT07,Hardlines,2026-06-29,Post,19246.23,500
T1014,Midwest,Control,CAT08,Softlines,2026-01-05,Pre,12023.03,273
T1014,Midwest,Control,CAT08,Softlines,2026-01-12,Pre,11530.31,336
T1014,Midwest,Control,CAT08,Softlines,2026-01-19,Pre,14274.79,625
T1014,Midwest,Control,CAT08,Softlines,2026-01-26,Pre,14817.26,593
T1014,Midwest,Control,CAT08,Softlines,2026-02-02,Pre,13104.03,297
T1014,Midwest,Control,CAT08,Softlines,2026-02-09,Pre,10721.46,336
T1014,Midwest,Control,CAT08,Softlines,2026-02-16,Pre,13195.16,359
T1014,Midwest,Control,CAT08,Softlines,2026-02-23,Pre,14189.88,357
T1014,Midwest,Control,CAT08,Softlines,2026-03-02,Pre,14504.26,575
T1014,Midwest,Control,CAT08,Softlines,2026-03-09,Pre,12547.62,438
T1014,Midwest,Control,CAT08,Softlines,2026-03-16,Pre,13256.57,628
T1014,Midwest,Control,CAT08,Softlines,2026-03-23,Pre,13821.03,619
T1014,Midwest,Control,CAT08,Softlines,2026-03-30,Pre,14405.21,690
T1014,Midwest,Control,CAT08,Softlines,2026-04-06,Post,14348.74,598
T1014,Midwest,Control,CAT08,Softlines,2026-04-13,Post,14236.11,779
T1014,Midwest,Control,CAT08,Softlines,2026-04-20,Post,14894.94,597
T1014,Midwest,Control,CAT08,Softlines,2026-04-27,Post,13789.79,656
T1014,Midwest,Control,CAT08,Softlines,2026-05-04,Post,15377.35,719
T1014,Midwest,Control,CAT08,Softlines,2026-05-11,Post,13421.14,327
T1014,Midwest,Control,CAT08,Softlines,2026-05-18,Post,14692.46,582
T1014,Midwest,Control,CAT08,Softlines,2026-05-25,Post,13650.01,537
T1014,Midwest,Control,CAT08,Softlines,2026-06-01,Post,13995.08,473
T1014,Midwest,Control,CAT08,Softlines,2026-06-08,Post,14195.17,333
T1014,Midwest,Control,CAT08,Softlines,2026-06-15,Post,13748.78,407
T1014,Midwest,Control,CAT08,Softlines,2026-06-22,Post,15450.07,418
T1014,Midwest,Control,CAT08,Softlines,2026-06-29,Post,13948.22,710
T1015,Midwest,Test,CAT01,Grocery & Essentials,2026-01-05,Pre,35533.82,901
T1015,Midwest,Test,CAT01,Grocery & Essentials,2026-01-12,Pre,39453.73,1852
T1015,Midwest,Test,CAT01,Grocery & Essentials,2026-01-19,Pre,43209.58,1095
T1015,Midwest,Test,CAT01,Grocery & Essentials,2026-01-26,Pre,40052.03,2148
T1015,Midwest,Test,CAT01,Grocery & Essentials,2026-02-02,Pre,36744.34,1559
T1015,Midwest,Test,CAT01,Grocery & Essentials,2026-02-09,Pre,37253.2,1065
T1015,Midwest,Test,CAT01,Grocery & Essentials,2026-02-16,Pre,33961.43,1702
T1015,Midwest,Test,CAT01,Grocery & Essentials,2026-02-23,Pre,39294.7,919
T1015,Midwest,Test,CAT01,Grocery & Essentials,2026-03-02,Pre,38283.93,1068
T1015,Midwest,Test,CAT01,Grocery & Essentials,2026-03-09,Pre,45161.97,1251
T1015,Midwest,Test,CAT01,Grocery & Essentials,2026-03-16,Pre,38867.91,1212
T1015,Midwest,Test,CAT01,Grocery & Essentials,2026-03-23,Pre,40529.69,1185
T1015,Midwest,Test,CAT01,Grocery & Essentials,2026-03-30,Pre,38570.98,982
T1015,Midwest,Test,CAT01,Grocery & Essentials,2026-04-06,Post,39718.9,1472
T1015,Midwest,Test,CAT01,Grocery & Essentials,2026-04-13,Post,40952.92,1890
T1015,Midwest,Test,CAT01,Grocery & Essentials,2026-04-20,Post,35538.78,1428
T1015,Midwest,Test,CAT01,Grocery & Essentials,2026-04-27,Post,43902.84,1103
T1015,Midwest,Test,CAT01,Grocery & Essentials,2026-05-04,Post,48028.13,2070
T1015,Midwest,Test,CAT01,Grocery & Essentials,2026-05-11,Post,45928.71,1644
T1015,Midwest,Test,CAT01,Grocery & Essentials,2026-05-18,Post,44076.22,1387
T1015,Midwest,Test,CAT01,Grocery & Essentials,2026-05-25,Post,44874.04,1231
T1015,Midwest,Test,CAT01,Grocery & Essentials,2026-06-01,Post,42483.97,1427
T1015,Midwest,Test,CAT01,Grocery & Essentials,2026-06-08,Post,43500.76,2292
T1015,Midwest,Test,CAT01,Grocery & Essentials,2026-06-15,Post,40434.79,1128
T1015,Midwest,Test,CAT01,Grocery & Essentials,2026-06-22,Post,42221.94,1240
T1015,Midwest,Test,CAT01,Grocery & Essentials,2026-06-29,Post,38428.83,1600
T1015,Midwest,Test,CAT02,Apparel & Accessories,2026-01-05,Pre,15640.45,360
T1015,Midwest,Test,CAT02,Apparel & Accessories,2026-01-12,Pre,16994.04,513
T1015,Midwest,Test,CAT02,Apparel & Accessories,2026-01-19,Pre,17689.73,586
T1015,Midwest,Test,CAT02,Apparel & Accessories,2026-01-26,Pre,17589.39,417
T1015,Midwest,Test,CAT02,Apparel & Accessories,2026-02-02,Pre,18241.0,601
T1015,Midwest,Test,CAT02,Apparel & Accessories,2026-02-09,Pre,17451.93,640
T1015,Midwest,Test,CAT02,Apparel & Accessories,2026-02-16,Pre,14267.81,380
T1015,Midwest,Test,CAT02,Apparel & Accessories,2026-02-23,Pre,16770.79,689
T1015,Midwest,Test,CAT02,Apparel & Accessories,2026-03-02,Pre,19096.75,429
T1015,Midwest,Test,CAT02,Apparel & Accessories,2026-03-09,Pre,18977.05,624
T1015,Midwest,Test,CAT02,Apparel & Accessories,2026-03-16,Pre,15952.66,708
T1015,Midwest,Test,CAT02,Apparel & Accessories,2026-03-23,Pre,17016.69,495
T1015,Midwest,Test,CAT02,Apparel & Accessories,2026-03-30,Pre,18265.83,823
T1015,Midwest,Test,CAT02,Apparel & Accessories,2026-04-06,Post,18831.71,713
T1015,Midwest,Test,CAT02,Apparel & Accessories,2026-04-13,Post,17555.63,502
T1015,Midwest,Test,CAT02,Apparel & Accessories,2026-04-20,Post,19759.11,520
T1015,Midwest,Test,CAT02,Apparel & Accessories,2026-04-27,Post,16549.59,474
T1015,Midwest,Test,CAT02,Apparel & Accessories,2026-05-04,Post,16451.5,574
T1015,Midwest,Test,CAT02,Apparel & Accessories,2026-05-11,Post,17713.43,604
T1015,Midwest,Test,CAT02,Apparel & Accessories,2026-05-18,Post,18018.78,611
T1015,Midwest,Test,CAT02,Apparel & Accessories,2026-05-25,Post,17706.74,935
T1015,Midwest,Test,CAT02,Apparel & Accessories,2026-06-01,Post,17861.51,466
T1015,Midwest,Test,CAT02,Apparel & Accessories,2026-06-08,Post,15928.28,400
T1015,Midwest,Test,CAT02,Apparel & Accessories,2026-06-15,Post,17629.84,429
T1015,Midwest,Test,CAT02,Apparel & Accessories,2026-06-22,Post,19027.2,921
T1015,Midwest,Test,CAT02,Apparel & Accessories,2026-06-29,Post,17040.15,926
T1015,Midwest,Test,CAT03,Home,2026-01-05,Pre,18603.38,472
T1015,Midwest,Test,CAT03,Home,2026-01-12,Pre,22249.98,651
T1015,Midwest,Test,CAT03,Home,2026-01-19,Pre,18887.82,961
T1015,Midwest,Test,CAT03,Home,2026-01-26,Pre,20510.0,997
T1015,Midwest,Test,CAT03,Home,2026-02-02,Pre,18151.34,526
T1015,Midwest,Test,CAT03,Home,2026-02-09,Pre,21495.3,709
T1015,Midwest,Test,CAT03,Home,2026-02-16,Pre,20211.94,1095
T1015,Midwest,Test,CAT03,Home,2026-02-23,Pre,21555.45,552
T1015,Midwest,Test,CAT03,Home,2026-03-02,Pre,20489.13,686
T1015,Midwest,Test,CAT03,Home,2026-03-09,Pre,21530.42,544
T1015,Midwest,Test,CAT03,Home,2026-03-16,Pre,21246.45,728
T1015,Midwest,Test,CAT03,Home,2026-03-23,Pre,23830.52,1241
T1015,Midwest,Test,CAT03,Home,2026-03-30,Pre,23168.95,544
T1015,Midwest,Test,CAT03,Home,2026-04-06,Post,20648.49,777
T1015,Midwest,Test,CAT03,Home,2026-04-13,Post,21300.26,526
T1015,Midwest,Test,CAT03,Home,2026-04-20,Post,23511.92,585
T1015,Midwest,Test,CAT03,Home,2026-04-27,Post,21215.62,774
T1015,Midwest,Test,CAT03,Home,2026-05-04,Post,22100.55,723
T1015,Midwest,Test,CAT03,Home,2026-05-11,Post,19787.1,619
T1015,Midwest,Test,CAT03,Home,2026-05-18,Post,21834.94,761
T1015,Midwest,Test,CAT03,Home,2026-05-25,Post,21037.48,762
T1015,Midwest,Test,CAT03,Home,2026-06-01,Post,20414.61,721
T1015,Midwest,Test,CAT03,Home,2026-06-08,Post,22267.65,642
T1015,Midwest,Test,CAT03,Home,2026-06-15,Post,23157.65,648
T1015,Midwest,Test,CAT03,Home,2026-06-22,Post,22280.89,737
T1015,Midwest,Test,CAT03,Home,2026-06-29,Post,21487.19,558
T1015,Midwest,Test,CAT04,Electronics,2026-01-05,Pre,12833.1,456
T1015,Midwest,Test,CAT04,Electronics,2026-01-12,Pre,16301.16,437
T1015,Midwest,Test,CAT04,Electronics,2026-01-19,Pre,13309.96,379
T1015,Midwest,Test,CAT04,Electronics,2026-01-26,Pre,14560.64,374
T1015,Midwest,Test,CAT04,Electronics,2026-02-02,Pre,13586.58,411
T1015,Midwest,Test,CAT04,Electronics,2026-02-09,Pre,14506.44,500
T1015,Midwest,Test,CAT04,Electronics,2026-02-16,Pre,13773.93,439
T1015,Midwest,Test,CAT04,Electronics,2026-02-23,Pre,14358.97,342
T1015,Midwest,Test,CAT04,Electronics,2026-03-02,Pre,14014.13,435
T1015,Midwest,Test,CAT04,Electronics,2026-03-09,Pre,15146.09,514
T1015,Midwest,Test,CAT04,Electronics,2026-03-16,Pre,15007.08,665
T1015,Midwest,Test,CAT04,Electronics,2026-03-23,Pre,13927.99,513
T1015,Midwest,Test,CAT04,Electronics,2026-03-30,Pre,13954.69,442
T1015,Midwest,Test,CAT04,Electronics,2026-04-06,Post,15783.63,682
T1015,Midwest,Test,CAT04,Electronics,2026-04-13,Post,15098.38,422
T1015,Midwest,Test,CAT04,Electronics,2026-04-20,Post,15349.0,812
T1015,Midwest,Test,CAT04,Electronics,2026-04-27,Post,18276.74,993
T1015,Midwest,Test,CAT04,Electronics,2026-05-04,Post,17316.75,454
T1015,Midwest,Test,CAT04,Electronics,2026-05-11,Post,18466.23,740
T1015,Midwest,Test,CAT04,Electronics,2026-05-18,Post,16070.57,717
T1015,Midwest,Test,CAT04,Electronics,2026-05-25,Post,18022.66,404
T1015,Midwest,Test,CAT04,Electronics,2026-06-01,Post,17190.48,384
T1015,Midwest,Test,CAT04,Electronics,2026-06-08,Post,16044.82,468
T1015,Midwest,Test,CAT04,Electronics,2026-06-15,Post,16948.75,722
T1015,Midwest,Test,CAT04,Electronics,2026-06-22,Post,19809.47,707
T1015,Midwest,Test,CAT04,Electronics,2026-06-29,Post,15567.95,715
T1015,Midwest,Test,CAT05,Beauty & Personal Care,2026-01-05,Pre,9774.27,402
T1015,Midwest,Test,CAT05,Beauty & Personal Care,2026-01-12,Pre,10309.84,433
T1015,Midwest,Test,CAT05,Beauty & Personal Care,2026-01-19,Pre,12630.54,529
T1015,Midwest,Test,CAT05,Beauty & Personal Care,2026-01-26,Pre,11592.87,571
T1015,Midwest,Test,CAT05,Beauty & Personal Care,2026-02-02,Pre,11784.69,365
T1015,Midwest,Test,CAT05,Beauty & Personal Care,2026-02-09,Pre,10473.42,327
T1015,Midwest,Test,CAT05,Beauty & Personal Care,2026-02-16,Pre,11009.59,310
T1015,Midwest,Test,CAT05,Beauty & Personal Care,2026-02-23,Pre,12184.6,334
T1015,Midwest,Test,CAT05,Beauty & Personal Care,2026-03-02,Pre,12862.54,431
T1015,Midwest,Test,CAT05,Beauty & Personal Care,2026-03-09,Pre,12816.0,531
T1015,Midwest,Test,CAT05,Beauty & Personal Care,2026-03-16,Pre,11557.63,617
T1015,Midwest,Test,CAT05,Beauty & Personal Care,2026-03-23,Pre,11323.73,311
T1015,Midwest,Test,CAT05,Beauty & Personal Care,2026-03-30,Pre,12870.2,653
T1015,Midwest,Test,CAT05,Beauty & Personal Care,2026-04-06,Post,11360.47,395
T1015,Midwest,Test,CAT05,Beauty & Personal Care,2026-04-13,Post,11093.77,256
T1015,Midwest,Test,CAT05,Beauty & Personal Care,2026-04-20,Post,10835.43,367
T1015,Midwest,Test,CAT05,Beauty & Personal Care,2026-04-27,Post,12031.8,349
T1015,Midwest,Test,CAT05,Beauty & Personal Care,2026-05-04,Post,11831.13,339
T1015,Midwest,Test,CAT05,Beauty & Personal Care,2026-05-11,Post,12849.76,651
T1015,Midwest,Test,CAT05,Beauty & Personal Care,2026-05-18,Post,10789.23,486
T1015,Midwest,Test,CAT05,Beauty & Personal Care,2026-05-25,Post,10055.88,233
T1015,Midwest,Test,CAT05,Beauty & Personal Care,2026-06-01,Post,11867.34,346
T1015,Midwest,Test,CAT05,Beauty & Personal Care,2026-06-08,Post,10630.16,383
T1015,Midwest,Test,CAT05,Beauty & Personal Care,2026-06-15,Post,12050.99,327
T1015,Midwest,Test,CAT05,Beauty & Personal Care,2026-06-22,Post,11012.82,356
T1015,Midwest,Test,CAT05,Beauty & Personal Care,2026-06-29,Post,12803.9,335
T1015,Midwest,Test,CAT06,Toys,2026-01-05,Pre,8923.6,199
T1015,Midwest,Test,CAT06,Toys,2026-01-12,Pre,7780.69,203
T1015,Midwest,Test,CAT06,Toys,2026-01-19,Pre,9268.58,257
T1015,Midwest,Test,CAT06,Toys,2026-01-26,Pre,9309.5,243
T1015,Midwest,Test,CAT06,Toys,2026-02-02,Pre,8394.32,306
T1015,Midwest,Test,CAT06,Toys,2026-02-09,Pre,8698.47,340
T1015,Midwest,Test,CAT06,Toys,2026-02-16,Pre,8930.21,233
T1015,Midwest,Test,CAT06,Toys,2026-02-23,Pre,8347.35,284
T1015,Midwest,Test,CAT06,Toys,2026-03-02,Pre,8515.46,315
T1015,Midwest,Test,CAT06,Toys,2026-03-09,Pre,8998.08,359
T1015,Midwest,Test,CAT06,Toys,2026-03-16,Pre,8965.52,340
T1015,Midwest,Test,CAT06,Toys,2026-03-23,Pre,7965.64,324
T1015,Midwest,Test,CAT06,Toys,2026-03-30,Pre,9681.26,289
T1015,Midwest,Test,CAT06,Toys,2026-04-06,Post,8530.82,241
T1015,Midwest,Test,CAT06,Toys,2026-04-13,Post,9653.93,227
T1015,Midwest,Test,CAT06,Toys,2026-04-20,Post,8444.32,425
T1015,Midwest,Test,CAT06,Toys,2026-04-27,Post,8839.29,238
T1015,Midwest,Test,CAT06,Toys,2026-05-04,Post,8030.81,244
T1015,Midwest,Test,CAT06,Toys,2026-05-11,Post,10231.01,361
T1015,Midwest,Test,CAT06,Toys,2026-05-18,Post,8803.17,234
T1015,Midwest,Test,CAT06,Toys,2026-05-25,Post,9684.3,259
T1015,Midwest,Test,CAT06,Toys,2026-06-01,Post,8975.63,263
T1015,Midwest,Test,CAT06,Toys,2026-06-08,Post,10057.3,473
T1015,Midwest,Test,CAT06,Toys,2026-06-15,Post,9082.16,243
T1015,Midwest,Test,CAT06,Toys,2026-06-22,Post,10117.83,392
T1015,Midwest,Test,CAT06,Toys,2026-06-29,Post,8459.61,303
T1015,Midwest,Test,CAT07,Hardlines,2026-01-05,Pre,12379.91,448
T1015,Midwest,Test,CAT07,Hardlines,2026-01-12,Pre,12450.52,370
T1015,Midwest,Test,CAT07,Hardlines,2026-01-19,Pre,12726.49,618
T1015,Midwest,Test,CAT07,Hardlines,2026-01-26,Pre,12457.41,383
T1015,Midwest,Test,CAT07,Hardlines,2026-02-02,Pre,12711.31,372
T1015,Midwest,Test,CAT07,Hardlines,2026-02-09,Pre,12902.91,331
T1015,Midwest,Test,CAT07,Hardlines,2026-02-16,Pre,11822.37,478
T1015,Midwest,Test,CAT07,Hardlines,2026-02-23,Pre,12884.01,388
T1015,Midwest,Test,CAT07,Hardlines,2026-03-02,Pre,13265.75,330
T1015,Midwest,Test,CAT07,Hardlines,2026-03-09,Pre,14063.96,358
T1015,Midwest,Test,CAT07,Hardlines,2026-03-16,Pre,14515.56,328
T1015,Midwest,Test,CAT07,Hardlines,2026-03-23,Pre,14273.87,561
T1015,Midwest,Test,CAT07,Hardlines,2026-03-30,Pre,13921.09,524
T1015,Midwest,Test,CAT07,Hardlines,2026-04-06,Post,13688.17,400
T1015,Midwest,Test,CAT07,Hardlines,2026-04-13,Post,13929.59,767
T1015,Midwest,Test,CAT07,Hardlines,2026-04-20,Post,13224.51,616
T1015,Midwest,Test,CAT07,Hardlines,2026-04-27,Post,13925.46,327
T1015,Midwest,Test,CAT07,Hardlines,2026-05-04,Post,13723.1,347
T1015,Midwest,Test,CAT07,Hardlines,2026-05-11,Post,16182.14,427
T1015,Midwest,Test,CAT07,Hardlines,2026-05-18,Post,14218.35,344
T1015,Midwest,Test,CAT07,Hardlines,2026-05-25,Post,12063.36,316
T1015,Midwest,Test,CAT07,Hardlines,2026-06-01,Post,13662.52,399
T1015,Midwest,Test,CAT07,Hardlines,2026-06-08,Post,13873.59,330
T1015,Midwest,Test,CAT07,Hardlines,2026-06-15,Post,15071.36,377
T1015,Midwest,Test,CAT07,Hardlines,2026-06-22,Post,14608.51,810
T1015,Midwest,Test,CAT07,Hardlines,2026-06-29,Post,14609.79,730
T1015,Midwest,Test,CAT08,Softlines,2026-01-05,Pre,11174.11,615
T1015,Midwest,Test,CAT08,Softlines,2026-01-12,Pre,11498.79,467
T1015,Midwest,Test,CAT08,Softlines,2026-01-19,Pre,10803.22,381
T1015,Midwest,Test,CAT08,Softlines,2026-01-26,Pre,10073.46,537
T1015,Midwest,Test,CAT08,Softlines,2026-02-02,Pre,10133.98,227
T1015,Midwest,Test,CAT08,Softlines,2026-02-09,Pre,8163.55,301
T1015,Midwest,Test,CAT08,Softlines,2026-02-16,Pre,11330.65,547
T1015,Midwest,Test,CAT08,Softlines,2026-02-23,Pre,10251.54,299
T1015,Midwest,Test,CAT08,Softlines,2026-03-02,Pre,10500.85,304
T1015,Midwest,Test,CAT08,Softlines,2026-03-09,Pre,10244.5,568
T1015,Midwest,Test,CAT08,Softlines,2026-03-16,Pre,9848.36,416
T1015,Midwest,Test,CAT08,Softlines,2026-03-23,Pre,12303.35,547
T1015,Midwest,Test,CAT08,Softlines,2026-03-30,Pre,10668.63,513
T1015,Midwest,Test,CAT08,Softlines,2026-04-06,Post,11877.67,283
T1015,Midwest,Test,CAT08,Softlines,2026-04-13,Post,10540.49,294
T1015,Midwest,Test,CAT08,Softlines,2026-04-20,Post,10356.25,510
T1015,Midwest,Test,CAT08,Softlines,2026-04-27,Post,11333.81,257
T1015,Midwest,Test,CAT08,Softlines,2026-05-04,Post,11708.47,413
T1015,Midwest,Test,CAT08,Softlines,2026-05-11,Post,11807.15,371
T1015,Midwest,Test,CAT08,Softlines,2026-05-18,Post,10857.5,244
T1015,Midwest,Test,CAT08,Softlines,2026-05-25,Post,11587.92,414
T1015,Midwest,Test,CAT08,Softlines,2026-06-01,Post,10667.48,499
T1015,Midwest,Test,CAT08,Softlines,2026-06-08,Post,11178.32,271
T1015,Midwest,Test,CAT08,Softlines,2026-06-15,Post,10945.27,324
T1015,Midwest,Test,CAT08,Softlines,2026-06-22,Post,10870.05,480
T1015,Midwest,Test,CAT08,Softlines,2026-06-29,Post,11333.91,446
T1016,South,Control,CAT01,Grocery & Essentials,2026-01-05,Pre,47646.09,1194
T1016,South,Control,CAT01,Grocery & Essentials,2026-01-12,Pre,44429.78,1019
T1016,South,Control,CAT01,Grocery & Essentials,2026-01-19,Pre,43492.99,1171
T1016,South,Control,CAT01,Grocery & Essentials,2026-01-26,Pre,48028.3,2012
T1016,South,Control,CAT01,Grocery & Essentials,2026-02-02,Pre,48845.35,1236
T1016,South,Control,CAT01,Grocery & Essentials,2026-02-09,Pre,45198.12,1871
T1016,South,Control,CAT01,Grocery & Essentials,2026-02-16,Pre,45261.41,2142
T1016,South,Control,CAT01,Grocery & Essentials,2026-02-23,Pre,46585.12,1169
T1016,South,Control,CAT01,Grocery & Essentials,2026-03-02,Pre,46410.33,1176
T1016,South,Control,CAT01,Grocery & Essentials,2026-03-09,Pre,45932.79,1309
T1016,South,Control,CAT01,Grocery & Essentials,2026-03-16,Pre,49862.11,1307
T1016,South,Control,CAT01,Grocery & Essentials,2026-03-23,Pre,52070.12,2274
T1016,South,Control,CAT01,Grocery & Essentials,2026-03-30,Pre,52461.03,1694
T1016,South,Control,CAT01,Grocery & Essentials,2026-04-06,Post,44519.11,1096
T1016,South,Control,CAT01,Grocery & Essentials,2026-04-13,Post,49606.12,1368
T1016,South,Control,CAT01,Grocery & Essentials,2026-04-20,Post,49454.27,1598
T1016,South,Control,CAT01,Grocery & Essentials,2026-04-27,Post,55819.64,2293
T1016,South,Control,CAT01,Grocery & Essentials,2026-05-04,Post,50300.83,1851
T1016,South,Control,CAT01,Grocery & Essentials,2026-05-11,Post,51098.69,1528
T1016,South,Control,CAT01,Grocery & Essentials,2026-05-18,Post,46545.61,1839
T1016,South,Control,CAT01,Grocery & Essentials,2026-05-25,Post,48855.22,1383
T1016,South,Control,CAT01,Grocery & Essentials,2026-06-01,Post,46700.39,1722
T1016,South,Control,CAT01,Grocery & Essentials,2026-06-08,Post,52391.53,1194
T1016,South,Control,CAT01,Grocery & Essentials,2026-06-15,Post,57424.12,1580
T1016,South,Control,CAT01,Grocery & Essentials,2026-06-22,Post,49693.39,1249
T1016,South,Control,CAT01,Grocery & Essentials,2026-06-29,Post,51836.25,1829
T1016,South,Control,CAT02,Apparel & Accessories,2026-01-05,Pre,19281.42,796
T1016,South,Control,CAT02,Apparel & Accessories,2026-01-12,Pre,19746.68,686
T1016,South,Control,CAT02,Apparel & Accessories,2026-01-19,Pre,20832.43,475
T1016,South,Control,CAT02,Apparel & Accessories,2026-01-26,Pre,23553.39,911
T1016,South,Control,CAT02,Apparel & Accessories,2026-02-02,Pre,22812.28,858
T1016,South,Control,CAT02,Apparel & Accessories,2026-02-09,Pre,23380.61,570
T1016,South,Control,CAT02,Apparel & Accessories,2026-02-16,Pre,22358.92,741
T1016,South,Control,CAT02,Apparel & Accessories,2026-02-23,Pre,20742.71,963
T1016,South,Control,CAT02,Apparel & Accessories,2026-03-02,Pre,20627.31,782
T1016,South,Control,CAT02,Apparel & Accessories,2026-03-09,Pre,20139.38,929
T1016,South,Control,CAT02,Apparel & Accessories,2026-03-16,Pre,17780.68,477
T1016,South,Control,CAT02,Apparel & Accessories,2026-03-23,Pre,21042.75,715
T1016,South,Control,CAT02,Apparel & Accessories,2026-03-30,Pre,23643.81,611
T1016,South,Control,CAT02,Apparel & Accessories,2026-04-06,Post,23713.79,578
T1016,South,Control,CAT02,Apparel & Accessories,2026-04-13,Post,25246.16,929
T1016,South,Control,CAT02,Apparel & Accessories,2026-04-20,Post,22017.93,584
T1016,South,Control,CAT02,Apparel & Accessories,2026-04-27,Post,20000.17,604
T1016,South,Control,CAT02,Apparel & Accessories,2026-05-04,Post,24074.31,535
T1016,South,Control,CAT02,Apparel & Accessories,2026-05-11,Post,22806.79,572
T1016,South,Control,CAT02,Apparel & Accessories,2026-05-18,Post,25064.12,609
T1016,South,Control,CAT02,Apparel & Accessories,2026-05-25,Post,24600.76,1059
T1016,South,Control,CAT02,Apparel & Accessories,2026-06-01,Post,21497.08,635
T1016,South,Control,CAT02,Apparel & Accessories,2026-06-08,Post,20577.25,615
T1016,South,Control,CAT02,Apparel & Accessories,2026-06-15,Post,20614.59,477
T1016,South,Control,CAT02,Apparel & Accessories,2026-06-22,Post,21395.88,572
T1016,South,Control,CAT02,Apparel & Accessories,2026-06-29,Post,21687.02,668
T1016,South,Control,CAT03,Home,2026-01-05,Pre,24535.35,776
T1016,South,Control,CAT03,Home,2026-01-12,Pre,26345.49,695
T1016,South,Control,CAT03,Home,2026-01-19,Pre,24673.83,891
T1016,South,Control,CAT03,Home,2026-01-26,Pre,25456.26,1205
T1016,South,Control,CAT03,Home,2026-02-02,Pre,22822.11,531
T1016,South,Control,CAT03,Home,2026-02-09,Pre,24236.72,969
T1016,South,Control,CAT03,Home,2026-02-16,Pre,24256.71,662
T1016,South,Control,CAT03,Home,2026-02-23,Pre,22831.65,1152
T1016,South,Control,CAT03,Home,2026-03-02,Pre,25218.3,1007
T1016,South,Control,CAT03,Home,2026-03-09,Pre,23282.4,1039
T1016,South,Control,CAT03,Home,2026-03-16,Pre,25291.46,784
T1016,South,Control,CAT03,Home,2026-03-23,Pre,26399.78,801
T1016,South,Control,CAT03,Home,2026-03-30,Pre,28934.79,732
T1016,South,Control,CAT03,Home,2026-04-06,Post,24835.08,1153
T1016,South,Control,CAT03,Home,2026-04-13,Post,26651.69,719
T1016,South,Control,CAT03,Home,2026-04-20,Post,25407.75,903
T1016,South,Control,CAT03,Home,2026-04-27,Post,23825.02,1312
T1016,South,Control,CAT03,Home,2026-05-04,Post,29512.66,858
T1016,South,Control,CAT03,Home,2026-05-11,Post,27192.5,832
T1016,South,Control,CAT03,Home,2026-05-18,Post,27877.48,1228
T1016,South,Control,CAT03,Home,2026-05-25,Post,30201.29,947
T1016,South,Control,CAT03,Home,2026-06-01,Post,26352.75,736
T1016,South,Control,CAT03,Home,2026-06-08,Post,24911.42,622
T1016,South,Control,CAT03,Home,2026-06-15,Post,25754.71,702
T1016,South,Control,CAT03,Home,2026-06-22,Post,24941.22,980
T1016,South,Control,CAT03,Home,2026-06-29,Post,29739.3,1250
T1016,South,Control,CAT04,Electronics,2026-01-05,Pre,19470.06,605
T1016,South,Control,CAT04,Electronics,2026-01-12,Pre,17297.27,483
T1016,South,Control,CAT04,Electronics,2026-01-19,Pre,18070.42,964
T1016,South,Control,CAT04,Electronics,2026-01-26,Pre,18469.94,796
T1016,South,Control,CAT04,Electronics,2026-02-02,Pre,19469.29,743
T1016,South,Control,CAT04,Electronics,2026-02-09,Pre,19794.13,849
T1016,South,Control,CAT04,Electronics,2026-02-16,Pre,15261.14,444
T1016,South,Control,CAT04,Electronics,2026-02-23,Pre,16832.46,604
T1016,South,Control,CAT04,Electronics,2026-03-02,Pre,17638.8,568
T1016,South,Control,CAT04,Electronics,2026-03-09,Pre,16822.25,504
T1016,South,Control,CAT04,Electronics,2026-03-16,Pre,17427.81,471
T1016,South,Control,CAT04,Electronics,2026-03-23,Pre,18357.4,600
T1016,South,Control,CAT04,Electronics,2026-03-30,Pre,15170.37,363
T1016,South,Control,CAT04,Electronics,2026-04-06,Post,18462.75,470
T1016,South,Control,CAT04,Electronics,2026-04-13,Post,19227.3,592
T1016,South,Control,CAT04,Electronics,2026-04-20,Post,18145.21,442
T1016,South,Control,CAT04,Electronics,2026-04-27,Post,15256.35,469
T1016,South,Control,CAT04,Electronics,2026-05-04,Post,17794.1,591
T1016,South,Control,CAT04,Electronics,2026-05-11,Post,18719.01,502
T1016,South,Control,CAT04,Electronics,2026-05-18,Post,19691.66,470
T1016,South,Control,CAT04,Electronics,2026-05-25,Post,19554.12,596
T1016,South,Control,CAT04,Electronics,2026-06-01,Post,18379.79,553
T1016,South,Control,CAT04,Electronics,2026-06-08,Post,17735.78,665
T1016,South,Control,CAT04,Electronics,2026-06-15,Post,18574.41,435
T1016,South,Control,CAT04,Electronics,2026-06-22,Post,16492.41,400
T1016,South,Control,CAT04,Electronics,2026-06-29,Post,18047.6,971
T1016,South,Control,CAT05,Beauty & Personal Care,2026-01-05,Pre,14832.25,399
T1016,South,Control,CAT05,Beauty & Personal Care,2026-01-12,Pre,13659.19,477
T1016,South,Control,CAT05,Beauty & Personal Care,2026-01-19,Pre,14122.76,409
T1016,South,Control,CAT05,Beauty & Personal Care,2026-01-26,Pre,12526.33,334
T1016,South,Control,CAT05,Beauty & Personal Care,2026-02-02,Pre,14867.49,667
T1016,South,Control,CAT05,Beauty & Personal Care,2026-02-09,Pre,13786.91,319
T1016,South,Control,CAT05,Beauty & Personal Care,2026-02-16,Pre,14312.77,362
T1016,South,Control,CAT05,Beauty & Personal Care,2026-02-23,Pre,14581.27,435
T1016,South,Control,CAT05,Beauty & Personal Care,2026-03-02,Pre,15060.95,538
T1016,South,Control,CAT05,Beauty & Personal Care,2026-03-09,Pre,14323.39,354
T1016,South,Control,CAT05,Beauty & Personal Care,2026-03-16,Pre,14079.8,397
T1016,South,Control,CAT05,Beauty & Personal Care,2026-03-23,Pre,13106.79,358
T1016,South,Control,CAT05,Beauty & Personal Care,2026-03-30,Pre,12891.92,303
T1016,South,Control,CAT05,Beauty & Personal Care,2026-04-06,Post,14524.37,479
T1016,South,Control,CAT05,Beauty & Personal Care,2026-04-13,Post,14766.75,353
T1016,South,Control,CAT05,Beauty & Personal Care,2026-04-20,Post,14989.72,463
T1016,South,Control,CAT05,Beauty & Personal Care,2026-04-27,Post,13706.66,686
T1016,South,Control,CAT05,Beauty & Personal Care,2026-05-04,Post,14026.84,655
T1016,South,Control,CAT05,Beauty & Personal Care,2026-05-11,Post,14782.07,519
T1016,South,Control,CAT05,Beauty & Personal Care,2026-05-18,Post,14249.98,493
T1016,South,Control,CAT05,Beauty & Personal Care,2026-05-25,Post,17327.14,656
T1016,South,Control,CAT05,Beauty & Personal Care,2026-06-01,Post,14216.48,342
T1016,South,Control,CAT05,Beauty & Personal Care,2026-06-08,Post,15286.52,503
T1016,South,Control,CAT05,Beauty & Personal Care,2026-06-15,Post,15782.63,818
T1016,South,Control,CAT05,Beauty & Personal Care,2026-06-22,Post,15909.94,556
T1016,South,Control,CAT05,Beauty & Personal Care,2026-06-29,Post,14550.5,385
T1016,South,Control,CAT06,Toys,2026-01-05,Pre,10641.75,241
T1016,South,Control,CAT06,Toys,2026-01-12,Pre,10589.73,415
T1016,South,Control,CAT06,Toys,2026-01-19,Pre,10759.35,453
T1016,South,Control,CAT06,Toys,2026-01-26,Pre,10456.45,376
T1016,South,Control,CAT06,Toys,2026-02-02,Pre,11018.83,386
T1016,South,Control,CAT06,Toys,2026-02-09,Pre,10624.43,300
T1016,South,Control,CAT06,Toys,2026-02-16,Pre,9563.53,443
T1016,South,Control,CAT06,Toys,2026-02-23,Pre,10685.44,326
T1016,South,Control,CAT06,Toys,2026-03-02,Pre,10813.16,259
T1016,South,Control,CAT06,Toys,2026-03-09,Pre,11178.73,422
T1016,South,Control,CAT06,Toys,2026-03-16,Pre,10769.91,396
T1016,South,Control,CAT06,Toys,2026-03-23,Pre,12025.83,478
T1016,South,Control,CAT06,Toys,2026-03-30,Pre,10666.5,561
T1016,South,Control,CAT06,Toys,2026-04-06,Post,10400.03,237
T1016,South,Control,CAT06,Toys,2026-04-13,Post,11857.86,380
T1016,South,Control,CAT06,Toys,2026-04-20,Post,10768.43,290
T1016,South,Control,CAT06,Toys,2026-04-27,Post,10947.28,430
T1016,South,Control,CAT06,Toys,2026-05-04,Post,11190.69,361
T1016,South,Control,CAT06,Toys,2026-05-11,Post,11166.67,264
T1016,South,Control,CAT06,Toys,2026-05-18,Post,11478.69,499
T1016,South,Control,CAT06,Toys,2026-05-25,Post,11604.32,514
T1016,South,Control,CAT06,Toys,2026-06-01,Post,10651.02,249
T1016,South,Control,CAT06,Toys,2026-06-08,Post,10300.94,395
T1016,South,Control,CAT06,Toys,2026-06-15,Post,10419.4,320
T1016,South,Control,CAT06,Toys,2026-06-22,Post,12204.44,372
T1016,South,Control,CAT06,Toys,2026-06-29,Post,11111.22,551
T1016,South,Control,CAT07,Hardlines,2026-01-05,Pre,16850.93,571
T1016,South,Control,CAT07,Hardlines,2026-01-12,Pre,16813.14,608
T1016,South,Control,CAT07,Hardlines,2026-01-19,Pre,16132.6,370
T1016,South,Control,CAT07,Hardlines,2026-01-26,Pre,15194.36,716
T1016,South,Control,CAT07,Hardlines,2026-02-02,Pre,17043.37,519
T1016,South,Control,CAT07,Hardlines,2026-02-09,Pre,16286.27,860
T1016,South,Control,CAT07,Hardlines,2026-02-16,Pre,15017.02,599
T1016,South,Control,CAT07,Hardlines,2026-02-23,Pre,15892.3,666
T1016,South,Control,CAT07,Hardlines,2026-03-02,Pre,14730.7,358
T1016,South,Control,CAT07,Hardlines,2026-03-09,Pre,16066.86,563
T1016,South,Control,CAT07,Hardlines,2026-03-16,Pre,15544.83,345
T1016,South,Control,CAT07,Hardlines,2026-03-23,Pre,16767.87,515
T1016,South,Control,CAT07,Hardlines,2026-03-30,Pre,16610.26,622
T1016,South,Control,CAT07,Hardlines,2026-04-06,Post,16536.04,506
T1016,South,Control,CAT07,Hardlines,2026-04-13,Post,16948.52,386
T1016,South,Control,CAT07,Hardlines,2026-04-20,Post,17515.21,516
T1016,South,Control,CAT07,Hardlines,2026-04-27,Post,18030.52,466
T1016,South,Control,CAT07,Hardlines,2026-05-04,Post,18270.08,888
T1016,South,Control,CAT07,Hardlines,2026-05-11,Post,16259.14,454
T1016,South,Control,CAT07,Hardlines,2026-05-18,Post,18536.41,786
T1016,South,Control,CAT07,Hardlines,2026-05-25,Post,17246.14,566
T1016,South,Control,CAT07,Hardlines,2026-06-01,Post,16910.06,810
T1016,South,Control,CAT07,Hardlines,2026-06-08,Post,16181.18,631
T1016,South,Control,CAT07,Hardlines,2026-06-15,Post,14537.29,380
T1016,South,Control,CAT07,Hardlines,2026-06-22,Post,18021.18,402
T1016,South,Control,CAT07,Hardlines,2026-06-29,Post,18038.25,527
T1016,South,Control,CAT08,Softlines,2026-01-05,Pre,12071.54,298
T1016,South,Control,CAT08,Softlines,2026-01-12,Pre,12143.68,325
T1016,South,Control,CAT08,Softlines,2026-01-19,Pre,12521.31,685
T1016,South,Control,CAT08,Softlines,2026-01-26,Pre,12389.49,606
T1016,South,Control,CAT08,Softlines,2026-02-02,Pre,12070.64,502
T1016,South,Control,CAT08,Softlines,2026-02-09,Pre,11830.69,283
T1016,South,Control,CAT08,Softlines,2026-02-16,Pre,13871.78,372
T1016,South,Control,CAT08,Softlines,2026-02-23,Pre,12482.52,646
T1016,South,Control,CAT08,Softlines,2026-03-02,Pre,13291.55,376
T1016,South,Control,CAT08,Softlines,2026-03-09,Pre,13519.78,552
T1016,South,Control,CAT08,Softlines,2026-03-16,Pre,13440.6,458
T1016,South,Control,CAT08,Softlines,2026-03-23,Pre,13675.56,312
T1016,South,Control,CAT08,Softlines,2026-03-30,Pre,13533.46,358
T1016,South,Control,CAT08,Softlines,2026-04-06,Post,12617.67,598
T1016,South,Control,CAT08,Softlines,2026-04-13,Post,12976.95,418
T1016,South,Control,CAT08,Softlines,2026-04-20,Post,14331.12,752
T1016,South,Control,CAT08,Softlines,2026-04-27,Post,12894.34,294
T1016,South,Control,CAT08,Softlines,2026-05-04,Post,13401.29,564
T1016,South,Control,CAT08,Softlines,2026-05-11,Post,13922.02,356
T1016,South,Control,CAT08,Softlines,2026-05-18,Post,14912.37,654
T1016,South,Control,CAT08,Softlines,2026-05-25,Post,14505.66,526
T1016,South,Control,CAT08,Softlines,2026-06-01,Post,12753.65,448
T1016,South,Control,CAT08,Softlines,2026-06-08,Post,13981.78,451
T1016,South,Control,CAT08,Softlines,2026-06-15,Post,13920.02,472
T1016,South,Control,CAT08,Softlines,2026-06-22,Post,13476.36,426
T1016,South,Control,CAT08,Softlines,2026-06-29,Post,13830.27,356
T1017,Northeast,Control,CAT01,Grocery & Essentials,2026-01-05,Pre,35190.98,1399
T1017,Northeast,Control,CAT01,Grocery & Essentials,2026-01-12,Pre,36645.15,1640
T1017,Northeast,Control,CAT01,Grocery & Essentials,2026-01-19,Pre,37743.67,866
T1017,Northeast,Control,CAT01,Grocery & Essentials,2026-01-26,Pre,35158.6,831
T1017,Northeast,Control,CAT01,Grocery & Essentials,2026-02-02,Pre,34970.38,1296
T1017,Northeast,Control,CAT01,Grocery & Essentials,2026-02-09,Pre,37395.45,1042
T1017,Northeast,Control,CAT01,Grocery & Essentials,2026-02-16,Pre,36224.37,1148
T1017,Northeast,Control,CAT01,Grocery & Essentials,2026-02-23,Pre,34437.18,1491
T1017,Northeast,Control,CAT01,Grocery & Essentials,2026-03-02,Pre,35307.13,1090
T1017,Northeast,Control,CAT01,Grocery & Essentials,2026-03-09,Pre,31134.78,706
T1017,Northeast,Control,CAT01,Grocery & Essentials,2026-03-16,Pre,41980.5,1206
T1017,Northeast,Control,CAT01,Grocery & Essentials,2026-03-23,Pre,41754.28,1217
T1017,Northeast,Control,CAT01,Grocery & Essentials,2026-03-30,Pre,40178.97,2049
T1017,Northeast,Control,CAT01,Grocery & Essentials,2026-04-06,Post,35721.1,956
T1017,Northeast,Control,CAT01,Grocery & Essentials,2026-04-13,Post,38838.99,935
T1017,Northeast,Control,CAT01,Grocery & Essentials,2026-04-20,Post,37818.82,1360
T1017,Northeast,Control,CAT01,Grocery & Essentials,2026-04-27,Post,38529.58,1966
T1017,Northeast,Control,CAT01,Grocery & Essentials,2026-05-04,Post,43747.88,1435
T1017,Northeast,Control,CAT01,Grocery & Essentials,2026-05-11,Post,37917.53,1640
T1017,Northeast,Control,CAT01,Grocery & Essentials,2026-05-18,Post,36004.63,921
T1017,Northeast,Control,CAT01,Grocery & Essentials,2026-05-25,Post,38998.7,1376
T1017,Northeast,Control,CAT01,Grocery & Essentials,2026-06-01,Post,41234.81,1964
T1017,Northeast,Control,CAT01,Grocery & Essentials,2026-06-08,Post,43424.05,1520
T1017,Northeast,Control,CAT01,Grocery & Essentials,2026-06-15,Post,41472.41,1535
T1017,Northeast,Control,CAT01,Grocery & Essentials,2026-06-22,Post,43979.38,1387
T1017,Northeast,Control,CAT01,Grocery & Essentials,2026-06-29,Post,34288.15,1595
T1017,Northeast,Control,CAT02,Apparel & Accessories,2026-01-05,Pre,15912.12,365
T1017,Northeast,Control,CAT02,Apparel & Accessories,2026-01-12,Pre,15917.08,448
T1017,Northeast,Control,CAT02,Apparel & Accessories,2026-01-19,Pre,14330.49,435
T1017,Northeast,Control,CAT02,Apparel & Accessories,2026-01-26,Pre,15253.32,471
T1017,Northeast,Control,CAT02,Apparel & Accessories,2026-02-02,Pre,15426.49,733
T1017,Northeast,Control,CAT02,Apparel & Accessories,2026-02-09,Pre,15959.65,381
T1017,Northeast,Control,CAT02,Apparel & Accessories,2026-02-16,Pre,15572.64,597
T1017,Northeast,Control,CAT02,Apparel & Accessories,2026-02-23,Pre,17654.63,484
T1017,Northeast,Control,CAT02,Apparel & Accessories,2026-03-02,Pre,16972.4,650
T1017,Northeast,Control,CAT02,Apparel & Accessories,2026-03-09,Pre,14685.9,357
T1017,Northeast,Control,CAT02,Apparel & Accessories,2026-03-16,Pre,16085.15,376
T1017,Northeast,Control,CAT02,Apparel & Accessories,2026-03-23,Pre,15161.34,713
T1017,Northeast,Control,CAT02,Apparel & Accessories,2026-03-30,Pre,14894.81,573
T1017,Northeast,Control,CAT02,Apparel & Accessories,2026-04-06,Post,16427.4,865
T1017,Northeast,Control,CAT02,Apparel & Accessories,2026-04-13,Post,16661.94,392
T1017,Northeast,Control,CAT02,Apparel & Accessories,2026-04-20,Post,17902.93,503
T1017,Northeast,Control,CAT02,Apparel & Accessories,2026-04-27,Post,17509.73,873
T1017,Northeast,Control,CAT02,Apparel & Accessories,2026-05-04,Post,15113.91,828
T1017,Northeast,Control,CAT02,Apparel & Accessories,2026-05-11,Post,15366.51,362
T1017,Northeast,Control,CAT02,Apparel & Accessories,2026-05-18,Post,16003.56,865
T1017,Northeast,Control,CAT02,Apparel & Accessories,2026-05-25,Post,15354.57,614
T1017,Northeast,Control,CAT02,Apparel & Accessories,2026-06-01,Post,14103.23,631
T1017,Northeast,Control,CAT02,Apparel & Accessories,2026-06-08,Post,18157.17,550
T1017,Northeast,Control,CAT02,Apparel & Accessories,2026-06-15,Post,17156.58,782
T1017,Northeast,Control,CAT02,Apparel & Accessories,2026-06-22,Post,19060.58,549
T1017,Northeast,Control,CAT02,Apparel & Accessories,2026-06-29,Post,16159.98,576
T1017,Northeast,Control,CAT03,Home,2026-01-05,Pre,18812.06,468
T1017,Northeast,Control,CAT03,Home,2026-01-12,Pre,18470.2,533
T1017,Northeast,Control,CAT03,Home,2026-01-19,Pre,19658.15,753
T1017,Northeast,Control,CAT03,Home,2026-01-26,Pre,18170.23,628
T1017,Northeast,Control,CAT03,Home,2026-02-02,Pre,20745.4,461
T1017,Northeast,Control,CAT03,Home,2026-02-09,Pre,17752.56,557
T1017,Northeast,Control,CAT03,Home,2026-02-16,Pre,18604.72,440
T1017,Northeast,Control,CAT03,Home,2026-02-23,Pre,17971.59,460
T1017,Northeast,Control,CAT03,Home,2026-03-02,Pre,19585.65,733
T1017,Northeast,Control,CAT03,Home,2026-03-09,Pre,20147.85,520
T1017,Northeast,Control,CAT03,Home,2026-03-16,Pre,17926.49,497
T1017,Northeast,Control,CAT03,Home,2026-03-23,Pre,19558.82,677
T1017,Northeast,Control,CAT03,Home,2026-03-30,Pre,21574.12,831
T1017,Northeast,Control,CAT03,Home,2026-04-06,Post,22084.29,587
T1017,Northeast,Control,CAT03,Home,2026-04-13,Post,21319.91,800
T1017,Northeast,Control,CAT03,Home,2026-04-20,Post,17218.19,824
T1017,Northeast,Control,CAT03,Home,2026-04-27,Post,20565.23,702
T1017,Northeast,Control,CAT03,Home,2026-05-04,Post,22165.49,508
T1017,Northeast,Control,CAT03,Home,2026-05-11,Post,19949.13,1032
T1017,Northeast,Control,CAT03,Home,2026-05-18,Post,19027.63,599
T1017,Northeast,Control,CAT03,Home,2026-05-25,Post,22292.14,531
T1017,Northeast,Control,CAT03,Home,2026-06-01,Post,22605.05,1069
T1017,Northeast,Control,CAT03,Home,2026-06-08,Post,20877.72,664
T1017,Northeast,Control,CAT03,Home,2026-06-15,Post,19322.05,577
T1017,Northeast,Control,CAT03,Home,2026-06-22,Post,18738.82,994
T1017,Northeast,Control,CAT03,Home,2026-06-29,Post,21596.41,804
T1017,Northeast,Control,CAT04,Electronics,2026-01-05,Pre,12550.04,341
T1017,Northeast,Control,CAT04,Electronics,2026-01-12,Pre,13080.49,663
T1017,Northeast,Control,CAT04,Electronics,2026-01-19,Pre,13038.67,490
T1017,Northeast,Control,CAT04,Electronics,2026-01-26,Pre,12493.03,311
T1017,Northeast,Control,CAT04,Electronics,2026-02-02,Pre,11803.33,365
T1017,Northeast,Control,CAT04,Electronics,2026-02-09,Pre,12964.23,545
T1017,Northeast,Control,CAT04,Electronics,2026-02-16,Pre,13529.83,343
T1017,Northeast,Control,CAT04,Electronics,2026-02-23,Pre,13625.17,623
T1017,Northeast,Control,CAT04,Electronics,2026-03-02,Pre,12897.44,438
T1017,Northeast,Control,CAT04,Electronics,2026-03-09,Pre,14708.22,412
T1017,Northeast,Control,CAT04,Electronics,2026-03-16,Pre,12625.61,575
T1017,Northeast,Control,CAT04,Electronics,2026-03-23,Pre,11383.31,293
T1017,Northeast,Control,CAT04,Electronics,2026-03-30,Pre,14625.94,416
T1017,Northeast,Control,CAT04,Electronics,2026-04-06,Post,13869.9,309
T1017,Northeast,Control,CAT04,Electronics,2026-04-13,Post,13429.5,310
T1017,Northeast,Control,CAT04,Electronics,2026-04-20,Post,14312.42,467
T1017,Northeast,Control,CAT04,Electronics,2026-04-27,Post,13708.49,544
T1017,Northeast,Control,CAT04,Electronics,2026-05-04,Post,12663.31,297
T1017,Northeast,Control,CAT04,Electronics,2026-05-11,Post,12779.96,284
T1017,Northeast,Control,CAT04,Electronics,2026-05-18,Post,13001.38,430
T1017,Northeast,Control,CAT04,Electronics,2026-05-25,Post,13855.02,743
T1017,Northeast,Control,CAT04,Electronics,2026-06-01,Post,13665.29,434
T1017,Northeast,Control,CAT04,Electronics,2026-06-08,Post,15159.37,539
T1017,Northeast,Control,CAT04,Electronics,2026-06-15,Post,13724.86,727
T1017,Northeast,Control,CAT04,Electronics,2026-06-22,Post,13719.86,472
T1017,Northeast,Control,CAT04,Electronics,2026-06-29,Post,13652.55,553
T1017,Northeast,Control,CAT05,Beauty & Personal Care,2026-01-05,Pre,9874.48,371
T1017,Northeast,Control,CAT05,Beauty & Personal Care,2026-01-12,Pre,9934.57,472
T1017,Northeast,Control,CAT05,Beauty & Personal Care,2026-01-19,Pre,9648.99,432
T1017,Northeast,Control,CAT05,Beauty & Personal Care,2026-01-26,Pre,10703.95,325
T1017,Northeast,Control,CAT05,Beauty & Personal Care,2026-02-02,Pre,10529.43,356
T1017,Northeast,Control,CAT05,Beauty & Personal Care,2026-02-09,Pre,10541.69,460
T1017,Northeast,Control,CAT05,Beauty & Personal Care,2026-02-16,Pre,9585.19,341
T1017,Northeast,Control,CAT05,Beauty & Personal Care,2026-02-23,Pre,11038.23,371
T1017,Northeast,Control,CAT05,Beauty & Personal Care,2026-03-02,Pre,11155.2,378
T1017,Northeast,Control,CAT05,Beauty & Personal Care,2026-03-09,Pre,11967.87,471
T1017,Northeast,Control,CAT05,Beauty & Personal Care,2026-03-16,Pre,11200.08,343
T1017,Northeast,Control,CAT05,Beauty & Personal Care,2026-03-23,Pre,12235.37,315
T1017,Northeast,Control,CAT05,Beauty & Personal Care,2026-03-30,Pre,10461.96,449
T1017,Northeast,Control,CAT05,Beauty & Personal Care,2026-04-06,Post,12200.96,624
T1017,Northeast,Control,CAT05,Beauty & Personal Care,2026-04-13,Post,11397.27,277
T1017,Northeast,Control,CAT05,Beauty & Personal Care,2026-04-20,Post,11341.07,535
T1017,Northeast,Control,CAT05,Beauty & Personal Care,2026-04-27,Post,10977.98,320
T1017,Northeast,Control,CAT05,Beauty & Personal Care,2026-05-04,Post,10862.86,304
T1017,Northeast,Control,CAT05,Beauty & Personal Care,2026-05-11,Post,10753.49,397
T1017,Northeast,Control,CAT05,Beauty & Personal Care,2026-05-18,Post,12510.93,310
T1017,Northeast,Control,CAT05,Beauty & Personal Care,2026-05-25,Post,11119.68,293
T1017,Northeast,Control,CAT05,Beauty & Personal Care,2026-06-01,Post,11713.76,571
T1017,Northeast,Control,CAT05,Beauty & Personal Care,2026-06-08,Post,11927.43,376
T1017,Northeast,Control,CAT05,Beauty & Personal Care,2026-06-15,Post,11959.47,298
T1017,Northeast,Control,CAT05,Beauty & Personal Care,2026-06-22,Post,11595.96,295
T1017,Northeast,Control,CAT05,Beauty & Personal Care,2026-06-29,Post,12739.96,390
T1017,Northeast,Control,CAT06,Toys,2026-01-05,Pre,8060.74,312
T1017,Northeast,Control,CAT06,Toys,2026-01-12,Pre,7541.1,183
T1017,Northeast,Control,CAT06,Toys,2026-01-19,Pre,7712.7,182
T1017,Northeast,Control,CAT06,Toys,2026-01-26,Pre,7129.55,241
T1017,Northeast,Control,CAT06,Toys,2026-02-02,Pre,8119.91,382
T1017,Northeast,Control,CAT06,Toys,2026-02-09,Pre,8313.31,303
T1017,Northeast,Control,CAT06,Toys,2026-02-16,Pre,8394.79,305
T1017,Northeast,Control,CAT06,Toys,2026-02-23,Pre,8321.31,334
T1017,Northeast,Control,CAT06,Toys,2026-03-02,Pre,7987.68,227
T1017,Northeast,Control,CAT06,Toys,2026-03-09,Pre,8115.52,215
T1017,Northeast,Control,CAT06,Toys,2026-03-16,Pre,8148.43,183
T1017,Northeast,Control,CAT06,Toys,2026-03-23,Pre,8729.96,449
T1017,Northeast,Control,CAT06,Toys,2026-03-30,Pre,7194.1,352
T1017,Northeast,Control,CAT06,Toys,2026-04-06,Post,7989.25,219
T1017,Northeast,Control,CAT06,Toys,2026-04-13,Post,7721.16,329
T1017,Northeast,Control,CAT06,Toys,2026-04-20,Post,9467.15,403
T1017,Northeast,Control,CAT06,Toys,2026-04-27,Post,9017.7,233
T1017,Northeast,Control,CAT06,Toys,2026-05-04,Post,8132.92,257
T1017,Northeast,Control,CAT06,Toys,2026-05-11,Post,7644.71,270
T1017,Northeast,Control,CAT06,Toys,2026-05-18,Post,7802.27,212
T1017,Northeast,Control,CAT06,Toys,2026-05-25,Post,9022.33,276
T1017,Northeast,Control,CAT06,Toys,2026-06-01,Post,7622.48,204
T1017,Northeast,Control,CAT06,Toys,2026-06-08,Post,8532.02,374
T1017,Northeast,Control,CAT06,Toys,2026-06-15,Post,9015.45,256
T1017,Northeast,Control,CAT06,Toys,2026-06-22,Post,7897.38,321
T1017,Northeast,Control,CAT06,Toys,2026-06-29,Post,8619.97,305
T1017,Northeast,Control,CAT07,Hardlines,2026-01-05,Pre,11858.53,509
T1017,Northeast,Control,CAT07,Hardlines,2026-01-12,Pre,11803.23,428
T1017,Northeast,Control,CAT07,Hardlines,2026-01-19,Pre,11717.81,487
T1017,Northeast,Control,CAT07,Hardlines,2026-01-26,Pre,13070.52,334
T1017,Northeast,Control,CAT07,Hardlines,2026-02-02,Pre,13591.87,312
T1017,Northeast,Control,CAT07,Hardlines,2026-02-09,Pre,12216.41,565
T1017,Northeast,Control,CAT07,Hardlines,2026-02-16,Pre,12785.63,346
T1017,Northeast,Control,CAT07,Hardlines,2026-02-23,Pre,12550.31,380
T1017,Northeast,Control,CAT07,Hardlines,2026-03-02,Pre,11107.84,337
T1017,Northeast,Control,CAT07,Hardlines,2026-03-09,Pre,12375.76,279
T1017,Northeast,Control,CAT07,Hardlines,2026-03-16,Pre,11053.98,311
T1017,Northeast,Control,CAT07,Hardlines,2026-03-23,Pre,12311.94,463
T1017,Northeast,Control,CAT07,Hardlines,2026-03-30,Pre,12751.45,285
T1017,Northeast,Control,CAT07,Hardlines,2026-04-06,Post,13434.43,341
T1017,Northeast,Control,CAT07,Hardlines,2026-04-13,Post,13104.29,329
T1017,Northeast,Control,CAT07,Hardlines,2026-04-20,Post,13715.15,310
T1017,Northeast,Control,CAT07,Hardlines,2026-04-27,Post,12236.98,598
T1017,Northeast,Control,CAT07,Hardlines,2026-05-04,Post,14152.94,412
T1017,Northeast,Control,CAT07,Hardlines,2026-05-11,Post,14342.14,572
T1017,Northeast,Control,CAT07,Hardlines,2026-05-18,Post,11400.42,299
T1017,Northeast,Control,CAT07,Hardlines,2026-05-25,Post,11769.87,282
T1017,Northeast,Control,CAT07,Hardlines,2026-06-01,Post,13168.78,662
T1017,Northeast,Control,CAT07,Hardlines,2026-06-08,Post,12767.88,611
T1017,Northeast,Control,CAT07,Hardlines,2026-06-15,Post,12942.07,408
T1017,Northeast,Control,CAT07,Hardlines,2026-06-22,Post,13592.35,570
T1017,Northeast,Control,CAT07,Hardlines,2026-06-29,Post,14272.22,435
T1017,Northeast,Control,CAT08,Softlines,2026-01-05,Pre,9005.54,267
T1017,Northeast,Control,CAT08,Softlines,2026-01-12,Pre,10352.08,413
T1017,Northeast,Control,CAT08,Softlines,2026-01-19,Pre,9196.14,394
T1017,Northeast,Control,CAT08,Softlines,2026-01-26,Pre,11160.01,274
T1017,Northeast,Control,CAT08,Softlines,2026-02-02,Pre,10584.25,306
T1017,Northeast,Control,CAT08,Softlines,2026-02-09,Pre,9366.46,436
T1017,Northeast,Control,CAT08,Softlines,2026-02-16,Pre,8937.91,483
T1017,Northeast,Control,CAT08,Softlines,2026-02-23,Pre,9425.74,278
T1017,Northeast,Control,CAT08,Softlines,2026-03-02,Pre,9376.73,496
T1017,Northeast,Control,CAT08,Softlines,2026-03-09,Pre,10304.69,411
T1017,Northeast,Control,CAT08,Softlines,2026-03-16,Pre,8671.39,265
T1017,Northeast,Control,CAT08,Softlines,2026-03-23,Pre,8946.5,252
T1017,Northeast,Control,CAT08,Softlines,2026-03-30,Pre,10403.7,235
T1017,Northeast,Control,CAT08,Softlines,2026-04-06,Post,9531.96,375
T1017,Northeast,Control,CAT08,Softlines,2026-04-13,Post,9793.11,364
T1017,Northeast,Control,CAT08,Softlines,2026-04-20,Post,10692.61,545
T1017,Northeast,Control,CAT08,Softlines,2026-04-27,Post,10880.78,417
T1017,Northeast,Control,CAT08,Softlines,2026-05-04,Post,11086.91,299
T1017,Northeast,Control,CAT08,Softlines,2026-05-11,Post,10750.03,331
T1017,Northeast,Control,CAT08,Softlines,2026-05-18,Post,10156.36,488
T1017,Northeast,Control,CAT08,Softlines,2026-05-25,Post,10137.62,357
T1017,Northeast,Control,CAT08,Softlines,2026-06-01,Post,10096.48,298
T1017,Northeast,Control,CAT08,Softlines,2026-06-08,Post,9584.23,218
T1017,Northeast,Control,CAT08,Softlines,2026-06-15,Post,9808.29,354
T1017,Northeast,Control,CAT08,Softlines,2026-06-22,Post,11268.73,258
T1017,Northeast,Control,CAT08,Softlines,2026-06-29,Post,10030.83,229
T1018,West,Test,CAT01,Grocery & Essentials,2026-01-05,Pre,40327.41,998
T1018,West,Test,CAT01,Grocery & Essentials,2026-01-12,Pre,36821.4,1325
T1018,West,Test,CAT01,Grocery & Essentials,2026-01-19,Pre,33837.79,1551
T1018,West,Test,CAT01,Grocery & Essentials,2026-01-26,Pre,38830.06,933
T1018,West,Test,CAT01,Grocery & Essentials,2026-02-02,Pre,36695.65,825
T1018,West,Test,CAT01,Grocery & Essentials,2026-02-09,Pre,37113.97,1915
T1018,West,Test,CAT01,Grocery & Essentials,2026-02-16,Pre,39554.57,1338
T1018,West,Test,CAT01,Grocery & Essentials,2026-02-23,Pre,37205.21,1298
T1018,West,Test,CAT01,Grocery & Essentials,2026-03-02,Pre,35588.74,1060
T1018,West,Test,CAT01,Grocery & Essentials,2026-03-09,Pre,42316.4,1821
T1018,West,Test,CAT01,Grocery & Essentials,2026-03-16,Pre,41327.62,1382
T1018,West,Test,CAT01,Grocery & Essentials,2026-03-23,Pre,38505.33,1048
T1018,West,Test,CAT01,Grocery & Essentials,2026-03-30,Pre,37099.92,1122
T1018,West,Test,CAT01,Grocery & Essentials,2026-04-06,Post,33302.0,1473
T1018,West,Test,CAT01,Grocery & Essentials,2026-04-13,Post,32275.76,1229
T1018,West,Test,CAT01,Grocery & Essentials,2026-04-20,Post,41507.73,1716
T1018,West,Test,CAT01,Grocery & Essentials,2026-04-27,Post,35740.38,1026
T1018,West,Test,CAT01,Grocery & Essentials,2026-05-04,Post,37559.01,1351
T1018,West,Test,CAT01,Grocery & Essentials,2026-05-11,Post,43221.32,1356
T1018,West,Test,CAT01,Grocery & Essentials,2026-05-18,Post,34102.08,1376
T1018,West,Test,CAT01,Grocery & Essentials,2026-05-25,Post,40774.64,1397
T1018,West,Test,CAT01,Grocery & Essentials,2026-06-01,Post,41525.34,978
T1018,West,Test,CAT01,Grocery & Essentials,2026-06-08,Post,38676.08,1118
T1018,West,Test,CAT01,Grocery & Essentials,2026-06-15,Post,40724.91,2079
T1018,West,Test,CAT01,Grocery & Essentials,2026-06-22,Post,38856.46,1070
T1018,West,Test,CAT01,Grocery & Essentials,2026-06-29,Post,44676.09,1792
T1018,West,Test,CAT02,Apparel & Accessories,2026-01-05,Pre,16449.37,378
T1018,West,Test,CAT02,Apparel & Accessories,2026-01-12,Pre,16171.79,646
T1018,West,Test,CAT02,Apparel & Accessories,2026-01-19,Pre,17335.34,466
T1018,West,Test,CAT02,Apparel & Accessories,2026-01-26,Pre,15754.17,394
T1018,West,Test,CAT02,Apparel & Accessories,2026-02-02,Pre,15984.92,390
T1018,West,Test,CAT02,Apparel & Accessories,2026-02-09,Pre,19036.87,993
T1018,West,Test,CAT02,Apparel & Accessories,2026-02-16,Pre,16141.81,732
T1018,West,Test,CAT02,Apparel & Accessories,2026-02-23,Pre,16583.54,902
T1018,West,Test,CAT02,Apparel & Accessories,2026-03-02,Pre,16130.58,381
T1018,West,Test,CAT02,Apparel & Accessories,2026-03-09,Pre,15123.77,344
T1018,West,Test,CAT02,Apparel & Accessories,2026-03-16,Pre,16215.01,540
T1018,West,Test,CAT02,Apparel & Accessories,2026-03-23,Pre,16144.68,382
T1018,West,Test,CAT02,Apparel & Accessories,2026-03-30,Pre,16066.22,362
T1018,West,Test,CAT02,Apparel & Accessories,2026-04-06,Post,16471.33,702
T1018,West,Test,CAT02,Apparel & Accessories,2026-04-13,Post,18093.29,415
T1018,West,Test,CAT02,Apparel & Accessories,2026-04-20,Post,16107.18,391
T1018,West,Test,CAT02,Apparel & Accessories,2026-04-27,Post,17583.56,404
T1018,West,Test,CAT02,Apparel & Accessories,2026-05-04,Post,18619.72,450
T1018,West,Test,CAT02,Apparel & Accessories,2026-05-11,Post,17643.51,649
T1018,West,Test,CAT02,Apparel & Accessories,2026-05-18,Post,16864.4,545
T1018,West,Test,CAT02,Apparel & Accessories,2026-05-25,Post,15468.94,353
T1018,West,Test,CAT02,Apparel & Accessories,2026-06-01,Post,15650.66,370
T1018,West,Test,CAT02,Apparel & Accessories,2026-06-08,Post,17366.61,928
T1018,West,Test,CAT02,Apparel & Accessories,2026-06-15,Post,17862.87,483
T1018,West,Test,CAT02,Apparel & Accessories,2026-06-22,Post,16170.24,404
T1018,West,Test,CAT02,Apparel & Accessories,2026-06-29,Post,16651.36,491
T1018,West,Test,CAT03,Home,2026-01-05,Pre,20233.07,540
T1018,West,Test,CAT03,Home,2026-01-12,Pre,20066.96,722
T1018,West,Test,CAT03,Home,2026-01-19,Pre,19531.86,797
T1018,West,Test,CAT03,Home,2026-01-26,Pre,19797.25,532
T1018,West,Test,CAT03,Home,2026-02-02,Pre,18201.85,521
T1018,West,Test,CAT03,Home,2026-02-09,Pre,20671.45,822
T1018,West,Test,CAT03,Home,2026-02-16,Pre,21417.12,734
T1018,West,Test,CAT03,Home,2026-02-23,Pre,22778.12,731
T1018,West,Test,CAT03,Home,2026-03-02,Pre,20367.85,540
T1018,West,Test,CAT03,Home,2026-03-09,Pre,21723.47,639
T1018,West,Test,CAT03,Home,2026-03-16,Pre,18279.72,656
T1018,West,Test,CAT03,Home,2026-03-23,Pre,20593.25,773
T1018,West,Test,CAT03,Home,2026-03-30,Pre,20298.93,490
T1018,West,Test,CAT03,Home,2026-04-06,Post,20088.96,642
T1018,West,Test,CAT03,Home,2026-04-13,Post,21751.42,535
T1018,West,Test,CAT03,Home,2026-04-20,Post,21343.54,733
T1018,West,Test,CAT03,Home,2026-04-27,Post,18434.38,607
T1018,West,Test,CAT03,Home,2026-05-04,Post,21580.91,912
T1018,West,Test,CAT03,Home,2026-05-11,Post,23823.99,536
T1018,West,Test,CAT03,Home,2026-05-18,Post,20258.75,552
T1018,West,Test,CAT03,Home,2026-05-25,Post,21154.88,552
T1018,West,Test,CAT03,Home,2026-06-01,Post,20636.12,557
T1018,West,Test,CAT03,Home,2026-06-08,Post,19433.81,573
T1018,West,Test,CAT03,Home,2026-06-15,Post,19619.45,748
T1018,West,Test,CAT03,Home,2026-06-22,Post,19387.86,463
T1018,West,Test,CAT03,Home,2026-06-29,Post,21042.93,866
T1018,West,Test,CAT04,Electronics,2026-01-05,Pre,14003.12,364
T1018,West,Test,CAT04,Electronics,2026-01-12,Pre,14234.3,640
T1018,West,Test,CAT04,Electronics,2026-01-19,Pre,13279.04,455
T1018,West,Test,CAT04,Electronics,2026-01-26,Pre,13347.77,300
T1018,West,Test,CAT04,Electronics,2026-02-02,Pre,13021.1,401
T1018,West,Test,CAT04,Electronics,2026-02-09,Pre,12694.16,421
T1018,West,Test,CAT04,Electronics,2026-02-16,Pre,12964.18,415
T1018,West,Test,CAT04,Electronics,2026-02-23,Pre,13623.39,554
T1018,West,Test,CAT04,Electronics,2026-03-02,Pre,12518.13,280
T1018,West,Test,CAT04,Electronics,2026-03-09,Pre,13081.36,377
T1018,West,Test,CAT04,Electronics,2026-03-16,Pre,12395.49,369
T1018,West,Test,CAT04,Electronics,2026-03-23,Pre,13772.6,343
T1018,West,Test,CAT04,Electronics,2026-03-30,Pre,13454.81,593
T1018,West,Test,CAT04,Electronics,2026-04-06,Post,17312.28,637
T1018,West,Test,CAT04,Electronics,2026-04-13,Post,16675.87,372
T1018,West,Test,CAT04,Electronics,2026-04-20,Post,15700.61,781
T1018,West,Test,CAT04,Electronics,2026-04-27,Post,15120.59,350
T1018,West,Test,CAT04,Electronics,2026-05-04,Post,16092.54,421
T1018,West,Test,CAT04,Electronics,2026-05-11,Post,13471.11,720
T1018,West,Test,CAT04,Electronics,2026-05-18,Post,15290.7,446
T1018,West,Test,CAT04,Electronics,2026-05-25,Post,15425.51,616
T1018,West,Test,CAT04,Electronics,2026-06-01,Post,17986.87,839
T1018,West,Test,CAT04,Electronics,2026-06-08,Post,17259.8,639
T1018,West,Test,CAT04,Electronics,2026-06-15,Post,15348.66,545
T1018,West,Test,CAT04,Electronics,2026-06-22,Post,14785.26,635
T1018,West,Test,CAT04,Electronics,2026-06-29,Post,15238.81,519
T1018,West,Test,CAT05,Beauty & Personal Care,2026-01-05,Pre,10018.37,290
T1018,West,Test,CAT05,Beauty & Personal Care,2026-01-12,Pre,10054.9,282
T1018,West,Test,CAT05,Beauty & Personal Care,2026-01-19,Pre,10898.12,275
T1018,West,Test,CAT05,Beauty & Personal Care,2026-01-26,Pre,11258.19,450
T1018,West,Test,CAT05,Beauty & Personal Care,2026-02-02,Pre,11122.6,337
T1018,West,Test,CAT05,Beauty & Personal Care,2026-02-09,Pre,10919.12,281
T1018,West,Test,CAT05,Beauty & Personal Care,2026-02-16,Pre,9716.49,379
T1018,West,Test,CAT05,Beauty & Personal Care,2026-02-23,Pre,10884.43,424
T1018,West,Test,CAT05,Beauty & Personal Care,2026-03-02,Pre,11869.08,345
T1018,West,Test,CAT05,Beauty & Personal Care,2026-03-09,Pre,12195.49,489
T1018,West,Test,CAT05,Beauty & Personal Care,2026-03-16,Pre,11223.1,278
T1018,West,Test,CAT05,Beauty & Personal Care,2026-03-23,Pre,9735.17,305
T1018,West,Test,CAT05,Beauty & Personal Care,2026-03-30,Pre,11322.77,337
T1018,West,Test,CAT05,Beauty & Personal Care,2026-04-06,Post,10951.8,314
T1018,West,Test,CAT05,Beauty & Personal Care,2026-04-13,Post,9944.93,239
T1018,West,Test,CAT05,Beauty & Personal Care,2026-04-20,Post,10334.41,421
T1018,West,Test,CAT05,Beauty & Personal Care,2026-04-27,Post,10497.99,367
T1018,West,Test,CAT05,Beauty & Personal Care,2026-05-04,Post,11768.1,484
T1018,West,Test,CAT05,Beauty & Personal Care,2026-05-11,Post,12578.22,444
T1018,West,Test,CAT05,Beauty & Personal Care,2026-05-18,Post,11725.56,320
T1018,West,Test,CAT05,Beauty & Personal Care,2026-05-25,Post,11927.07,508
T1018,West,Test,CAT05,Beauty & Personal Care,2026-06-01,Post,11338.41,257
T1018,West,Test,CAT05,Beauty & Personal Care,2026-06-08,Post,10994.07,323
T1018,West,Test,CAT05,Beauty & Personal Care,2026-06-15,Post,11922.73,594
T1018,West,Test,CAT05,Beauty & Personal Care,2026-06-22,Post,11743.42,336
T1018,West,Test,CAT05,Beauty & Personal Care,2026-06-29,Post,10918.95,335
T1018,West,Test,CAT06,Toys,2026-01-05,Pre,7998.68,321
T1018,West,Test,CAT06,Toys,2026-01-12,Pre,7911.11,249
T1018,West,Test,CAT06,Toys,2026-01-19,Pre,7775.52,270
T1018,West,Test,CAT06,Toys,2026-01-26,Pre,7651.45,272
T1018,West,Test,CAT06,Toys,2026-02-02,Pre,8222.55,235
T1018,West,Test,CAT06,Toys,2026-02-09,Pre,7745.39,214
T1018,West,Test,CAT06,Toys,2026-02-16,Pre,9265.67,439
T1018,West,Test,CAT06,Toys,2026-02-23,Pre,8381.96,197
T1018,West,Test,CAT06,Toys,2026-03-02,Pre,8361.78,239
T1018,West,Test,CAT06,Toys,2026-03-09,Pre,8067.21,268
T1018,West,Test,CAT06,Toys,2026-03-16,Pre,7974.37,428
T1018,West,Test,CAT06,Toys,2026-03-23,Pre,7187.37,287
T1018,West,Test,CAT06,Toys,2026-03-30,Pre,7836.47,300
T1018,West,Test,CAT06,Toys,2026-04-06,Post,7346.66,255
T1018,West,Test,CAT06,Toys,2026-04-13,Post,7368.04,209
T1018,West,Test,CAT06,Toys,2026-04-20,Post,7672.1,259
T1018,West,Test,CAT06,Toys,2026-04-27,Post,9105.28,252
T1018,West,Test,CAT06,Toys,2026-05-04,Post,9136.24,374
T1018,West,Test,CAT06,Toys,2026-05-11,Post,8028.5,195
T1018,West,Test,CAT06,Toys,2026-05-18,Post,7645.38,261
T1018,West,Test,CAT06,Toys,2026-05-25,Post,8255.71,312
T1018,West,Test,CAT06,Toys,2026-06-01,Post,8951.85,333
T1018,West,Test,CAT06,Toys,2026-06-08,Post,9166.26,363
T1018,West,Test,CAT06,Toys,2026-06-15,Post,8725.88,236
T1018,West,Test,CAT06,Toys,2026-06-22,Post,8862.21,203
T1018,West,Test,CAT06,Toys,2026-06-29,Post,8833.73,364
T1018,West,Test,CAT07,Hardlines,2026-01-05,Pre,10913.39,254
T1018,West,Test,CAT07,Hardlines,2026-01-12,Pre,11167.69,265
T1018,West,Test,CAT07,Hardlines,2026-01-19,Pre,13841.7,322
T1018,West,Test,CAT07,Hardlines,2026-01-26,Pre,12575.09,348
T1018,West,Test,CAT07,Hardlines,2026-02-02,Pre,10702.14,546
T1018,West,Test,CAT07,Hardlines,2026-02-09,Pre,12883.14,287
T1018,West,Test,CAT07,Hardlines,2026-02-16,Pre,11749.5,270
T1018,West,Test,CAT07,Hardlines,2026-02-23,Pre,13550.06,611
T1018,West,Test,CAT07,Hardlines,2026-03-02,Pre,13495.31,472
T1018,West,Test,CAT07,Hardlines,2026-03-09,Pre,13255.72,462
T1018,West,Test,CAT07,Hardlines,2026-03-16,Pre,12912.76,342
T1018,West,Test,CAT07,Hardlines,2026-03-23,Pre,13995.41,382
T1018,West,Test,CAT07,Hardlines,2026-03-30,Pre,14154.23,365
T1018,West,Test,CAT07,Hardlines,2026-04-06,Post,12091.67,433
T1018,West,Test,CAT07,Hardlines,2026-04-13,Post,13501.16,334
T1018,West,Test,CAT07,Hardlines,2026-04-20,Post,12476.19,346
T1018,West,Test,CAT07,Hardlines,2026-04-27,Post,12108.97,280
T1018,West,Test,CAT07,Hardlines,2026-05-04,Post,14423.41,382
T1018,West,Test,CAT07,Hardlines,2026-05-11,Post,13857.87,444
T1018,West,Test,CAT07,Hardlines,2026-05-18,Post,13435.36,303
T1018,West,Test,CAT07,Hardlines,2026-05-25,Post,12492.8,495
T1018,West,Test,CAT07,Hardlines,2026-06-01,Post,14671.86,498
T1018,West,Test,CAT07,Hardlines,2026-06-08,Post,15726.51,365
T1018,West,Test,CAT07,Hardlines,2026-06-15,Post,12517.56,406
T1018,West,Test,CAT07,Hardlines,2026-06-22,Post,12368.64,432
T1018,West,Test,CAT07,Hardlines,2026-06-29,Post,13485.64,646
T1018,West,Test,CAT08,Softlines,2026-01-05,Pre,10093.17,350
T1018,West,Test,CAT08,Softlines,2026-01-12,Pre,9442.08,344
T1018,West,Test,CAT08,Softlines,2026-01-19,Pre,12503.37,411
T1018,West,Test,CAT08,Softlines,2026-01-26,Pre,9861.52,269
T1018,West,Test,CAT08,Softlines,2026-02-02,Pre,9393.17,259
T1018,West,Test,CAT08,Softlines,2026-02-09,Pre,9501.23,525
T1018,West,Test,CAT08,Softlines,2026-02-16,Pre,11142.64,300
T1018,West,Test,CAT08,Softlines,2026-02-23,Pre,9837.42,411
T1018,West,Test,CAT08,Softlines,2026-03-02,Pre,10921.65,285
T1018,West,Test,CAT08,Softlines,2026-03-09,Pre,8813.82,240
T1018,West,Test,CAT08,Softlines,2026-03-16,Pre,10786.74,385
T1018,West,Test,CAT08,Softlines,2026-03-23,Pre,9519.74,225
T1018,West,Test,CAT08,Softlines,2026-03-30,Pre,10663.01,565
T1018,West,Test,CAT08,Softlines,2026-04-06,Post,9587.28,407
T1018,West,Test,CAT08,Softlines,2026-04-13,Post,9883.98,230
T1018,West,Test,CAT08,Softlines,2026-04-20,Post,9459.58,360
T1018,West,Test,CAT08,Softlines,2026-04-27,Post,10840.76,570
T1018,West,Test,CAT08,Softlines,2026-05-04,Post,11002.47,558
T1018,West,Test,CAT08,Softlines,2026-05-11,Post,9796.44,236
T1018,West,Test,CAT08,Softlines,2026-05-18,Post,9302.48,252
T1018,West,Test,CAT08,Softlines,2026-05-25,Post,11417.3,288
T1018,West,Test,CAT08,Softlines,2026-06-01,Post,9984.89,430
T1018,West,Test,CAT08,Softlines,2026-06-08,Post,10373.84,514
T1018,West,Test,CAT08,Softlines,2026-06-15,Post,9855.98,415
T1018,West,Test,CAT08,Softlines,2026-06-22,Post,11088.16,274
T1018,West,Test,CAT08,Softlines,2026-06-29,Post,11148.58,387
T1019,South,Control,CAT01,Grocery & Essentials,2026-01-05,Pre,53251.43,1599
T1019,South,Control,CAT01,Grocery & Essentials,2026-01-12,Pre,53133.11,1926
T1019,South,Control,CAT01,Grocery & Essentials,2026-01-19,Pre,46969.94,1477
T1019,South,Control,CAT01,Grocery & Essentials,2026-01-26,Pre,51684.31,2370
T1019,South,Control,CAT01,Grocery & Essentials,2026-02-02,Pre,53647.28,2769
T1019,South,Control,CAT01,Grocery & Essentials,2026-02-09,Pre,53669.71,1283
T1019,South,Control,CAT01,Grocery & Essentials,2026-02-16,Pre,49739.54,2126
T1019,South,Control,CAT01,Grocery & Essentials,2026-02-23,Pre,53933.94,1365
T1019,South,Control,CAT01,Grocery & Essentials,2026-03-02,Pre,52133.41,2468
T1019,South,Control,CAT01,Grocery & Essentials,2026-03-09,Pre,53186.17,2349
T1019,South,Control,CAT01,Grocery & Essentials,2026-03-16,Pre,51117.94,1644
T1019,South,Control,CAT01,Grocery & Essentials,2026-03-23,Pre,49137.57,1491
T1019,South,Control,CAT01,Grocery & Essentials,2026-03-30,Pre,61884.48,2914
T1019,South,Control,CAT01,Grocery & Essentials,2026-04-06,Post,53755.24,1988
T1019,South,Control,CAT01,Grocery & Essentials,2026-04-13,Post,48922.9,1664
T1019,South,Control,CAT01,Grocery & Essentials,2026-04-20,Post,51673.36,2193
T1019,South,Control,CAT01,Grocery & Essentials,2026-04-27,Post,53244.09,1514
T1019,South,Control,CAT01,Grocery & Essentials,2026-05-04,Post,56551.22,1507
T1019,South,Control,CAT01,Grocery & Essentials,2026-05-11,Post,52276.62,1799
T1019,South,Control,CAT01,Grocery & Essentials,2026-05-18,Post,54349.22,1730
T1019,South,Control,CAT01,Grocery & Essentials,2026-05-25,Post,56207.26,2686
T1019,South,Control,CAT01,Grocery & Essentials,2026-06-01,Post,57137.96,2523
T1019,South,Control,CAT01,Grocery & Essentials,2026-06-08,Post,55229.76,1247
T1019,South,Control,CAT01,Grocery & Essentials,2026-06-15,Post,62804.68,2122
T1019,South,Control,CAT01,Grocery & Essentials,2026-06-22,Post,58723.6,1628
T1019,South,Control,CAT01,Grocery & Essentials,2026-06-29,Post,58701.47,1950
T1019,South,Control,CAT02,Apparel & Accessories,2026-01-05,Pre,22810.52,1161
T1019,South,Control,CAT02,Apparel & Accessories,2026-01-12,Pre,23741.42,724
T1019,South,Control,CAT02,Apparel & Accessories,2026-01-19,Pre,22376.53,502
T1019,South,Control,CAT02,Apparel & Accessories,2026-01-26,Pre,20604.51,651
T1019,South,Control,CAT02,Apparel & Accessories,2026-02-02,Pre,22873.37,675
T1019,South,Control,CAT02,Apparel & Accessories,2026-02-09,Pre,23165.89,536
T1019,South,Control,CAT02,Apparel & Accessories,2026-02-16,Pre,24487.62,1059
T1019,South,Control,CAT02,Apparel & Accessories,2026-02-23,Pre,20787.6,497
T1019,South,Control,CAT02,Apparel & Accessories,2026-03-02,Pre,21197.29,580
T1019,South,Control,CAT02,Apparel & Accessories,2026-03-09,Pre,22738.62,646
T1019,South,Control,CAT02,Apparel & Accessories,2026-03-16,Pre,23771.14,1165
T1019,South,Control,CAT02,Apparel & Accessories,2026-03-23,Pre,20845.64,479
T1019,South,Control,CAT02,Apparel & Accessories,2026-03-30,Pre,21230.59,785
T1019,South,Control,CAT02,Apparel & Accessories,2026-04-06,Post,24441.32,956
T1019,South,Control,CAT02,Apparel & Accessories,2026-04-13,Post,21142.55,592
T1019,South,Control,CAT02,Apparel & Accessories,2026-04-20,Post,21792.78,799
T1019,South,Control,CAT02,Apparel & Accessories,2026-04-27,Post,24833.33,631
T1019,South,Control,CAT02,Apparel & Accessories,2026-05-04,Post,24385.52,553
T1019,South,Control,CAT02,Apparel & Accessories,2026-05-11,Post,22420.07,1230
T1019,South,Control,CAT02,Apparel & Accessories,2026-05-18,Post,24363.26,582
T1019,South,Control,CAT02,Apparel & Accessories,2026-05-25,Post,24114.98,624
T1019,South,Control,CAT02,Apparel & Accessories,2026-06-01,Post,23518.84,801
T1019,South,Control,CAT02,Apparel & Accessories,2026-06-08,Post,23166.54,534
T1019,South,Control,CAT02,Apparel & Accessories,2026-06-15,Post,24656.06,638
T1019,South,Control,CAT02,Apparel & Accessories,2026-06-22,Post,22070.08,827
T1019,South,Control,CAT02,Apparel & Accessories,2026-06-29,Post,24816.52,600
T1019,South,Control,CAT03,Home,2026-01-05,Pre,27111.11,912
T1019,South,Control,CAT03,Home,2026-01-12,Pre,27355.15,1303
T1019,South,Control,CAT03,Home,2026-01-19,Pre,25253.86,581
T1019,South,Control,CAT03,Home,2026-01-26,Pre,29634.17,1339
T1019,South,Control,CAT03,Home,2026-02-02,Pre,25976.93,1112
T1019,South,Control,CAT03,Home,2026-02-09,Pre,26351.98,602
T1019,South,Control,CAT03,Home,2026-02-16,Pre,27079.84,758
T1019,South,Control,CAT03,Home,2026-02-23,Pre,28683.49,669
T1019,South,Control,CAT03,Home,2026-03-02,Pre,28058.69,784
T1019,South,Control,CAT03,Home,2026-03-09,Pre,24767.4,694
T1019,South,Control,CAT03,Home,2026-03-16,Pre,27808.54,974
T1019,South,Control,CAT03,Home,2026-03-23,Pre,28075.06,874
T1019,South,Control,CAT03,Home,2026-03-30,Pre,30744.24,1021
T1019,South,Control,CAT03,Home,2026-04-06,Post,27543.93,941
T1019,South,Control,CAT03,Home,2026-04-13,Post,29280.74,1141
T1019,South,Control,CAT03,Home,2026-04-20,Post,33915.15,860
T1019,South,Control,CAT03,Home,2026-04-27,Post,30801.23,1204
T1019,South,Control,CAT03,Home,2026-05-04,Post,26657.79,1439
T1019,South,Control,CAT03,Home,2026-05-11,Post,30189.44,748
T1019,South,Control,CAT03,Home,2026-05-18,Post,29678.36,763
T1019,South,Control,CAT03,Home,2026-05-25,Post,28212.85,649
T1019,South,Control,CAT03,Home,2026-06-01,Post,30552.86,771
T1019,South,Control,CAT03,Home,2026-06-08,Post,27129.77,1150
T1019,South,Control,CAT03,Home,2026-06-15,Post,27958.51,966
T1019,South,Control,CAT03,Home,2026-06-22,Post,29005.04,844
T1019,South,Control,CAT03,Home,2026-06-29,Post,28643.87,1284
T1019,South,Control,CAT04,Electronics,2026-01-05,Pre,19066.32,577
T1019,South,Control,CAT04,Electronics,2026-01-12,Pre,18269.22,987
T1019,South,Control,CAT04,Electronics,2026-01-19,Pre,17772.94,794
T1019,South,Control,CAT04,Electronics,2026-01-26,Pre,19949.97,548
T1019,South,Control,CAT04,Electronics,2026-02-02,Pre,19319.11,578
T1019,South,Control,CAT04,Electronics,2026-02-09,Pre,16831.21,386
T1019,South,Control,CAT04,Electronics,2026-02-16,Pre,16875.54,654
T1019,South,Control,CAT04,Electronics,2026-02-23,Pre,18134.3,575
T1019,South,Control,CAT04,Electronics,2026-03-02,Pre,17164.92,599
T1019,South,Control,CAT04,Electronics,2026-03-09,Pre,20177.62,468
T1019,South,Control,CAT04,Electronics,2026-03-16,Pre,18212.87,554
T1019,South,Control,CAT04,Electronics,2026-03-23,Pre,19735.53,569
T1019,South,Control,CAT04,Electronics,2026-03-30,Pre,21871.76,495
T1019,South,Control,CAT04,Electronics,2026-04-06,Post,20179.43,930
T1019,South,Control,CAT04,Electronics,2026-04-13,Post,16805.55,418
T1019,South,Control,CAT04,Electronics,2026-04-20,Post,18620.08,487
T1019,South,Control,CAT04,Electronics,2026-04-27,Post,19138.37,541
T1019,South,Control,CAT04,Electronics,2026-05-04,Post,19858.9,851
T1019,South,Control,CAT04,Electronics,2026-05-11,Post,20792.91,547
T1019,South,Control,CAT04,Electronics,2026-05-18,Post,22773.19,1084
T1019,South,Control,CAT04,Electronics,2026-05-25,Post,22010.43,1046
T1019,South,Control,CAT04,Electronics,2026-06-01,Post,19708.71,859
T1019,South,Control,CAT04,Electronics,2026-06-08,Post,19765.24,746
T1019,South,Control,CAT04,Electronics,2026-06-15,Post,22073.94,810
T1019,South,Control,CAT04,Electronics,2026-06-22,Post,20001.55,524
T1019,South,Control,CAT04,Electronics,2026-06-29,Post,19293.14,506
T1019,South,Control,CAT05,Beauty & Personal Care,2026-01-05,Pre,15599.75,453
T1019,South,Control,CAT05,Beauty & Personal Care,2026-01-12,Pre,14985.25,378
T1019,South,Control,CAT05,Beauty & Personal Care,2026-01-19,Pre,13275.87,337
T1019,South,Control,CAT05,Beauty & Personal Care,2026-01-26,Pre,14461.37,398
T1019,South,Control,CAT05,Beauty & Personal Care,2026-02-02,Pre,13546.8,519
T1019,South,Control,CAT05,Beauty & Personal Care,2026-02-09,Pre,12430.02,505
T1019,South,Control,CAT05,Beauty & Personal Care,2026-02-16,Pre,16868.89,683
T1019,South,Control,CAT05,Beauty & Personal Care,2026-02-23,Pre,15139.09,541
T1019,South,Control,CAT05,Beauty & Personal Care,2026-03-02,Pre,14784.53,488
T1019,South,Control,CAT05,Beauty & Personal Care,2026-03-09,Pre,14612.7,370
T1019,South,Control,CAT05,Beauty & Personal Care,2026-03-16,Pre,15203.45,349
T1019,South,Control,CAT05,Beauty & Personal Care,2026-03-23,Pre,14712.92,510
T1019,South,Control,CAT05,Beauty & Personal Care,2026-03-30,Pre,14285.52,444
T1019,South,Control,CAT05,Beauty & Personal Care,2026-04-06,Post,14884.51,594
T1019,South,Control,CAT05,Beauty & Personal Care,2026-04-13,Post,16948.02,762
T1019,South,Control,CAT05,Beauty & Personal Care,2026-04-20,Post,16508.29,594
T1019,South,Control,CAT05,Beauty & Personal Care,2026-04-27,Post,15055.62,834
T1019,South,Control,CAT05,Beauty & Personal Care,2026-05-04,Post,17730.61,638
T1019,South,Control,CAT05,Beauty & Personal Care,2026-05-11,Post,15579.62,522
T1019,South,Control,CAT05,Beauty & Personal Care,2026-05-18,Post,14878.64,422
T1019,South,Control,CAT05,Beauty & Personal Care,2026-05-25,Post,16169.27,843
T1019,South,Control,CAT05,Beauty & Personal Care,2026-06-01,Post,17599.25,580
T1019,South,Control,CAT05,Beauty & Personal Care,2026-06-08,Post,17398.98,447
T1019,South,Control,CAT05,Beauty & Personal Care,2026-06-15,Post,15149.65,426
T1019,South,Control,CAT05,Beauty & Personal Care,2026-06-22,Post,14735.27,506
T1019,South,Control,CAT05,Beauty & Personal Care,2026-06-29,Post,15660.2,808
T1019,South,Control,CAT06,Toys,2026-01-05,Pre,11356.88,254
T1019,South,Control,CAT06,Toys,2026-01-12,Pre,11611.97,396
T1019,South,Control,CAT06,Toys,2026-01-19,Pre,11959.12,313
T1019,South,Control,CAT06,Toys,2026-01-26,Pre,11219.69,501
T1019,South,Control,CAT06,Toys,2026-02-02,Pre,11289.55,299
T1019,South,Control,CAT06,Toys,2026-02-09,Pre,11279.45,567
T1019,South,Control,CAT06,Toys,2026-02-16,Pre,12030.72,342
T1019,South,Control,CAT06,Toys,2026-02-23,Pre,11904.56,325
T1019,South,Control,CAT06,Toys,2026-03-02,Pre,10711.96,284
T1019,South,Control,CAT06,Toys,2026-03-09,Pre,11890.43,347
T1019,South,Control,CAT06,Toys,2026-03-16,Pre,12160.89,334
T1019,South,Control,CAT06,Toys,2026-03-23,Pre,12277.42,635
T1019,South,Control,CAT06,Toys,2026-03-30,Pre,11732.4,276
T1019,South,Control,CAT06,Toys,2026-04-06,Post,11732.3,283
T1019,South,Control,CAT06,Toys,2026-04-13,Post,11544.38,361
T1019,South,Control,CAT06,Toys,2026-04-20,Post,11670.01,331
T1019,South,Control,CAT06,Toys,2026-04-27,Post,13084.75,423
T1019,South,Control,CAT06,Toys,2026-05-04,Post,11785.19,412
T1019,South,Control,CAT06,Toys,2026-05-11,Post,11185.97,608
T1019,South,Control,CAT06,Toys,2026-05-18,Post,12063.57,269
T1019,South,Control,CAT06,Toys,2026-05-25,Post,12473.3,468
T1019,South,Control,CAT06,Toys,2026-06-01,Post,12709.16,449
T1019,South,Control,CAT06,Toys,2026-06-08,Post,11114.63,450
T1019,South,Control,CAT06,Toys,2026-06-15,Post,13210.88,373
T1019,South,Control,CAT06,Toys,2026-06-22,Post,12624.06,289
T1019,South,Control,CAT06,Toys,2026-06-29,Post,13250.62,624
T1019,South,Control,CAT07,Hardlines,2026-01-05,Pre,15483.91,655
T1019,South,Control,CAT07,Hardlines,2026-01-12,Pre,18417.16,589
T1019,South,Control,CAT07,Hardlines,2026-01-19,Pre,15966.79,541
T1019,South,Control,CAT07,Hardlines,2026-01-26,Pre,16938.75,663
T1019,South,Control,CAT07,Hardlines,2026-02-02,Pre,18246.06,424
T1019,South,Control,CAT07,Hardlines,2026-02-09,Pre,16051.47,449
T1019,South,Control,CAT07,Hardlines,2026-02-16,Pre,16827.43,459
T1019,South,Control,CAT07,Hardlines,2026-02-23,Pre,15898.25,378
T1019,South,Control,CAT07,Hardlines,2026-03-02,Pre,18498.31,674
T1019,South,Control,CAT07,Hardlines,2026-03-09,Pre,16708.99,728
T1019,South,Control,CAT07,Hardlines,2026-03-16,Pre,17772.81,471
T1019,South,Control,CAT07,Hardlines,2026-03-23,Pre,18326.96,506
T1019,South,Control,CAT07,Hardlines,2026-03-30,Pre,18262.74,497
T1019,South,Control,CAT07,Hardlines,2026-04-06,Post,18215.94,529
T1019,South,Control,CAT07,Hardlines,2026-04-13,Post,18282.75,441
T1019,South,Control,CAT07,Hardlines,2026-04-20,Post,16463.98,767
T1019,South,Control,CAT07,Hardlines,2026-04-27,Post,17875.14,717
T1019,South,Control,CAT07,Hardlines,2026-05-04,Post,18479.09,458
T1019,South,Control,CAT07,Hardlines,2026-05-11,Post,18408.07,686
T1019,South,Control,CAT07,Hardlines,2026-05-18,Post,18216.48,961
T1019,South,Control,CAT07,Hardlines,2026-05-25,Post,17572.44,562
T1019,South,Control,CAT07,Hardlines,2026-06-01,Post,18861.53,681
T1019,South,Control,CAT07,Hardlines,2026-06-08,Post,19168.34,910
T1019,South,Control,CAT07,Hardlines,2026-06-15,Post,18101.93,551
T1019,South,Control,CAT07,Hardlines,2026-06-22,Post,19998.69,733
T1019,South,Control,CAT07,Hardlines,2026-06-29,Post,20733.23,706
T1019,South,Control,CAT08,Softlines,2026-01-05,Pre,13445.46,705
T1019,South,Control,CAT08,Softlines,2026-01-12,Pre,12755.83,464
T1019,South,Control,CAT08,Softlines,2026-01-19,Pre,12453.37,578
T1019,South,Control,CAT08,Softlines,2026-01-26,Pre,13295.97,356
T1019,South,Control,CAT08,Softlines,2026-02-02,Pre,13591.45,725
T1019,South,Control,CAT08,Softlines,2026-02-09,Pre,12557.53,643
T1019,South,Control,CAT08,Softlines,2026-02-16,Pre,13425.79,704
T1019,South,Control,CAT08,Softlines,2026-02-23,Pre,14682.39,468
T1019,South,Control,CAT08,Softlines,2026-03-02,Pre,11917.58,311
T1019,South,Control,CAT08,Softlines,2026-03-09,Pre,13988.81,325
T1019,South,Control,CAT08,Softlines,2026-03-16,Pre,13422.69,484
T1019,South,Control,CAT08,Softlines,2026-03-23,Pre,13995.43,503
T1019,South,Control,CAT08,Softlines,2026-03-30,Pre,15582.41,481
T1019,South,Control,CAT08,Softlines,2026-04-06,Post,14057.37,453
T1019,South,Control,CAT08,Softlines,2026-04-13,Post,13970.46,550
T1019,South,Control,CAT08,Softlines,2026-04-20,Post,14860.41,549
T1019,South,Control,CAT08,Softlines,2026-04-27,Post,14560.04,412
T1019,South,Control,CAT08,Softlines,2026-05-04,Post,14425.11,402
T1019,South,Control,CAT08,Softlines,2026-05-11,Post,14705.78,391
T1019,South,Control,CAT08,Softlines,2026-05-18,Post,15654.87,542
T1019,South,Control,CAT08,Softlines,2026-05-25,Post,15353.25,373
T1019,South,Control,CAT08,Softlines,2026-06-01,Post,14273.97,436
T1019,South,Control,CAT08,Softlines,2026-06-08,Post,16111.88,552
T1019,South,Control,CAT08,Softlines,2026-06-15,Post,14150.61,350
T1019,South,Control,CAT08,Softlines,2026-06-22,Post,14799.11,605
T1019,South,Control,CAT08,Softlines,2026-06-29,Post,14967.34,665
T1020,South,Test,CAT01,Grocery & Essentials,2026-01-05,Pre,55134.08,1617
T1020,South,Test,CAT01,Grocery & Essentials,2026-01-12,Pre,48166.21,1904
T1020,South,Test,CAT01,Grocery & Essentials,2026-01-19,Pre,55474.88,1928
T1020,South,Test,CAT01,Grocery & Essentials,2026-01-26,Pre,50534.47,1277
T1020,South,Test,CAT01,Grocery & Essentials,2026-02-02,Pre,56608.08,1702
T1020,South,Test,CAT01,Grocery & Essentials,2026-02-09,Pre,53540.23,2576
T1020,South,Test,CAT01,Grocery & Essentials,2026-02-16,Pre,49642.96,1366
T1020,South,Test,CAT01,Grocery & Essentials,2026-02-23,Pre,53286.64,1470
T1020,South,Test,CAT01,Grocery & Essentials,2026-03-02,Pre,50701.5,1684
T1020,South,Test,CAT01,Grocery & Essentials,2026-03-09,Pre,55290.38,1335
T1020,South,Test,CAT01,Grocery & Essentials,2026-03-16,Pre,49981.49,1466
T1020,South,Test,CAT01,Grocery & Essentials,2026-03-23,Pre,55581.12,1266
T1020,South,Test,CAT01,Grocery & Essentials,2026-03-30,Pre,54324.57,1444
T1020,South,Test,CAT01,Grocery & Essentials,2026-04-06,Post,60784.8,1755
T1020,South,Test,CAT01,Grocery & Essentials,2026-04-13,Post,55758.85,2075
T1020,South,Test,CAT01,Grocery & Essentials,2026-04-20,Post,50245.9,1199
T1020,South,Test,CAT01,Grocery & Essentials,2026-04-27,Post,59763.38,2219
T1020,South,Test,CAT01,Grocery & Essentials,2026-05-04,Post,52473.38,1584
T1020,South,Test,CAT01,Grocery & Essentials,2026-05-11,Post,46737.25,1512
T1020,South,Test,CAT01,Grocery & Essentials,2026-05-18,Post,52442.78,2420
T1020,South,Test,CAT01,Grocery & Essentials,2026-05-25,Post,55066.19,2415
T1020,South,Test,CAT01,Grocery & Essentials,2026-06-01,Post,55380.45,2581
T1020,South,Test,CAT01,Grocery & Essentials,2026-06-08,Post,58400.68,1493
T1020,South,Test,CAT01,Grocery & Essentials,2026-06-15,Post,55355.72,2969
T1020,South,Test,CAT01,Grocery & Essentials,2026-06-22,Post,59964.94,1409
T1020,South,Test,CAT01,Grocery & Essentials,2026-06-29,Post,56657.13,1408
T1020,South,Test,CAT02,Apparel & Accessories,2026-01-05,Pre,20455.28,604
T1020,South,Test,CAT02,Apparel & Accessories,2026-01-12,Pre,20168.84,462
T1020,South,Test,CAT02,Apparel & Accessories,2026-01-19,Pre,20857.56,504
T1020,South,Test,CAT02,Apparel & Accessories,2026-01-26,Pre,21641.98,555
T1020,South,Test,CAT02,Apparel & Accessories,2026-02-02,Pre,21936.56,773
T1020,South,Test,CAT02,Apparel & Accessories,2026-02-09,Pre,22089.89,626
T1020,South,Test,CAT02,Apparel & Accessories,2026-02-16,Pre,17090.86,409
T1020,South,Test,CAT02,Apparel & Accessories,2026-02-23,Pre,22815.44,608
T1020,South,Test,CAT02,Apparel & Accessories,2026-03-02,Pre,24971.9,1094
T1020,South,Test,CAT02,Apparel & Accessories,2026-03-09,Pre,24276.46,1230
T1020,South,Test,CAT02,Apparel & Accessories,2026-03-16,Pre,24291.3,1188
T1020,South,Test,CAT02,Apparel & Accessories,2026-03-23,Pre,21222.59,743
T1020,South,Test,CAT02,Apparel & Accessories,2026-03-30,Pre,25507.71,718
T1020,South,Test,CAT02,Apparel & Accessories,2026-04-06,Post,25761.8,1134
T1020,South,Test,CAT02,Apparel & Accessories,2026-04-13,Post,25124.64,1100
T1020,South,Test,CAT02,Apparel & Accessories,2026-04-20,Post,23866.97,1085
T1020,South,Test,CAT02,Apparel & Accessories,2026-04-27,Post,24677.12,632
T1020,South,Test,CAT02,Apparel & Accessories,2026-05-04,Post,22448.75,563
T1020,South,Test,CAT02,Apparel & Accessories,2026-05-11,Post,26642.73,674
T1020,South,Test,CAT02,Apparel & Accessories,2026-05-18,Post,20786.97,727
T1020,South,Test,CAT02,Apparel & Accessories,2026-05-25,Post,23384.7,1079
T1020,South,Test,CAT02,Apparel & Accessories,2026-06-01,Post,24963.84,761
T1020,South,Test,CAT02,Apparel & Accessories,2026-06-08,Post,23663.15,565
T1020,South,Test,CAT02,Apparel & Accessories,2026-06-15,Post,26696.03,1074
T1020,South,Test,CAT02,Apparel & Accessories,2026-06-22,Post,22192.96,933
T1020,South,Test,CAT02,Apparel & Accessories,2026-06-29,Post,24620.66,599
T1020,South,Test,CAT03,Home,2026-01-05,Pre,24129.4,1217
T1020,South,Test,CAT03,Home,2026-01-12,Pre,28503.92,1394
T1020,South,Test,CAT03,Home,2026-01-19,Pre,27870.35,964
T1020,South,Test,CAT03,Home,2026-01-26,Pre,28573.52,870
T1020,South,Test,CAT03,Home,2026-02-02,Pre,22504.88,578
T1020,South,Test,CAT03,Home,2026-02-09,Pre,28635.91,1092
T1020,South,Test,CAT03,Home,2026-02-16,Pre,27812.76,759
T1020,South,Test,CAT03,Home,2026-02-23,Pre,28008.59,747
T1020,South,Test,CAT03,Home,2026-03-02,Pre,30164.87,858
T1020,South,Test,CAT03,Home,2026-03-09,Pre,27678.45,878
T1020,South,Test,CAT03,Home,2026-03-16,Pre,29452.8,1526
T1020,South,Test,CAT03,Home,2026-03-23,Pre,25604.96,656
T1020,South,Test,CAT03,Home,2026-03-30,Pre,28696.5,732
T1020,South,Test,CAT03,Home,2026-04-06,Post,31287.5,816
T1020,South,Test,CAT03,Home,2026-04-13,Post,33176.3,1158
T1020,South,Test,CAT03,Home,2026-04-20,Post,26083.92,1066
T1020,South,Test,CAT03,Home,2026-04-27,Post,28074.0,1054
T1020,South,Test,CAT03,Home,2026-05-04,Post,27015.94,1169
T1020,South,Test,CAT03,Home,2026-05-11,Post,28715.49,733
T1020,South,Test,CAT03,Home,2026-05-18,Post,30807.01,706
T1020,South,Test,CAT03,Home,2026-05-25,Post,31648.95,1091
T1020,South,Test,CAT03,Home,2026-06-01,Post,31840.1,1062
T1020,South,Test,CAT03,Home,2026-06-08,Post,26611.64,952
T1020,South,Test,CAT03,Home,2026-06-15,Post,29603.8,851
T1020,South,Test,CAT03,Home,2026-06-22,Post,28441.53,959
T1020,South,Test,CAT03,Home,2026-06-29,Post,29350.83,904
T1020,South,Test,CAT04,Electronics,2026-01-05,Pre,17854.39,431
T1020,South,Test,CAT04,Electronics,2026-01-12,Pre,16799.26,577
T1020,South,Test,CAT04,Electronics,2026-01-19,Pre,20154.44,1108
T1020,South,Test,CAT04,Electronics,2026-01-26,Pre,17725.51,593
T1020,South,Test,CAT04,Electronics,2026-02-02,Pre,17998.72,470
T1020,South,Test,CAT04,Electronics,2026-02-09,Pre,20692.64,732
T1020,South,Test,CAT04,Electronics,2026-02-16,Pre,16931.12,490
T1020,South,Test,CAT04,Electronics,2026-02-23,Pre,19503.98,894
T1020,South,Test,CAT04,Electronics,2026-03-02,Pre,20338.96,510
T1020,South,Test,CAT04,Electronics,2026-03-09,Pre,20893.09,874
T1020,South,Test,CAT04,Electronics,2026-03-16,Pre,19639.13,658
T1020,South,Test,CAT04,Electronics,2026-03-23,Pre,20184.26,928
T1020,South,Test,CAT04,Electronics,2026-03-30,Pre,20653.5,1039
T1020,South,Test,CAT04,Electronics,2026-04-06,Post,21781.31,592
T1020,South,Test,CAT04,Electronics,2026-04-13,Post,24387.7,809
T1020,South,Test,CAT04,Electronics,2026-04-20,Post,23450.16,743
T1020,South,Test,CAT04,Electronics,2026-04-27,Post,19326.01,627
T1020,South,Test,CAT04,Electronics,2026-05-04,Post,19831.13,557
T1020,South,Test,CAT04,Electronics,2026-05-11,Post,21228.49,863
T1020,South,Test,CAT04,Electronics,2026-05-18,Post,23829.52,721
T1020,South,Test,CAT04,Electronics,2026-05-25,Post,23813.28,752
T1020,South,Test,CAT04,Electronics,2026-06-01,Post,24542.38,756
T1020,South,Test,CAT04,Electronics,2026-06-08,Post,25215.64,625
T1020,South,Test,CAT04,Electronics,2026-06-15,Post,22702.78,1128
T1020,South,Test,CAT04,Electronics,2026-06-22,Post,23864.44,638
T1020,South,Test,CAT04,Electronics,2026-06-29,Post,22891.38,685
T1020,South,Test,CAT05,Beauty & Personal Care,2026-01-05,Pre,14567.54,361
T1020,South,Test,CAT05,Beauty & Personal Care,2026-01-12,Pre,13092.5,342
T1020,South,Test,CAT05,Beauty & Personal Care,2026-01-19,Pre,15540.17,350
T1020,South,Test,CAT05,Beauty & Personal Care,2026-01-26,Pre,15269.06,536
T1020,South,Test,CAT05,Beauty & Personal Care,2026-02-02,Pre,14946.02,653
T1020,South,Test,CAT05,Beauty & Personal Care,2026-02-09,Pre,15240.17,546
T1020,South,Test,CAT05,Beauty & Personal Care,2026-02-16,Pre,14789.45,342
T1020,South,Test,CAT05,Beauty & Personal Care,2026-02-23,Pre,16935.63,554
T1020,South,Test,CAT05,Beauty & Personal Care,2026-03-02,Pre,13795.26,390
T1020,South,Test,CAT05,Beauty & Personal Care,2026-03-09,Pre,13631.22,553
T1020,South,Test,CAT05,Beauty & Personal Care,2026-03-16,Pre,16458.33,875
T1020,South,Test,CAT05,Beauty & Personal Care,2026-03-23,Pre,15607.17,421
T1020,South,Test,CAT05,Beauty & Personal Care,2026-03-30,Pre,16800.09,512
T1020,South,Test,CAT05,Beauty & Personal Care,2026-04-06,Post,16042.99,850
T1020,South,Test,CAT05,Beauty & Personal Care,2026-04-13,Post,16443.11,450
T1020,South,Test,CAT05,Beauty & Personal Care,2026-04-20,Post,15455.21,592
T1020,South,Test,CAT05,Beauty & Personal Care,2026-04-27,Post,16970.71,415
T1020,South,Test,CAT05,Beauty & Personal Care,2026-05-04,Post,14954.55,523
T1020,South,Test,CAT05,Beauty & Personal Care,2026-05-11,Post,16230.72,405
T1020,South,Test,CAT05,Beauty & Personal Care,2026-05-18,Post,15319.26,341
T1020,South,Test,CAT05,Beauty & Personal Care,2026-05-25,Post,16431.35,528
T1020,South,Test,CAT05,Beauty & Personal Care,2026-06-01,Post,17991.18,559
T1020,South,Test,CAT05,Beauty & Personal Care,2026-06-08,Post,15978.49,396
T1020,South,Test,CAT05,Beauty & Personal Care,2026-06-15,Post,15942.44,791
T1020,South,Test,CAT05,Beauty & Personal Care,2026-06-22,Post,17044.1,398
T1020,South,Test,CAT05,Beauty & Personal Care,2026-06-29,Post,15940.07,379
T1020,South,Test,CAT06,Toys,2026-01-05,Pre,11673.95,452
T1020,South,Test,CAT06,Toys,2026-01-12,Pre,11286.55,340
T1020,South,Test,CAT06,Toys,2026-01-19,Pre,9778.06,509
T1020,South,Test,CAT06,Toys,2026-01-26,Pre,9901.83,455
T1020,South,Test,CAT06,Toys,2026-02-02,Pre,10343.49,300
T1020,South,Test,CAT06,Toys,2026-02-09,Pre,10389.18,525
T1020,South,Test,CAT06,Toys,2026-02-16,Pre,11455.13,394
T1020,South,Test,CAT06,Toys,2026-02-23,Pre,10193.53,356
T1020,South,Test,CAT06,Toys,2026-03-02,Pre,9843.36,292
T1020,South,Test,CAT06,Toys,2026-03-09,Pre,11019.85,280
T1020,South,Test,CAT06,Toys,2026-03-16,Pre,12571.77,291
T1020,South,Test,CAT06,Toys,2026-03-23,Pre,11446.7,255
T1020,South,Test,CAT06,Toys,2026-03-30,Pre,11932.97,294
T1020,South,Test,CAT06,Toys,2026-04-06,Post,12666.49,296
T1020,South,Test,CAT06,Toys,2026-04-13,Post,10729.32,273
T1020,South,Test,CAT06,Toys,2026-04-20,Post,13338.5,389
T1020,South,Test,CAT06,Toys,2026-04-27,Post,10845.0,318
T1020,South,Test,CAT06,Toys,2026-05-04,Post,11479.6,419
T1020,South,Test,CAT06,Toys,2026-05-11,Post,13151.97,492
T1020,South,Test,CAT06,Toys,2026-05-18,Post,11606.79,319
T1020,South,Test,CAT06,Toys,2026-05-25,Post,13685.34,639
T1020,South,Test,CAT06,Toys,2026-06-01,Post,13189.32,360
T1020,South,Test,CAT06,Toys,2026-06-08,Post,11618.82,429
T1020,South,Test,CAT06,Toys,2026-06-15,Post,13328.16,480
T1020,South,Test,CAT06,Toys,2026-06-22,Post,10551.23,447
T1020,South,Test,CAT06,Toys,2026-06-29,Post,12088.06,589
T1020,South,Test,CAT07,Hardlines,2026-01-05,Pre,17556.4,437
T1020,South,Test,CAT07,Hardlines,2026-01-12,Pre,16744.29,568
T1020,South,Test,CAT07,Hardlines,2026-01-19,Pre,16770.45,514
T1020,South,Test,CAT07,Hardlines,2026-01-26,Pre,17666.93,735
T1020,South,Test,CAT07,Hardlines,2026-02-02,Pre,19445.31,568
T1020,South,Test,CAT07,Hardlines,2026-02-09,Pre,19794.39,695
T1020,South,Test,CAT07,Hardlines,2026-02-16,Pre,16976.09,384
T1020,South,Test,CAT07,Hardlines,2026-02-23,Pre,17006.09,530
T1020,South,Test,CAT07,Hardlines,2026-03-02,Pre,18689.0,500
T1020,South,Test,CAT07,Hardlines,2026-03-09,Pre,18750.49,497
T1020,South,Test,CAT07,Hardlines,2026-03-16,Pre,19523.28,648
T1020,South,Test,CAT07,Hardlines,2026-03-23,Pre,19636.99,693
T1020,South,Test,CAT07,Hardlines,2026-03-30,Pre,16976.99,609
T1020,South,Test,CAT07,Hardlines,2026-04-06,Post,16198.74,525
T1020,South,Test,CAT07,Hardlines,2026-04-13,Post,18926.2,463
T1020,South,Test,CAT07,Hardlines,2026-04-20,Post,18517.43,555
T1020,South,Test,CAT07,Hardlines,2026-04-27,Post,15781.15,385
T1020,South,Test,CAT07,Hardlines,2026-05-04,Post,15997.54,364
T1020,South,Test,CAT07,Hardlines,2026-05-11,Post,16480.14,601
T1020,South,Test,CAT07,Hardlines,2026-05-18,Post,19218.29,437
T1020,South,Test,CAT07,Hardlines,2026-05-25,Post,18412.56,534
T1020,South,Test,CAT07,Hardlines,2026-06-01,Post,19392.26,545
T1020,South,Test,CAT07,Hardlines,2026-06-08,Post,17320.29,457
T1020,South,Test,CAT07,Hardlines,2026-06-15,Post,19634.62,579
T1020,South,Test,CAT07,Hardlines,2026-06-22,Post,19308.37,525
T1020,South,Test,CAT07,Hardlines,2026-06-29,Post,19881.01,569
T1020,South,Test,CAT08,Softlines,2026-01-05,Pre,13088.37,596
T1020,South,Test,CAT08,Softlines,2026-01-12,Pre,12943.16,297
T1020,South,Test,CAT08,Softlines,2026-01-19,Pre,12299.03,339
T1020,South,Test,CAT08,Softlines,2026-01-26,Pre,13393.18,358
T1020,South,Test,CAT08,Softlines,2026-02-02,Pre,14778.55,489
T1020,South,Test,CAT08,Softlines,2026-02-09,Pre,15124.06,718
T1020,South,Test,CAT08,Softlines,2026-02-16,Pre,12731.28,463
T1020,South,Test,CAT08,Softlines,2026-02-23,Pre,13855.01,313
T1020,South,Test,CAT08,Softlines,2026-03-02,Pre,15536.76,363
T1020,South,Test,CAT08,Softlines,2026-03-09,Pre,15754.86,753
T1020,South,Test,CAT08,Softlines,2026-03-16,Pre,13725.01,473
T1020,South,Test,CAT08,Softlines,2026-03-23,Pre,15282.91,369
T1020,South,Test,CAT08,Softlines,2026-03-30,Pre,15144.59,450
T1020,South,Test,CAT08,Softlines,2026-04-06,Post,15111.01,526
T1020,South,Test,CAT08,Softlines,2026-04-13,Post,12631.25,591
T1020,South,Test,CAT08,Softlines,2026-04-20,Post,13750.32,525
T1020,South,Test,CAT08,Softlines,2026-04-27,Post,14231.37,392
T1020,South,Test,CAT08,Softlines,2026-05-04,Post,14256.44,638
T1020,South,Test,CAT08,Softlines,2026-05-11,Post,14437.22,321
T1020,South,Test,CAT08,Softlines,2026-05-18,Post,16499.45,525
T1020,South,Test,CAT08,Softlines,2026-05-25,Post,14286.35,752
T1020,South,Test,CAT08,Softlines,2026-06-01,Post,15053.5,727
T1020,South,Test,CAT08,Softlines,2026-06-08,Post,15071.07,338
T1020,South,Test,CAT08,Softlines,2026-06-15,Post,14719.33,330
T1020,South,Test,CAT08,Softlines,2026-06-22,Post,13684.57,397
T1020,South,Test,CAT08,Softlines,2026-06-29,Post,14962.51,417
T1021,Midwest,Control,CAT01,Grocery & Essentials,2026-01-05,Pre,33593.39,1048
T1021,Midwest,Control,CAT01,Grocery & Essentials,2026-01-12,Pre,35677.06,1145
T1021,Midwest,Control,CAT01,Grocery & Essentials,2026-01-19,Pre,35851.36,1077
T1021,Midwest,Control,CAT01,Grocery & Essentials,2026-01-26,Pre,38667.47,1491
T1021,Midwest,Control,CAT01,Grocery & Essentials,2026-02-02,Pre,30029.14,1341
T1021,Midwest,Control,CAT01,Grocery & Essentials,2026-02-09,Pre,33013.51,1097
T1021,Midwest,Control,CAT01,Grocery & Essentials,2026-02-16,Pre,29072.76,1547
T1021,Midwest,Control,CAT01,Grocery & Essentials,2026-02-23,Pre,39637.14,1135
T1021,Midwest,Control,CAT01,Grocery & Essentials,2026-03-02,Pre,38450.4,1561
T1021,Midwest,Control,CAT01,Grocery & Essentials,2026-03-09,Pre,32247.63,740
T1021,Midwest,Control,CAT01,Grocery & Essentials,2026-03-16,Pre,36719.16,1696
T1021,Midwest,Control,CAT01,Grocery & Essentials,2026-03-23,Pre,33736.27,1856
T1021,Midwest,Control,CAT01,Grocery & Essentials,2026-03-30,Pre,33794.07,759
T1021,Midwest,Control,CAT01,Grocery & Essentials,2026-04-06,Post,43923.99,1121
T1021,Midwest,Control,CAT01,Grocery & Essentials,2026-04-13,Post,35376.29,796
T1021,Midwest,Control,CAT01,Grocery & Essentials,2026-04-20,Post,32780.14,1213
T1021,Midwest,Control,CAT01,Grocery & Essentials,2026-04-27,Post,34614.85,1791
T1021,Midwest,Control,CAT01,Grocery & Essentials,2026-05-04,Post,39160.06,871
T1021,Midwest,Control,CAT01,Grocery & Essentials,2026-05-11,Post,37057.63,947
T1021,Midwest,Control,CAT01,Grocery & Essentials,2026-05-18,Post,37912.06,1916
T1021,Midwest,Control,CAT01,Grocery & Essentials,2026-05-25,Post,36342.31,1065
T1021,Midwest,Control,CAT01,Grocery & Essentials,2026-06-01,Post,38496.33,1821
T1021,Midwest,Control,CAT01,Grocery & Essentials,2026-06-08,Post,39315.39,1417
T1021,Midwest,Control,CAT01,Grocery & Essentials,2026-06-15,Post,35412.97,901
T1021,Midwest,Control,CAT01,Grocery & Essentials,2026-06-22,Post,36479.51,1404
T1021,Midwest,Control,CAT01,Grocery & Essentials,2026-06-29,Post,40422.99,2152
T1021,Midwest,Control,CAT02,Apparel & Accessories,2026-01-05,Pre,15062.82,536
T1021,Midwest,Control,CAT02,Apparel & Accessories,2026-01-12,Pre,16593.06,540
T1021,Midwest,Control,CAT02,Apparel & Accessories,2026-01-19,Pre,15955.54,457
T1021,Midwest,Control,CAT02,Apparel & Accessories,2026-01-26,Pre,13675.89,557
T1021,Midwest,Control,CAT02,Apparel & Accessories,2026-02-02,Pre,14206.24,383
T1021,Midwest,Control,CAT02,Apparel & Accessories,2026-02-09,Pre,15927.83,395
T1021,Midwest,Control,CAT02,Apparel & Accessories,2026-02-16,Pre,14143.27,434
T1021,Midwest,Control,CAT02,Apparel & Accessories,2026-02-23,Pre,15551.22,544
T1021,Midwest,Control,CAT02,Apparel & Accessories,2026-03-02,Pre,16432.85,368
T1021,Midwest,Control,CAT02,Apparel & Accessories,2026-03-09,Pre,16022.87,432
T1021,Midwest,Control,CAT02,Apparel & Accessories,2026-03-16,Pre,14207.92,643
T1021,Midwest,Control,CAT02,Apparel & Accessories,2026-03-23,Pre,14653.75,477
T1021,Midwest,Control,CAT02,Apparel & Accessories,2026-03-30,Pre,16244.51,382
T1021,Midwest,Control,CAT02,Apparel & Accessories,2026-04-06,Post,18002.62,912
T1021,Midwest,Control,CAT02,Apparel & Accessories,2026-04-13,Post,15733.83,366
T1021,Midwest,Control,CAT02,Apparel & Accessories,2026-04-20,Post,16921.09,494
T1021,Midwest,Control,CAT02,Apparel & Accessories,2026-04-27,Post,16466.19,400
T1021,Midwest,Control,CAT02,Apparel & Accessories,2026-05-04,Post,15299.67,578
T1021,Midwest,Control,CAT02,Apparel & Accessories,2026-05-11,Post,17126.94,392
T1021,Midwest,Control,CAT02,Apparel & Accessories,2026-05-18,Post,14278.82,462
T1021,Midwest,Control,CAT02,Apparel & Accessories,2026-05-25,Post,17162.08,550
T1021,Midwest,Control,CAT02,Apparel & Accessories,2026-06-01,Post,16848.11,405
T1021,Midwest,Control,CAT02,Apparel & Accessories,2026-06-08,Post,15687.72,542
T1021,Midwest,Control,CAT02,Apparel & Accessories,2026-06-15,Post,15173.71,524
T1021,Midwest,Control,CAT02,Apparel & Accessories,2026-06-22,Post,15899.68,429
T1021,Midwest,Control,CAT02,Apparel & Accessories,2026-06-29,Post,15674.13,702
T1021,Midwest,Control,CAT03,Home,2026-01-05,Pre,18000.05,868
T1021,Midwest,Control,CAT03,Home,2026-01-12,Pre,17928.68,503
T1021,Midwest,Control,CAT03,Home,2026-01-19,Pre,17763.38,452
T1021,Midwest,Control,CAT03,Home,2026-01-26,Pre,16367.12,665
T1021,Midwest,Control,CAT03,Home,2026-02-02,Pre,17081.4,930
T1021,Midwest,Control,CAT03,Home,2026-02-09,Pre,20142.32,493
T1021,Midwest,Control,CAT03,Home,2026-02-16,Pre,18081.94,663
T1021,Midwest,Control,CAT03,Home,2026-02-23,Pre,18528.93,768
T1021,Midwest,Control,CAT03,Home,2026-03-02,Pre,18358.78,738
T1021,Midwest,Control,CAT03,Home,2026-03-09,Pre,20963.08,926
T1021,Midwest,Control,CAT03,Home,2026-03-16,Pre,18082.37,431
T1021,Midwest,Control,CAT03,Home,2026-03-23,Pre,18061.38,463
T1021,Midwest,Control,CAT03,Home,2026-03-30,Pre,19939.7,524
T1021,Midwest,Control,CAT03,Home,2026-04-06,Post,19555.76,902
T1021,Midwest,Control,CAT03,Home,2026-04-13,Post,20131.73,656
T1021,Midwest,Control,CAT03,Home,2026-04-20,Post,20116.39,627
T1021,Midwest,Control,CAT03,Home,2026-04-27,Post,20815.83,1073
T1021,Midwest,Control,CAT03,Home,2026-05-04,Post,17799.79,510
T1021,Midwest,Control,CAT03,Home,2026-05-11,Post,20256.22,717
T1021,Midwest,Control,CAT03,Home,2026-05-18,Post,18623.29,521
T1021,Midwest,Control,CAT03,Home,2026-05-25,Post,17096.4,582
T1021,Midwest,Control,CAT03,Home,2026-06-01,Post,20561.85,611
T1021,Midwest,Control,CAT03,Home,2026-06-08,Post,20552.39,1056
T1021,Midwest,Control,CAT03,Home,2026-06-15,Post,20007.4,493
T1021,Midwest,Control,CAT03,Home,2026-06-22,Post,21469.29,613
T1021,Midwest,Control,CAT03,Home,2026-06-29,Post,19049.34,661
T1021,Midwest,Control,CAT04,Electronics,2026-01-05,Pre,13079.16,354
T1021,Midwest,Control,CAT04,Electronics,2026-01-12,Pre,12414.28,318
T1021,Midwest,Control,CAT04,Electronics,2026-01-19,Pre,12529.74,457
T1021,Midwest,Control,CAT04,Electronics,2026-01-26,Pre,11028.5,301
T1021,Midwest,Control,CAT04,Electronics,2026-02-02,Pre,13579.77,304
T1021,Midwest,Control,CAT04,Electronics,2026-02-09,Pre,13101.12,381
T1021,Midwest,Control,CAT04,Electronics,2026-02-16,Pre,13356.22,522
T1021,Midwest,Control,CAT04,Electronics,2026-02-23,Pre,12021.38,343
T1021,Midwest,Control,CAT04,Electronics,2026-03-02,Pre,13145.68,340
T1021,Midwest,Control,CAT04,Electronics,2026-03-09,Pre,12808.08,346
T1021,Midwest,Control,CAT04,Electronics,2026-03-16,Pre,13407.01,346
T1021,Midwest,Control,CAT04,Electronics,2026-03-23,Pre,13255.57,315
T1021,Midwest,Control,CAT04,Electronics,2026-03-30,Pre,14664.34,398
T1021,Midwest,Control,CAT04,Electronics,2026-04-06,Post,14353.51,428
T1021,Midwest,Control,CAT04,Electronics,2026-04-13,Post,14248.44,316
T1021,Midwest,Control,CAT04,Electronics,2026-04-20,Post,12999.88,480
T1021,Midwest,Control,CAT04,Electronics,2026-04-27,Post,13759.63,450
T1021,Midwest,Control,CAT04,Electronics,2026-05-04,Post,13022.08,416
T1021,Midwest,Control,CAT04,Electronics,2026-05-11,Post,14289.68,462
T1021,Midwest,Control,CAT04,Electronics,2026-05-18,Post,13341.15,318
T1021,Midwest,Control,CAT04,Electronics,2026-05-25,Post,13042.07,532
T1021,Midwest,Control,CAT04,Electronics,2026-06-01,Post,13794.65,394
T1021,Midwest,Control,CAT04,Electronics,2026-06-08,Post,14758.31,448
T1021,Midwest,Control,CAT04,Electronics,2026-06-15,Post,14637.02,385
T1021,Midwest,Control,CAT04,Electronics,2026-06-22,Post,13287.11,399
T1021,Midwest,Control,CAT04,Electronics,2026-06-29,Post,15286.82,390
T1021,Midwest,Control,CAT05,Beauty & Personal Care,2026-01-05,Pre,9392.8,261
T1021,Midwest,Control,CAT05,Beauty & Personal Care,2026-01-12,Pre,9618.18,298
T1021,Midwest,Control,CAT05,Beauty & Personal Care,2026-01-19,Pre,10716.27,288
T1021,Midwest,Control,CAT05,Beauty & Personal Care,2026-01-26,Pre,8742.28,279
T1021,Midwest,Control,CAT05,Beauty & Personal Care,2026-02-02,Pre,10184.07,275
T1021,Midwest,Control,CAT05,Beauty & Personal Care,2026-02-09,Pre,10004.52,367
T1021,Midwest,Control,CAT05,Beauty & Personal Care,2026-02-16,Pre,11434.59,463
T1021,Midwest,Control,CAT05,Beauty & Personal Care,2026-02-23,Pre,9534.43,330
T1021,Midwest,Control,CAT05,Beauty & Personal Care,2026-03-02,Pre,9642.29,298
T1021,Midwest,Control,CAT05,Beauty & Personal Care,2026-03-09,Pre,11687.38,599
T1021,Midwest,Control,CAT05,Beauty & Personal Care,2026-03-16,Pre,10208.8,306
T1021,Midwest,Control,CAT05,Beauty & Personal Care,2026-03-23,Pre,11296.48,329
T1021,Midwest,Control,CAT05,Beauty & Personal Care,2026-03-30,Pre,10172.14,468
T1021,Midwest,Control,CAT05,Beauty & Personal Care,2026-04-06,Post,10049.95,274
T1021,Midwest,Control,CAT05,Beauty & Personal Care,2026-04-13,Post,11467.67,365
T1021,Midwest,Control,CAT05,Beauty & Personal Care,2026-04-20,Post,12173.68,359
T1021,Midwest,Control,CAT05,Beauty & Personal Care,2026-04-27,Post,11619.16,299
T1021,Midwest,Control,CAT05,Beauty & Personal Care,2026-05-04,Post,10320.65,404
T1021,Midwest,Control,CAT05,Beauty & Personal Care,2026-05-11,Post,10712.73,334
T1021,Midwest,Control,CAT05,Beauty & Personal Care,2026-05-18,Post,10083.76,303
T1021,Midwest,Control,CAT05,Beauty & Personal Care,2026-05-25,Post,10234.45,276
T1021,Midwest,Control,CAT05,Beauty & Personal Care,2026-06-01,Post,10236.9,275
T1021,Midwest,Control,CAT05,Beauty & Personal Care,2026-06-08,Post,10577.66,323
T1021,Midwest,Control,CAT05,Beauty & Personal Care,2026-06-15,Post,11030.67,446
T1021,Midwest,Control,CAT05,Beauty & Personal Care,2026-06-22,Post,9279.62,213
T1021,Midwest,Control,CAT05,Beauty & Personal Care,2026-06-29,Post,11023.34,278
T1021,Midwest,Control,CAT06,Toys,2026-01-05,Pre,7889.31,243
T1021,Midwest,Control,CAT06,Toys,2026-01-12,Pre,7633.74,324
T1021,Midwest,Control,CAT06,Toys,2026-01-19,Pre,7897.94,233
T1021,Midwest,Control,CAT06,Toys,2026-01-26,Pre,8016.1,192
T1021,Midwest,Control,CAT06,Toys,2026-02-02,Pre,7372.5,290
T1021,Midwest,Control,CAT06,Toys,2026-02-09,Pre,7577.39,170
T1021,Midwest,Control,CAT06,Toys,2026-02-16,Pre,9434.07,402
T1021,Midwest,Control,CAT06,Toys,2026-02-23,Pre,7417.27,224
T1021,Midwest,Control,CAT06,Toys,2026-03-02,Pre,8118.35,224
T1021,Midwest,Control,CAT06,Toys,2026-03-09,Pre,7096.09,383
T1021,Midwest,Control,CAT06,Toys,2026-03-16,Pre,8254.78,296
T1021,Midwest,Control,CAT06,Toys,2026-03-23,Pre,7447.3,227
T1021,Midwest,Control,CAT06,Toys,2026-03-30,Pre,7896.13,295
T1021,Midwest,Control,CAT06,Toys,2026-04-06,Post,7122.38,161
T1021,Midwest,Control,CAT06,Toys,2026-04-13,Post,7079.15,157
T1021,Midwest,Control,CAT06,Toys,2026-04-20,Post,7930.45,207
T1021,Midwest,Control,CAT06,Toys,2026-04-27,Post,7971.65,225
T1021,Midwest,Control,CAT06,Toys,2026-05-04,Post,7913.43,180
T1021,Midwest,Control,CAT06,Toys,2026-05-11,Post,8297.34,289
T1021,Midwest,Control,CAT06,Toys,2026-05-18,Post,8707.99,207
T1021,Midwest,Control,CAT06,Toys,2026-05-25,Post,7565.67,374
T1021,Midwest,Control,CAT06,Toys,2026-06-01,Post,8045.48,400
T1021,Midwest,Control,CAT06,Toys,2026-06-08,Post,7401.25,166
T1021,Midwest,Control,CAT06,Toys,2026-06-15,Post,7182.85,195
T1021,Midwest,Control,CAT06,Toys,2026-06-22,Post,8325.79,237
T1021,Midwest,Control,CAT06,Toys,2026-06-29,Post,7665.21,227
T1021,Midwest,Control,CAT07,Hardlines,2026-01-05,Pre,11683.79,349
T1021,Midwest,Control,CAT07,Hardlines,2026-01-12,Pre,11897.03,317
T1021,Midwest,Control,CAT07,Hardlines,2026-01-19,Pre,10431.2,307
T1021,Midwest,Control,CAT07,Hardlines,2026-01-26,Pre,12115.75,489
T1021,Midwest,Control,CAT07,Hardlines,2026-02-02,Pre,12744.97,560
T1021,Midwest,Control,CAT07,Hardlines,2026-02-09,Pre,12399.39,296
T1021,Midwest,Control,CAT07,Hardlines,2026-02-16,Pre,11176.68,425
T1021,Midwest,Control,CAT07,Hardlines,2026-02-23,Pre,11957.86,279
T1021,Midwest,Control,CAT07,Hardlines,2026-03-02,Pre,12095.58,641
T1021,Midwest,Control,CAT07,Hardlines,2026-03-09,Pre,11976.62,589
T1021,Midwest,Control,CAT07,Hardlines,2026-03-16,Pre,11043.42,347
T1021,Midwest,Control,CAT07,Hardlines,2026-03-23,Pre,11514.82,287
T1021,Midwest,Control,CAT07,Hardlines,2026-03-30,Pre,12040.75,369
T1021,Midwest,Control,CAT07,Hardlines,2026-04-06,Post,12453.58,283
T1021,Midwest,Control,CAT07,Hardlines,2026-04-13,Post,11847.04,277
T1021,Midwest,Control,CAT07,Hardlines,2026-04-20,Post,10309.09,250
T1021,Midwest,Control,CAT07,Hardlines,2026-04-27,Post,10802.96,291
T1021,Midwest,Control,CAT07,Hardlines,2026-05-04,Post,12031.53,269
T1021,Midwest,Control,CAT07,Hardlines,2026-05-11,Post,13998.55,467
T1021,Midwest,Control,CAT07,Hardlines,2026-05-18,Post,12888.14,377
T1021,Midwest,Control,CAT07,Hardlines,2026-05-25,Post,12759.55,352
T1021,Midwest,Control,CAT07,Hardlines,2026-06-01,Post,11943.62,371
T1021,Midwest,Control,CAT07,Hardlines,2026-06-08,Post,12295.25,287
T1021,Midwest,Control,CAT07,Hardlines,2026-06-15,Post,11031.92,315
T1021,Midwest,Control,CAT07,Hardlines,2026-06-22,Post,12019.87,547
T1021,Midwest,Control,CAT07,Hardlines,2026-06-29,Post,13128.89,472
T1021,Midwest,Control,CAT08,Softlines,2026-01-05,Pre,9287.54,289
T1021,Midwest,Control,CAT08,Softlines,2026-01-12,Pre,8792.43,242
T1021,Midwest,Control,CAT08,Softlines,2026-01-19,Pre,9155.31,468
T1021,Midwest,Control,CAT08,Softlines,2026-01-26,Pre,9296.78,260
T1021,Midwest,Control,CAT08,Softlines,2026-02-02,Pre,8929.72,362
T1021,Midwest,Control,CAT08,Softlines,2026-02-09,Pre,9637.85,480
T1021,Midwest,Control,CAT08,Softlines,2026-02-16,Pre,9498.35,446
T1021,Midwest,Control,CAT08,Softlines,2026-02-23,Pre,9150.49,312
T1021,Midwest,Control,CAT08,Softlines,2026-03-02,Pre,8648.8,445
T1021,Midwest,Control,CAT08,Softlines,2026-03-09,Pre,9175.86,418
T1021,Midwest,Control,CAT08,Softlines,2026-03-16,Pre,9169.11,431
T1021,Midwest,Control,CAT08,Softlines,2026-03-23,Pre,9141.37,245
T1021,Midwest,Control,CAT08,Softlines,2026-03-30,Pre,8545.02,355
T1021,Midwest,Control,CAT08,Softlines,2026-04-06,Post,10563.11,264
T1021,Midwest,Control,CAT08,Softlines,2026-04-13,Post,10564.24,394
T1021,Midwest,Control,CAT08,Softlines,2026-04-20,Post,9603.81,247
T1021,Midwest,Control,CAT08,Softlines,2026-04-27,Post,9893.33,263
T1021,Midwest,Control,CAT08,Softlines,2026-05-04,Post,10079.08,236
T1021,Midwest,Control,CAT08,Softlines,2026-05-11,Post,9723.06,310
T1021,Midwest,Control,CAT08,Softlines,2026-05-18,Post,10053.55,367
T1021,Midwest,Control,CAT08,Softlines,2026-05-25,Post,10291.31,315
T1021,Midwest,Control,CAT08,Softlines,2026-06-01,Post,10029.01,430
T1021,Midwest,Control,CAT08,Softlines,2026-06-08,Post,10492.55,367
T1021,Midwest,Control,CAT08,Softlines,2026-06-15,Post,9539.8,219
T1021,Midwest,Control,CAT08,Softlines,2026-06-22,Post,10016.25,310
T1021,Midwest,Control,CAT08,Softlines,2026-06-29,Post,11994.11,430
T1022,West,Test,CAT01,Grocery & Essentials,2026-01-05,Pre,41354.88,1178
T1022,West,Test,CAT01,Grocery & Essentials,2026-01-12,Pre,52133.9,2687
T1022,West,Test,CAT01,Grocery & Essentials,2026-01-19,Pre,42116.76,2304
T1022,West,Test,CAT01,Grocery & Essentials,2026-01-26,Pre,49600.83,1455
T1022,West,Test,CAT01,Grocery & Essentials,2026-02-02,Pre,47484.13,2107
T1022,West,Test,CAT01,Grocery & Essentials,2026-02-09,Pre,46948.15,1075
T1022,West,Test,CAT01,Grocery & Essentials,2026-02-16,Pre,39368.73,1004
T1022,West,Test,CAT01,Grocery & Essentials,2026-02-23,Pre,40277.32,1673
T1022,West,Test,CAT01,Grocery & Essentials,2026-03-02,Pre,40557.1,929
T1022,West,Test,CAT01,Grocery & Essentials,2026-03-09,Pre,46917.31,1193
T1022,West,Test,CAT01,Grocery & Essentials,2026-03-16,Pre,40908.07,1687
T1022,West,Test,CAT01,Grocery & Essentials,2026-03-23,Pre,42727.52,1206
T1022,West,Test,CAT01,Grocery & Essentials,2026-03-30,Pre,45449.84,1359
T1022,West,Test,CAT01,Grocery & Essentials,2026-04-06,Post,49739.85,1442
T1022,West,Test,CAT01,Grocery & Essentials,2026-04-13,Post,47981.6,1277
T1022,West,Test,CAT01,Grocery & Essentials,2026-04-20,Post,45589.36,1081
T1022,West,Test,CAT01,Grocery & Essentials,2026-04-27,Post,49284.61,1192
T1022,West,Test,CAT01,Grocery & Essentials,2026-05-04,Post,53645.89,1813
T1022,West,Test,CAT01,Grocery & Essentials,2026-05-11,Post,47152.68,2014
T1022,West,Test,CAT01,Grocery & Essentials,2026-05-18,Post,43054.19,1051
T1022,West,Test,CAT01,Grocery & Essentials,2026-05-25,Post,44304.4,1977
T1022,West,Test,CAT01,Grocery & Essentials,2026-06-01,Post,44440.3,1506
T1022,West,Test,CAT01,Grocery & Essentials,2026-06-08,Post,45261.22,1049
T1022,West,Test,CAT01,Grocery & Essentials,2026-06-15,Post,46739.76,1684
T1022,West,Test,CAT01,Grocery & Essentials,2026-06-22,Post,48963.45,1948
T1022,West,Test,CAT01,Grocery & Essentials,2026-06-29,Post,43557.38,2172
T1022,West,Test,CAT02,Apparel & Accessories,2026-01-05,Pre,17174.58,389
T1022,West,Test,CAT02,Apparel & Accessories,2026-01-12,Pre,19641.37,473
T1022,West,Test,CAT02,Apparel & Accessories,2026-01-19,Pre,18262.33,414
T1022,West,Test,CAT02,Apparel & Accessories,2026-01-26,Pre,17905.21,552
T1022,West,Test,CAT02,Apparel & Accessories,2026-02-02,Pre,18778.64,896
T1022,West,Test,CAT02,Apparel & Accessories,2026-02-09,Pre,20923.79,566
T1022,West,Test,CAT02,Apparel & Accessories,2026-02-16,Pre,20222.99,698
T1022,West,Test,CAT02,Apparel & Accessories,2026-02-23,Pre,20202.14,1077
T1022,West,Test,CAT02,Apparel & Accessories,2026-03-02,Pre,21687.64,839
T1022,West,Test,CAT02,Apparel & Accessories,2026-03-09,Pre,19900.51,1096
T1022,West,Test,CAT02,Apparel & Accessories,2026-03-16,Pre,22006.8,532
T1022,West,Test,CAT02,Apparel & Accessories,2026-03-23,Pre,22226.56,1005
T1022,West,Test,CAT02,Apparel & Accessories,2026-03-30,Pre,17822.2,774
T1022,West,Test,CAT02,Apparel & Accessories,2026-04-06,Post,17550.39,896
T1022,West,Test,CAT02,Apparel & Accessories,2026-04-13,Post,18471.16,651
T1022,West,Test,CAT02,Apparel & Accessories,2026-04-20,Post,21581.78,732
T1022,West,Test,CAT02,Apparel & Accessories,2026-04-27,Post,19693.12,822
T1022,West,Test,CAT02,Apparel & Accessories,2026-05-04,Post,19597.58,928
T1022,West,Test,CAT02,Apparel & Accessories,2026-05-11,Post,21321.8,834
T1022,West,Test,CAT02,Apparel & Accessories,2026-05-18,Post,19427.08,906
T1022,West,Test,CAT02,Apparel & Accessories,2026-05-25,Post,20557.03,478
T1022,West,Test,CAT02,Apparel & Accessories,2026-06-01,Post,21205.7,613
T1022,West,Test,CAT02,Apparel & Accessories,2026-06-08,Post,19145.68,662
T1022,West,Test,CAT02,Apparel & Accessories,2026-06-15,Post,18912.92,478
T1022,West,Test,CAT02,Apparel & Accessories,2026-06-22,Post,20652.71,662
T1022,West,Test,CAT02,Apparel & Accessories,2026-06-29,Post,20907.87,1028
T1022,West,Test,CAT03,Home,2026-01-05,Pre,24173.2,1327
T1022,West,Test,CAT03,Home,2026-01-12,Pre,26145.7,585
T1022,West,Test,CAT03,Home,2026-01-19,Pre,21513.25,767
T1022,West,Test,CAT03,Home,2026-01-26,Pre,22097.7,556
T1022,West,Test,CAT03,Home,2026-02-02,Pre,26416.64,1066
T1022,West,Test,CAT03,Home,2026-02-09,Pre,25051.82,577
T1022,West,Test,CAT03,Home,2026-02-16,Pre,23310.65,827
T1022,West,Test,CAT03,Home,2026-02-23,Pre,25535.5,1122
T1022,West,Test,CAT03,Home,2026-03-02,Pre,22031.06,649
T1022,West,Test,CAT03,Home,2026-03-09,Pre,23394.65,1022
T1022,West,Test,CAT03,Home,2026-03-16,Pre,19227.52,536
T1022,West,Test,CAT03,Home,2026-03-23,Pre,24238.83,854
T1022,West,Test,CAT03,Home,2026-03-30,Pre,23479.58,663
T1022,West,Test,CAT03,Home,2026-04-06,Post,23625.63,599
T1022,West,Test,CAT03,Home,2026-04-13,Post,25434.46,603
T1022,West,Test,CAT03,Home,2026-04-20,Post,26060.79,1206
T1022,West,Test,CAT03,Home,2026-04-27,Post,23663.93,562
T1022,West,Test,CAT03,Home,2026-05-04,Post,22278.99,1201
T1022,West,Test,CAT03,Home,2026-05-11,Post,22046.2,738
T1022,West,Test,CAT03,Home,2026-05-18,Post,21301.03,1061
T1022,West,Test,CAT03,Home,2026-05-25,Post,27704.03,662
T1022,West,Test,CAT03,Home,2026-06-01,Post,26116.67,689
T1022,West,Test,CAT03,Home,2026-06-08,Post,25792.47,853
T1022,West,Test,CAT03,Home,2026-06-15,Post,24069.3,972
T1022,West,Test,CAT03,Home,2026-06-22,Post,24148.05,657
T1022,West,Test,CAT03,Home,2026-06-29,Post,27108.68,964
T1022,West,Test,CAT04,Electronics,2026-01-05,Pre,13906.71,371
T1022,West,Test,CAT04,Electronics,2026-01-12,Pre,15269.09,391
T1022,West,Test,CAT04,Electronics,2026-01-19,Pre,17112.37,807
T1022,West,Test,CAT04,Electronics,2026-01-26,Pre,15388.9,419
T1022,West,Test,CAT04,Electronics,2026-02-02,Pre,16628.29,726
T1022,West,Test,CAT04,Electronics,2026-02-09,Pre,15874.98,442
T1022,West,Test,CAT04,Electronics,2026-02-16,Pre,13142.18,411
T1022,West,Test,CAT04,Electronics,2026-02-23,Pre,15952.66,670
T1022,West,Test,CAT04,Electronics,2026-03-02,Pre,16228.05,680
T1022,West,Test,CAT04,Electronics,2026-03-09,Pre,15990.47,655
T1022,West,Test,CAT04,Electronics,2026-03-16,Pre,14961.87,789
T1022,West,Test,CAT04,Electronics,2026-03-23,Pre,16126.31,695
T1022,West,Test,CAT04,Electronics,2026-03-30,Pre,14205.23,768
T1022,West,Test,CAT04,Electronics,2026-04-06,Post,18682.17,646
T1022,West,Test,CAT04,Electronics,2026-04-13,Post,20575.75,562
T1022,West,Test,CAT04,Electronics,2026-04-20,Post,20199.03,487
T1022,West,Test,CAT04,Electronics,2026-04-27,Post,19276.16,644
T1022,West,Test,CAT04,Electronics,2026-05-04,Post,19817.34,700
T1022,West,Test,CAT04,Electronics,2026-05-11,Post,19543.46,443
T1022,West,Test,CAT04,Electronics,2026-05-18,Post,18556.99,1022
T1022,West,Test,CAT04,Electronics,2026-05-25,Post,18760.25,467
T1022,West,Test,CAT04,Electronics,2026-06-01,Post,18588.49,617
T1022,West,Test,CAT04,Electronics,2026-06-08,Post,19774.58,464
T1022,West,Test,CAT04,Electronics,2026-06-15,Post,20212.2,840
T1022,West,Test,CAT04,Electronics,2026-06-22,Post,21718.13,530
T1022,West,Test,CAT04,Electronics,2026-06-29,Post,18797.05,611
T1022,West,Test,CAT05,Beauty & Personal Care,2026-01-05,Pre,13262.13,301
T1022,West,Test,CAT05,Beauty & Personal Care,2026-01-12,Pre,13757.72,579
T1022,West,Test,CAT05,Beauty & Personal Care,2026-01-19,Pre,13225.64,375
T1022,West,Test,CAT05,Beauty & Personal Care,2026-01-26,Pre,11492.18,348
T1022,West,Test,CAT05,Beauty & Personal Care,2026-02-02,Pre,12282.12,430
T1022,West,Test,CAT05,Beauty & Personal Care,2026-02-09,Pre,12875.49,678
T1022,West,Test,CAT05,Beauty & Personal Care,2026-02-16,Pre,12789.12,347
T1022,West,Test,CAT05,Beauty & Personal Care,2026-02-23,Pre,10462.97,469
T1022,West,Test,CAT05,Beauty & Personal Care,2026-03-02,Pre,14069.82,684
T1022,West,Test,CAT05,Beauty & Personal Care,2026-03-09,Pre,13695.26,396
T1022,West,Test,CAT05,Beauty & Personal Care,2026-03-16,Pre,13232.7,419
T1022,West,Test,CAT05,Beauty & Personal Care,2026-03-23,Pre,13614.87,431
T1022,West,Test,CAT05,Beauty & Personal Care,2026-03-30,Pre,12456.92,289
T1022,West,Test,CAT05,Beauty & Personal Care,2026-04-06,Post,12199.07,414
T1022,West,Test,CAT05,Beauty & Personal Care,2026-04-13,Post,13289.84,338
T1022,West,Test,CAT05,Beauty & Personal Care,2026-04-20,Post,12800.8,318
T1022,West,Test,CAT05,Beauty & Personal Care,2026-04-27,Post,14110.81,570
T1022,West,Test,CAT05,Beauty & Personal Care,2026-05-04,Post,12017.19,434
T1022,West,Test,CAT05,Beauty & Personal Care,2026-05-11,Post,14381.16,348
T1022,West,Test,CAT05,Beauty & Personal Care,2026-05-18,Post,14049.3,510
T1022,West,Test,CAT05,Beauty & Personal Care,2026-05-25,Post,15120.42,709
T1022,West,Test,CAT05,Beauty & Personal Care,2026-06-01,Post,13867.33,507
T1022,West,Test,CAT05,Beauty & Personal Care,2026-06-08,Post,14360.49,347
T1022,West,Test,CAT05,Beauty & Personal Care,2026-06-15,Post,11488.05,295
T1022,West,Test,CAT05,Beauty & Personal Care,2026-06-22,Post,14600.84,341
T1022,West,Test,CAT05,Beauty & Personal Care,2026-06-29,Post,15033.0,475
T1022,West,Test,CAT06,Toys,2026-01-05,Pre,9518.26,225
T1022,West,Test,CAT06,Toys,2026-01-12,Pre,9122.67,226
T1022,West,Test,CAT06,Toys,2026-01-19,Pre,9687.19,245
T1022,West,Test,CAT06,Toys,2026-01-26,Pre,10181.31,237
T1022,West,Test,CAT06,Toys,2026-02-02,Pre,10319.62,439
T1022,West,Test,CAT06,Toys,2026-02-09,Pre,8475.49,268
T1022,West,Test,CAT06,Toys,2026-02-16,Pre,11617.33,312
T1022,West,Test,CAT06,Toys,2026-02-23,Pre,9319.07,237
T1022,West,Test,CAT06,Toys,2026-03-02,Pre,10228.8,248
T1022,West,Test,CAT06,Toys,2026-03-09,Pre,10707.58,304
T1022,West,Test,CAT06,Toys,2026-03-16,Pre,9746.28,392
T1022,West,Test,CAT06,Toys,2026-03-23,Pre,10635.12,405
T1022,West,Test,CAT06,Toys,2026-03-30,Pre,8702.97,298
T1022,West,Test,CAT06,Toys,2026-04-06,Post,8502.35,202
T1022,West,Test,CAT06,Toys,2026-04-13,Post,10786.88,332
T1022,West,Test,CAT06,Toys,2026-04-20,Post,10726.61,561
T1022,West,Test,CAT06,Toys,2026-04-27,Post,11728.01,265
T1022,West,Test,CAT06,Toys,2026-05-04,Post,10353.33,547
T1022,West,Test,CAT06,Toys,2026-05-11,Post,10787.49,339
T1022,West,Test,CAT06,Toys,2026-05-18,Post,11369.07,312
T1022,West,Test,CAT06,Toys,2026-05-25,Post,11189.08,475
T1022,West,Test,CAT06,Toys,2026-06-01,Post,10200.28,394
T1022,West,Test,CAT06,Toys,2026-06-08,Post,10448.9,411
T1022,West,Test,CAT06,Toys,2026-06-15,Post,10149.83,273
T1022,West,Test,CAT06,Toys,2026-06-22,Post,10094.24,417
T1022,West,Test,CAT06,Toys,2026-06-29,Post,10985.84,328
T1022,West,Test,CAT07,Hardlines,2026-01-05,Pre,14447.37,762
T1022,West,Test,CAT07,Hardlines,2026-01-12,Pre,15595.05,636
T1022,West,Test,CAT07,Hardlines,2026-01-19,Pre,14693.18,447
T1022,West,Test,CAT07,Hardlines,2026-01-26,Pre,14901.0,332
T1022,West,Test,CAT07,Hardlines,2026-02-02,Pre,14048.16,451
T1022,West,Test,CAT07,Hardlines,2026-02-09,Pre,15813.12,512
T1022,West,Test,CAT07,Hardlines,2026-02-16,Pre,13173.69,609
T1022,West,Test,CAT07,Hardlines,2026-02-23,Pre,16380.8,605
T1022,West,Test,CAT07,Hardlines,2026-03-02,Pre,17616.1,584
T1022,West,Test,CAT07,Hardlines,2026-03-09,Pre,15291.61,344
T1022,West,Test,CAT07,Hardlines,2026-03-16,Pre,15302.17,837
T1022,West,Test,CAT07,Hardlines,2026-03-23,Pre,13719.45,394
T1022,West,Test,CAT07,Hardlines,2026-03-30,Pre,14841.98,458
T1022,West,Test,CAT07,Hardlines,2026-04-06,Post,16480.69,802
T1022,West,Test,CAT07,Hardlines,2026-04-13,Post,16714.05,616
T1022,West,Test,CAT07,Hardlines,2026-04-20,Post,15784.0,751
T1022,West,Test,CAT07,Hardlines,2026-04-27,Post,16595.11,407
T1022,West,Test,CAT07,Hardlines,2026-05-04,Post,14787.56,691
T1022,West,Test,CAT07,Hardlines,2026-05-11,Post,16217.1,885
T1022,West,Test,CAT07,Hardlines,2026-05-18,Post,17464.48,511
T1022,West,Test,CAT07,Hardlines,2026-05-25,Post,16559.64,377
T1022,West,Test,CAT07,Hardlines,2026-06-01,Post,17795.03,445
T1022,West,Test,CAT07,Hardlines,2026-06-08,Post,17903.34,662
T1022,West,Test,CAT07,Hardlines,2026-06-15,Post,16595.53,606
T1022,West,Test,CAT07,Hardlines,2026-06-22,Post,12609.31,578
T1022,West,Test,CAT07,Hardlines,2026-06-29,Post,17383.05,578
T1022,West,Test,CAT08,Softlines,2026-01-05,Pre,10542.93,469
T1022,West,Test,CAT08,Softlines,2026-01-12,Pre,9518.46,307
T1022,West,Test,CAT08,Softlines,2026-01-19,Pre,10087.53,271
T1022,West,Test,CAT08,Softlines,2026-01-26,Pre,12631.24,665
T1022,West,Test,CAT08,Softlines,2026-02-02,Pre,12138.91,545
T1022,West,Test,CAT08,Softlines,2026-02-09,Pre,11956.77,269
T1022,West,Test,CAT08,Softlines,2026-02-16,Pre,12318.12,462
T1022,West,Test,CAT08,Softlines,2026-02-23,Pre,10331.97,325
T1022,West,Test,CAT08,Softlines,2026-03-02,Pre,11720.09,524
T1022,West,Test,CAT08,Softlines,2026-03-09,Pre,11399.15,548
T1022,West,Test,CAT08,Softlines,2026-03-16,Pre,12122.99,307
T1022,West,Test,CAT08,Softlines,2026-03-23,Pre,12200.47,324
T1022,West,Test,CAT08,Softlines,2026-03-30,Pre,12567.53,489
T1022,West,Test,CAT08,Softlines,2026-04-06,Post,12751.28,283
T1022,West,Test,CAT08,Softlines,2026-04-13,Post,10650.1,495
T1022,West,Test,CAT08,Softlines,2026-04-20,Post,12049.68,538
T1022,West,Test,CAT08,Softlines,2026-04-27,Post,12282.05,345
T1022,West,Test,CAT08,Softlines,2026-05-04,Post,11237.56,293
T1022,West,Test,CAT08,Softlines,2026-05-11,Post,11197.07,533
T1022,West,Test,CAT08,Softlines,2026-05-18,Post,10772.42,255
T1022,West,Test,CAT08,Softlines,2026-05-25,Post,11169.14,347
T1022,West,Test,CAT08,Softlines,2026-06-01,Post,13278.18,721
T1022,West,Test,CAT08,Softlines,2026-06-08,Post,11096.78,310
T1022,West,Test,CAT08,Softlines,2026-06-15,Post,11264.71,366
T1022,West,Test,CAT08,Softlines,2026-06-22,Post,12737.79,430
T1022,West,Test,CAT08,Softlines,2026-06-29,Post,13070.92,352
T1023,West,Control,CAT01,Grocery & Essentials,2026-01-05,Pre,54047.99,1475
T1023,West,Control,CAT01,Grocery & Essentials,2026-01-12,Pre,53618.66,1318
T1023,West,Control,CAT01,Grocery & Essentials,2026-01-19,Pre,52257.3,2844
T1023,West,Control,CAT01,Grocery & Essentials,2026-01-26,Pre,55303.89,1460
T1023,West,Control,CAT01,Grocery & Essentials,2026-02-02,Pre,50710.12,1211
T1023,West,Control,CAT01,Grocery & Essentials,2026-02-09,Pre,50603.14,1266
T1023,West,Control,CAT01,Grocery & Essentials,2026-02-16,Pre,55054.04,1645
T1023,West,Control,CAT01,Grocery & Essentials,2026-02-23,Pre,54862.37,1911
T1023,West,Control,CAT01,Grocery & Essentials,2026-03-02,Pre,55152.86,2302
T1023,West,Control,CAT01,Grocery & Essentials,2026-03-09,Pre,54480.37,1693
T1023,West,Control,CAT01,Grocery & Essentials,2026-03-16,Pre,57602.76,2181
T1023,West,Control,CAT01,Grocery & Essentials,2026-03-23,Pre,56582.32,2507
T1023,West,Control,CAT01,Grocery & Essentials,2026-03-30,Pre,50791.35,1537
T1023,West,Control,CAT01,Grocery & Essentials,2026-04-06,Post,55144.06,1474
T1023,West,Control,CAT01,Grocery & Essentials,2026-04-13,Post,63550.34,1991
T1023,West,Control,CAT01,Grocery & Essentials,2026-04-20,Post,54224.74,2513
T1023,West,Control,CAT01,Grocery & Essentials,2026-04-27,Post,60060.15,1682
T1023,West,Control,CAT01,Grocery & Essentials,2026-05-04,Post,56525.94,1535
T1023,West,Control,CAT01,Grocery & Essentials,2026-05-11,Post,61127.32,2730
T1023,West,Control,CAT01,Grocery & Essentials,2026-05-18,Post,52425.39,1455
T1023,West,Control,CAT01,Grocery & Essentials,2026-05-25,Post,56314.21,2554
T1023,West,Control,CAT01,Grocery & Essentials,2026-06-01,Post,60363.13,1456
T1023,West,Control,CAT01,Grocery & Essentials,2026-06-08,Post,60291.8,3177
T1023,West,Control,CAT01,Grocery & Essentials,2026-06-15,Post,62855.65,2887
T1023,West,Control,CAT01,Grocery & Essentials,2026-06-22,Post,52033.86,1173
T1023,West,Control,CAT01,Grocery & Essentials,2026-06-29,Post,62356.68,1440
T1023,West,Control,CAT02,Apparel & Accessories,2026-01-05,Pre,22313.13,626
T1023,West,Control,CAT02,Apparel & Accessories,2026-01-12,Pre,24838.05,925
T1023,West,Control,CAT02,Apparel & Accessories,2026-01-19,Pre,25179.86,610
T1023,West,Control,CAT02,Apparel & Accessories,2026-01-26,Pre,22154.8,789
T1023,West,Control,CAT02,Apparel & Accessories,2026-02-02,Pre,22485.99,838
T1023,West,Control,CAT02,Apparel & Accessories,2026-02-09,Pre,27557.4,1507
T1023,West,Control,CAT02,Apparel & Accessories,2026-02-16,Pre,23101.43,531
T1023,West,Control,CAT02,Apparel & Accessories,2026-02-23,Pre,25080.97,831
T1023,West,Control,CAT02,Apparel & Accessories,2026-03-02,Pre,23394.38,1169
T1023,West,Control,CAT02,Apparel & Accessories,2026-03-09,Pre,22674.64,1109
T1023,West,Control,CAT02,Apparel & Accessories,2026-03-16,Pre,24582.66,1096
T1023,West,Control,CAT02,Apparel & Accessories,2026-03-23,Pre,23575.8,1288
T1023,West,Control,CAT02,Apparel & Accessories,2026-03-30,Pre,25802.11,1208
T1023,West,Control,CAT02,Apparel & Accessories,2026-04-06,Post,24623.82,589
T1023,West,Control,CAT02,Apparel & Accessories,2026-04-13,Post,27604.21,888
T1023,West,Control,CAT02,Apparel & Accessories,2026-04-20,Post,22711.67,687
T1023,West,Control,CAT02,Apparel & Accessories,2026-04-27,Post,27019.6,713
T1023,West,Control,CAT02,Apparel & Accessories,2026-05-04,Post,25049.93,1301
T1023,West,Control,CAT02,Apparel & Accessories,2026-05-11,Post,25212.23,625
T1023,West,Control,CAT02,Apparel & Accessories,2026-05-18,Post,23214.99,1068
T1023,West,Control,CAT02,Apparel & Accessories,2026-05-25,Post,24812.8,578
T1023,West,Control,CAT02,Apparel & Accessories,2026-06-01,Post,26043.31,1334
T1023,West,Control,CAT02,Apparel & Accessories,2026-06-08,Post,26471.97,730
T1023,West,Control,CAT02,Apparel & Accessories,2026-06-15,Post,22816.71,540
T1023,West,Control,CAT02,Apparel & Accessories,2026-06-22,Post,24965.83,918
T1023,West,Control,CAT02,Apparel & Accessories,2026-06-29,Post,29403.66,1081
T1023,West,Control,CAT03,Home,2026-01-05,Pre,26963.79,685
T1023,West,Control,CAT03,Home,2026-01-12,Pre,30745.4,806
T1023,West,Control,CAT03,Home,2026-01-19,Pre,28372.36,856
T1023,West,Control,CAT03,Home,2026-01-26,Pre,29210.55,897
T1023,West,Control,CAT03,Home,2026-02-02,Pre,26168.24,598
T1023,West,Control,CAT03,Home,2026-02-09,Pre,28903.82,716
T1023,West,Control,CAT03,Home,2026-02-16,Pre,30042.37,1368
T1023,West,Control,CAT03,Home,2026-02-23,Pre,29576.44,1112
T1023,West,Control,CAT03,Home,2026-03-02,Pre,29372.13,1270
T1023,West,Control,CAT03,Home,2026-03-09,Pre,31093.21,850
T1023,West,Control,CAT03,Home,2026-03-16,Pre,27235.15,721
T1023,West,Control,CAT03,Home,2026-03-23,Pre,30730.84,857
T1023,West,Control,CAT03,Home,2026-03-30,Pre,25732.9,746
T1023,West,Control,CAT03,Home,2026-04-06,Post,32849.29,1699
T1023,West,Control,CAT03,Home,2026-04-13,Post,30126.5,1476
T1023,West,Control,CAT03,Home,2026-04-20,Post,32298.67,1178
T1023,West,Control,CAT03,Home,2026-04-27,Post,24750.22,1034
T1023,West,Control,CAT03,Home,2026-05-04,Post,32199.15,1518
T1023,West,Control,CAT03,Home,2026-05-11,Post,29246.93,951
T1023,West,Control,CAT03,Home,2026-05-18,Post,31072.52,724
T1023,West,Control,CAT03,Home,2026-05-25,Post,32598.61,894
T1023,West,Control,CAT03,Home,2026-06-01,Post,31096.54,780
T1023,West,Control,CAT03,Home,2026-06-08,Post,32552.24,839
T1023,West,Control,CAT03,Home,2026-06-15,Post,30768.53,986
T1023,West,Control,CAT03,Home,2026-06-22,Post,34423.72,1032
T1023,West,Control,CAT03,Home,2026-06-29,Post,31375.65,1332
T1023,West,Control,CAT04,Electronics,2026-01-05,Pre,19475.3,703
T1023,West,Control,CAT04,Electronics,2026-01-12,Pre,19578.77,668
T1023,West,Control,CAT04,Electronics,2026-01-19,Pre,19808.1,595
T1023,West,Control,CAT04,Electronics,2026-01-26,Pre,18130.18,546
T1023,West,Control,CAT04,Electronics,2026-02-02,Pre,18637.2,1035
T1023,West,Control,CAT04,Electronics,2026-02-09,Pre,21414.26,580
T1023,West,Control,CAT04,Electronics,2026-02-16,Pre,21273.01,569
T1023,West,Control,CAT04,Electronics,2026-02-23,Pre,21255.78,572
T1023,West,Control,CAT04,Electronics,2026-03-02,Pre,20913.44,556
T1023,West,Control,CAT04,Electronics,2026-03-09,Pre,19633.63,981
T1023,West,Control,CAT04,Electronics,2026-03-16,Pre,19568.23,705
T1023,West,Control,CAT04,Electronics,2026-03-23,Pre,20454.5,530
T1023,West,Control,CAT04,Electronics,2026-03-30,Pre,22247.86,874
T1023,West,Control,CAT04,Electronics,2026-04-06,Post,20958.26,847
T1023,West,Control,CAT04,Electronics,2026-04-13,Post,19304.44,847
T1023,West,Control,CAT04,Electronics,2026-04-20,Post,18710.4,649
T1023,West,Control,CAT04,Electronics,2026-04-27,Post,22154.26,1224
T1023,West,Control,CAT04,Electronics,2026-05-04,Post,23176.47,854
T1023,West,Control,CAT04,Electronics,2026-05-11,Post,18600.68,474
T1023,West,Control,CAT04,Electronics,2026-05-18,Post,22458.46,787
T1023,West,Control,CAT04,Electronics,2026-05-25,Post,21849.52,506
T1023,West,Control,CAT04,Electronics,2026-06-01,Post,20117.22,451
T1023,West,Control,CAT04,Electronics,2026-06-08,Post,21695.62,817
T1023,West,Control,CAT04,Electronics,2026-06-15,Post,19736.03,751
T1023,West,Control,CAT04,Electronics,2026-06-22,Post,21199.95,728
T1023,West,Control,CAT04,Electronics,2026-06-29,Post,21634.23,506
T1023,West,Control,CAT05,Beauty & Personal Care,2026-01-05,Pre,17119.56,388
T1023,West,Control,CAT05,Beauty & Personal Care,2026-01-12,Pre,15483.36,630
T1023,West,Control,CAT05,Beauty & Personal Care,2026-01-19,Pre,15076.78,511
T1023,West,Control,CAT05,Beauty & Personal Care,2026-01-26,Pre,16290.06,629
T1023,West,Control,CAT05,Beauty & Personal Care,2026-02-02,Pre,16612.4,691
T1023,West,Control,CAT05,Beauty & Personal Care,2026-02-09,Pre,15217.78,371
T1023,West,Control,CAT05,Beauty & Personal Care,2026-02-16,Pre,14935.87,541
T1023,West,Control,CAT05,Beauty & Personal Care,2026-02-23,Pre,15080.57,697
T1023,West,Control,CAT05,Beauty & Personal Care,2026-03-02,Pre,17672.03,576
T1023,West,Control,CAT05,Beauty & Personal Care,2026-03-09,Pre,16886.12,378
T1023,West,Control,CAT05,Beauty & Personal Care,2026-03-16,Pre,15964.87,391
T1023,West,Control,CAT05,Beauty & Personal Care,2026-03-23,Pre,17648.01,402
T1023,West,Control,CAT05,Beauty & Personal Care,2026-03-30,Pre,15627.28,679
T1023,West,Control,CAT05,Beauty & Personal Care,2026-04-06,Post,16443.54,390
T1023,West,Control,CAT05,Beauty & Personal Care,2026-04-13,Post,15251.05,712
T1023,West,Control,CAT05,Beauty & Personal Care,2026-04-20,Post,17860.64,465
T1023,West,Control,CAT05,Beauty & Personal Care,2026-04-27,Post,15777.65,576
T1023,West,Control,CAT05,Beauty & Personal Care,2026-05-04,Post,15861.25,440
T1023,West,Control,CAT05,Beauty & Personal Care,2026-05-11,Post,17283.04,512
T1023,West,Control,CAT05,Beauty & Personal Care,2026-05-18,Post,14318.55,581
T1023,West,Control,CAT05,Beauty & Personal Care,2026-05-25,Post,15358.83,445
T1023,West,Control,CAT05,Beauty & Personal Care,2026-06-01,Post,17889.2,431
T1023,West,Control,CAT05,Beauty & Personal Care,2026-06-08,Post,15944.49,502
T1023,West,Control,CAT05,Beauty & Personal Care,2026-06-15,Post,20029.33,541
T1023,West,Control,CAT05,Beauty & Personal Care,2026-06-22,Post,17419.49,930
T1023,West,Control,CAT05,Beauty & Personal Care,2026-06-29,Post,15195.13,454
T1023,West,Control,CAT06,Toys,2026-01-05,Pre,9732.3,261
T1023,West,Control,CAT06,Toys,2026-01-12,Pre,13122.4,479
T1023,West,Control,CAT06,Toys,2026-01-19,Pre,12014.71,271
T1023,West,Control,CAT06,Toys,2026-01-26,Pre,11765.94,295
T1023,West,Control,CAT06,Toys,2026-02-02,Pre,12106.96,503
T1023,West,Control,CAT06,Toys,2026-02-09,Pre,10561.66,442
T1023,West,Control,CAT06,Toys,2026-02-16,Pre,12031.75,493
T1023,West,Control,CAT06,Toys,2026-02-23,Pre,11352.96,405
T1023,West,Control,CAT06,Toys,2026-03-02,Pre,12073.15,424
T1023,West,Control,CAT06,Toys,2026-03-09,Pre,11801.86,357
T1023,West,Control,CAT06,Toys,2026-03-16,Pre,12347.73,534
T1023,West,Control,CAT06,Toys,2026-03-23,Pre,12018.99,350
T1023,West,Control,CAT06,Toys,2026-03-30,Pre,11885.48,450
T1023,West,Control,CAT06,Toys,2026-04-06,Post,11529.29,296
T1023,West,Control,CAT06,Toys,2026-04-13,Post,10968.06,593
T1023,West,Control,CAT06,Toys,2026-04-20,Post,10846.85,379
T1023,West,Control,CAT06,Toys,2026-04-27,Post,11375.03,347
T1023,West,Control,CAT06,Toys,2026-05-04,Post,13144.26,474
T1023,West,Control,CAT06,Toys,2026-05-11,Post,11702.67,465
T1023,West,Control,CAT06,Toys,2026-05-18,Post,12061.39,364
T1023,West,Control,CAT06,Toys,2026-05-25,Post,12114.07,394
T1023,West,Control,CAT06,Toys,2026-06-01,Post,12362.24,397
T1023,West,Control,CAT06,Toys,2026-06-08,Post,13220.83,365
T1023,West,Control,CAT06,Toys,2026-06-15,Post,12563.01,541
T1023,West,Control,CAT06,Toys,2026-06-22,Post,13665.99,680
T1023,West,Control,CAT06,Toys,2026-06-29,Post,11769.27,298
T1023,West,Control,CAT07,Hardlines,2026-01-05,Pre,19245.58,611
T1023,West,Control,CAT07,Hardlines,2026-01-12,Pre,20223.07,830
T1023,West,Control,CAT07,Hardlines,2026-01-19,Pre,18407.02,876
T1023,West,Control,CAT07,Hardlines,2026-01-26,Pre,17098.74,454
T1023,West,Control,CAT07,Hardlines,2026-02-02,Pre,19231.76,578
T1023,West,Control,CAT07,Hardlines,2026-02-09,Pre,18649.21,581
T1023,West,Control,CAT07,Hardlines,2026-02-16,Pre,19134.99,525
T1023,West,Control,CAT07,Hardlines,2026-02-23,Pre,19981.57,1074
T1023,West,Control,CAT07,Hardlines,2026-03-02,Pre,18368.77,475
T1023,West,Control,CAT07,Hardlines,2026-03-09,Pre,18234.57,518
T1023,West,Control,CAT07,Hardlines,2026-03-16,Pre,22603.1,1033
T1023,West,Control,CAT07,Hardlines,2026-03-23,Pre,19780.04,542
T1023,West,Control,CAT07,Hardlines,2026-03-30,Pre,20623.63,614
T1023,West,Control,CAT07,Hardlines,2026-04-06,Post,20360.52,574
T1023,West,Control,CAT07,Hardlines,2026-04-13,Post,20800.23,1068
T1023,West,Control,CAT07,Hardlines,2026-04-20,Post,19855.38,469
T1023,West,Control,CAT07,Hardlines,2026-04-27,Post,20766.81,482
T1023,West,Control,CAT07,Hardlines,2026-05-04,Post,18630.62,588
T1023,West,Control,CAT07,Hardlines,2026-05-11,Post,17289.85,730
T1023,West,Control,CAT07,Hardlines,2026-05-18,Post,18431.3,519
T1023,West,Control,CAT07,Hardlines,2026-05-25,Post,19540.75,616
T1023,West,Control,CAT07,Hardlines,2026-06-01,Post,19431.41,903
T1023,West,Control,CAT07,Hardlines,2026-06-08,Post,19900.43,754
T1023,West,Control,CAT07,Hardlines,2026-06-15,Post,18971.74,617
T1023,West,Control,CAT07,Hardlines,2026-06-22,Post,17165.35,928
T1023,West,Control,CAT07,Hardlines,2026-06-29,Post,19541.09,863
T1023,West,Control,CAT08,Softlines,2026-01-05,Pre,12962.46,440
T1023,West,Control,CAT08,Softlines,2026-01-12,Pre,14385.52,415
T1023,West,Control,CAT08,Softlines,2026-01-19,Pre,14885.32,708
T1023,West,Control,CAT08,Softlines,2026-01-26,Pre,14106.42,478
T1023,West,Control,CAT08,Softlines,2026-02-02,Pre,13430.07,741
T1023,West,Control,CAT08,Softlines,2026-02-09,Pre,14710.84,573
T1023,West,Control,CAT08,Softlines,2026-02-16,Pre,17566.61,674
T1023,West,Control,CAT08,Softlines,2026-02-23,Pre,15302.77,358
T1023,West,Control,CAT08,Softlines,2026-03-02,Pre,15443.62,525
T1023,West,Control,CAT08,Softlines,2026-03-09,Pre,14335.8,506
T1023,West,Control,CAT08,Softlines,2026-03-16,Pre,14068.27,405
T1023,West,Control,CAT08,Softlines,2026-03-23,Pre,16160.07,851
T1023,West,Control,CAT08,Softlines,2026-03-30,Pre,12569.03,620
T1023,West,Control,CAT08,Softlines,2026-04-06,Post,14329.63,563
T1023,West,Control,CAT08,Softlines,2026-04-13,Post,16990.27,402
T1023,West,Control,CAT08,Softlines,2026-04-20,Post,15122.6,648
T1023,West,Control,CAT08,Softlines,2026-04-27,Post,13598.0,348
T1023,West,Control,CAT08,Softlines,2026-05-04,Post,15804.4,695
T1023,West,Control,CAT08,Softlines,2026-05-11,Post,14949.5,428
T1023,West,Control,CAT08,Softlines,2026-05-18,Post,13531.38,377
T1023,West,Control,CAT08,Softlines,2026-05-25,Post,15762.24,425
T1023,West,Control,CAT08,Softlines,2026-06-01,Post,15652.05,379
T1023,West,Control,CAT08,Softlines,2026-06-08,Post,15645.84,668
T1023,West,Control,CAT08,Softlines,2026-06-15,Post,16238.87,652
T1023,West,Control,CAT08,Softlines,2026-06-22,Post,14422.04,430
T1023,West,Control,CAT08,Softlines,2026-06-29,Post,16166.92,398
T1024,South,Test,CAT01,Grocery & Essentials,2026-01-05,Pre,59875.04,1927
T1024,South,Test,CAT01,Grocery & Essentials,2026-01-12,Pre,57938.7,2484
T1024,South,Test,CAT01,Grocery & Essentials,2026-01-19,Pre,57883.8,1306
T1024,South,Test,CAT01,Grocery & Essentials,2026-01-26,Pre,59456.2,1505
T1024,South,Test,CAT01,Grocery & Essentials,2026-02-02,Pre,55692.74,2222
T1024,South,Test,CAT01,Grocery & Essentials,2026-02-09,Pre,57302.68,2668
T1024,South,Test,CAT01,Grocery & Essentials,2026-02-16,Pre,62752.2,1399
T1024,South,Test,CAT01,Grocery & Essentials,2026-02-23,Pre,58360.6,2349
T1024,South,Test,CAT01,Grocery & Essentials,2026-03-02,Pre,52849.99,1210
T1024,South,Test,CAT01,Grocery & Essentials,2026-03-09,Pre,55712.88,1316
T1024,South,Test,CAT01,Grocery & Essentials,2026-03-16,Pre,66540.49,2438
T1024,South,Test,CAT01,Grocery & Essentials,2026-03-23,Pre,61520.87,1716
T1024,South,Test,CAT01,Grocery & Essentials,2026-03-30,Pre,58684.72,2104
T1024,South,Test,CAT01,Grocery & Essentials,2026-04-06,Post,62942.11,2782
T1024,South,Test,CAT01,Grocery & Essentials,2026-04-13,Post,53959.29,1386
T1024,South,Test,CAT01,Grocery & Essentials,2026-04-20,Post,59814.06,1771
T1024,South,Test,CAT01,Grocery & Essentials,2026-04-27,Post,62083.83,3361
T1024,South,Test,CAT01,Grocery & Essentials,2026-05-04,Post,62749.55,1911
T1024,South,Test,CAT01,Grocery & Essentials,2026-05-11,Post,58142.97,2596
T1024,South,Test,CAT01,Grocery & Essentials,2026-05-18,Post,58830.81,1373
T1024,South,Test,CAT01,Grocery & Essentials,2026-05-25,Post,58902.33,2995
T1024,South,Test,CAT01,Grocery & Essentials,2026-06-01,Post,60202.44,1767
T1024,South,Test,CAT01,Grocery & Essentials,2026-06-08,Post,69329.87,1632
T1024,South,Test,CAT01,Grocery & Essentials,2026-06-15,Post,49212.86,1589
T1024,South,Test,CAT01,Grocery & Essentials,2026-06-22,Post,60602.03,2039
T1024,South,Test,CAT01,Grocery & Essentials,2026-06-29,Post,59746.89,1677
T1024,South,Test,CAT02,Apparel & Accessories,2026-01-05,Pre,26483.11,834
T1024,South,Test,CAT02,Apparel & Accessories,2026-01-12,Pre,26565.85,1344
T1024,South,Test,CAT02,Apparel & Accessories,2026-01-19,Pre,23943.02,640
T1024,South,Test,CAT02,Apparel & Accessories,2026-01-26,Pre,25535.78,931
T1024,South,Test,CAT02,Apparel & Accessories,2026-02-02,Pre,26388.14,677
T1024,South,Test,CAT02,Apparel & Accessories,2026-02-09,Pre,25067.82,571
T1024,South,Test,CAT02,Apparel & Accessories,2026-02-16,Pre,24193.01,785
T1024,South,Test,CAT02,Apparel & Accessories,2026-02-23,Pre,23549.71,605
T1024,South,Test,CAT02,Apparel & Accessories,2026-03-02,Pre,26216.88,643
T1024,South,Test,CAT02,Apparel & Accessories,2026-03-09,Pre,22765.0,794
T1024,South,Test,CAT02,Apparel & Accessories,2026-03-16,Pre,24617.16,760
T1024,South,Test,CAT02,Apparel & Accessories,2026-03-23,Pre,24409.78,1026
T1024,South,Test,CAT02,Apparel & Accessories,2026-03-30,Pre,22929.04,1216
T1024,South,Test,CAT02,Apparel & Accessories,2026-04-06,Post,25252.46,589
T1024,South,Test,CAT02,Apparel & Accessories,2026-04-13,Post,25172.39,1260
T1024,South,Test,CAT02,Apparel & Accessories,2026-04-20,Post,23924.97,587
T1024,South,Test,CAT02,Apparel & Accessories,2026-04-27,Post,28096.76,877
T1024,South,Test,CAT02,Apparel & Accessories,2026-05-04,Post,27145.12,1170
T1024,South,Test,CAT02,Apparel & Accessories,2026-05-11,Post,25962.21,876
T1024,South,Test,CAT02,Apparel & Accessories,2026-05-18,Post,27644.34,683
T1024,South,Test,CAT02,Apparel & Accessories,2026-05-25,Post,28210.8,652
T1024,South,Test,CAT02,Apparel & Accessories,2026-06-01,Post,28721.91,900
T1024,South,Test,CAT02,Apparel & Accessories,2026-06-08,Post,25018.95,868
T1024,South,Test,CAT02,Apparel & Accessories,2026-06-15,Post,28054.61,773
T1024,South,Test,CAT02,Apparel & Accessories,2026-06-22,Post,26133.58,889
T1024,South,Test,CAT02,Apparel & Accessories,2026-06-29,Post,26967.85,1325
T1024,South,Test,CAT03,Home,2026-01-05,Pre,28203.06,965
T1024,South,Test,CAT03,Home,2026-01-12,Pre,29620.37,965
T1024,South,Test,CAT03,Home,2026-01-19,Pre,31684.92,868
T1024,South,Test,CAT03,Home,2026-01-26,Pre,33376.63,754
T1024,South,Test,CAT03,Home,2026-02-02,Pre,29767.18,888
T1024,South,Test,CAT03,Home,2026-02-09,Pre,28200.6,708
T1024,South,Test,CAT03,Home,2026-02-16,Pre,34151.96,1155
T1024,South,Test,CAT03,Home,2026-02-23,Pre,28814.07,951
T1024,South,Test,CAT03,Home,2026-03-02,Pre,26933.35,875
T1024,South,Test,CAT03,Home,2026-03-09,Pre,29378.36,695
T1024,South,Test,CAT03,Home,2026-03-16,Pre,25952.23,673
T1024,South,Test,CAT03,Home,2026-03-23,Pre,33208.1,1566
T1024,South,Test,CAT03,Home,2026-03-30,Pre,26974.15,624
T1024,South,Test,CAT03,Home,2026-04-06,Post,29350.15,757
T1024,South,Test,CAT03,Home,2026-04-13,Post,28659.94,1232
T1024,South,Test,CAT03,Home,2026-04-20,Post,31550.02,1445
T1024,South,Test,CAT03,Home,2026-04-27,Post,35092.94,1243
T1024,South,Test,CAT03,Home,2026-05-04,Post,32579.62,897
T1024,South,Test,CAT03,Home,2026-05-11,Post,28758.55,737
T1024,South,Test,CAT03,Home,2026-05-18,Post,36816.92,1231
T1024,South,Test,CAT03,Home,2026-05-25,Post,32663.54,971
T1024,South,Test,CAT03,Home,2026-06-01,Post,34218.17,939
T1024,South,Test,CAT03,Home,2026-06-08,Post,28743.58,1457
T1024,South,Test,CAT03,Home,2026-06-15,Post,36837.05,1070
T1024,South,Test,CAT03,Home,2026-06-22,Post,31495.17,1209
T1024,South,Test,CAT03,Home,2026-06-29,Post,28893.11,822
T1024,South,Test,CAT04,Electronics,2026-01-05,Pre,20461.56,1025
T1024,South,Test,CAT04,Electronics,2026-01-12,Pre,21607.99,513
T1024,South,Test,CAT04,Electronics,2026-01-19,Pre,21187.74,803
T1024,South,Test,CAT04,Electronics,2026-01-26,Pre,21244.61,524
T1024,South,Test,CAT04,Electronics,2026-02-02,Pre,21216.94,478
T1024,South,Test,CAT04,Electronics,2026-02-09,Pre,20736.14,777
T1024,South,Test,CAT04,Electronics,2026-02-16,Pre,18440.23,460
T1024,South,Test,CAT04,Electronics,2026-02-23,Pre,20405.43,841
T1024,South,Test,CAT04,Electronics,2026-03-02,Pre,20284.88,676
T1024,South,Test,CAT04,Electronics,2026-03-09,Pre,22882.08,1045
T1024,South,Test,CAT04,Electronics,2026-03-16,Pre,22557.64,893
T1024,South,Test,CAT04,Electronics,2026-03-23,Pre,20330.31,528
T1024,South,Test,CAT04,Electronics,2026-03-30,Pre,22285.89,721
T1024,South,Test,CAT04,Electronics,2026-04-06,Post,22997.01,513
T1024,South,Test,CAT04,Electronics,2026-04-13,Post,22335.46,641
T1024,South,Test,CAT04,Electronics,2026-04-20,Post,25044.01,1095
T1024,South,Test,CAT04,Electronics,2026-04-27,Post,25535.94,646
T1024,South,Test,CAT04,Electronics,2026-05-04,Post,23382.26,536
T1024,South,Test,CAT04,Electronics,2026-05-11,Post,27526.19,719
T1024,South,Test,CAT04,Electronics,2026-05-18,Post,26120.86,830
T1024,South,Test,CAT04,Electronics,2026-05-25,Post,23235.84,568
T1024,South,Test,CAT04,Electronics,2026-06-01,Post,23039.98,570
T1024,South,Test,CAT04,Electronics,2026-06-08,Post,26831.13,601
T1024,South,Test,CAT04,Electronics,2026-06-15,Post,24270.6,622
T1024,South,Test,CAT04,Electronics,2026-06-22,Post,24450.11,712
T1024,South,Test,CAT04,Electronics,2026-06-29,Post,24793.51,641
T1024,South,Test,CAT05,Beauty & Personal Care,2026-01-05,Pre,15921.4,728
T1024,South,Test,CAT05,Beauty & Personal Care,2026-01-12,Pre,15667.56,684
T1024,South,Test,CAT05,Beauty & Personal Care,2026-01-19,Pre,16600.55,373
T1024,South,Test,CAT05,Beauty & Personal Care,2026-01-26,Pre,17912.14,505
T1024,South,Test,CAT05,Beauty & Personal Care,2026-02-02,Pre,15861.64,392
T1024,South,Test,CAT05,Beauty & Personal Care,2026-02-09,Pre,17047.55,542
T1024,South,Test,CAT05,Beauty & Personal Care,2026-02-16,Pre,16933.92,489
T1024,South,Test,CAT05,Beauty & Personal Care,2026-02-23,Pre,16977.15,535
T1024,South,Test,CAT05,Beauty & Personal Care,2026-03-02,Pre,16401.04,887
T1024,South,Test,CAT05,Beauty & Personal Care,2026-03-09,Pre,17380.12,766
T1024,South,Test,CAT05,Beauty & Personal Care,2026-03-16,Pre,17197.04,908
T1024,South,Test,CAT05,Beauty & Personal Care,2026-03-23,Pre,16511.24,369
T1024,South,Test,CAT05,Beauty & Personal Care,2026-03-30,Pre,18935.1,505
T1024,South,Test,CAT05,Beauty & Personal Care,2026-04-06,Post,18180.45,466
T1024,South,Test,CAT05,Beauty & Personal Care,2026-04-13,Post,17455.49,545
T1024,South,Test,CAT05,Beauty & Personal Care,2026-04-20,Post,16210.7,436
T1024,South,Test,CAT05,Beauty & Personal Care,2026-04-27,Post,19305.26,773
T1024,South,Test,CAT05,Beauty & Personal Care,2026-05-04,Post,18647.94,671
T1024,South,Test,CAT05,Beauty & Personal Care,2026-05-11,Post,16852.05,449
T1024,South,Test,CAT05,Beauty & Personal Care,2026-05-18,Post,17470.67,402
T1024,South,Test,CAT05,Beauty & Personal Care,2026-05-25,Post,17253.58,920
T1024,South,Test,CAT05,Beauty & Personal Care,2026-06-01,Post,16932.39,435
T1024,South,Test,CAT05,Beauty & Personal Care,2026-06-08,Post,17396.32,553
T1024,South,Test,CAT05,Beauty & Personal Care,2026-06-15,Post,15405.62,522
T1024,South,Test,CAT05,Beauty & Personal Care,2026-06-22,Post,17424.93,658
T1024,South,Test,CAT05,Beauty & Personal Care,2026-06-29,Post,17457.94,479
T1024,South,Test,CAT06,Toys,2026-01-05,Pre,12754.93,360
T1024,South,Test,CAT06,Toys,2026-01-12,Pre,13120.09,322
T1024,South,Test,CAT06,Toys,2026-01-19,Pre,12935.64,300
T1024,South,Test,CAT06,Toys,2026-01-26,Pre,12710.13,552
T1024,South,Test,CAT06,Toys,2026-02-02,Pre,11629.32,488
T1024,South,Test,CAT06,Toys,2026-02-09,Pre,10628.82,302
T1024,South,Test,CAT06,Toys,2026-02-16,Pre,12689.95,513
T1024,South,Test,CAT06,Toys,2026-02-23,Pre,13392.92,338
T1024,South,Test,CAT06,Toys,2026-03-02,Pre,13711.11,725
T1024,South,Test,CAT06,Toys,2026-03-09,Pre,11637.54,395
T1024,South,Test,CAT06,Toys,2026-03-16,Pre,13217.04,599
T1024,South,Test,CAT06,Toys,2026-03-23,Pre,11394.06,271
T1024,South,Test,CAT06,Toys,2026-03-30,Pre,11830.66,310
T1024,South,Test,CAT06,Toys,2026-04-06,Post,12406.52,406
T1024,South,Test,CAT06,Toys,2026-04-13,Post,10912.98,436
T1024,South,Test,CAT06,Toys,2026-04-20,Post,14155.12,373
T1024,South,Test,CAT06,Toys,2026-04-27,Post,12772.24,678
T1024,South,Test,CAT06,Toys,2026-05-04,Post,12344.2,284
T1024,South,Test,CAT06,Toys,2026-05-11,Post,11833.25,368
T1024,South,Test,CAT06,Toys,2026-05-18,Post,13533.64,616
T1024,South,Test,CAT06,Toys,2026-05-25,Post,12192.49,531
T1024,South,Test,CAT06,Toys,2026-06-01,Post,13831.62,318
T1024,South,Test,CAT06,Toys,2026-06-08,Post,12011.09,578
T1024,South,Test,CAT06,Toys,2026-06-15,Post,13762.05,418
T1024,South,Test,CAT06,Toys,2026-06-22,Post,14040.46,543
T1024,South,Test,CAT06,Toys,2026-06-29,Post,12488.82,516
T1024,South,Test,CAT07,Hardlines,2026-01-05,Pre,18151.74,636
T1024,South,Test,CAT07,Hardlines,2026-01-12,Pre,16901.9,646
T1024,South,Test,CAT07,Hardlines,2026-01-19,Pre,20379.3,982
T1024,South,Test,CAT07,Hardlines,2026-01-26,Pre,20199.46,530
T1024,South,Test,CAT07,Hardlines,2026-02-02,Pre,18434.18,732
T1024,South,Test,CAT07,Hardlines,2026-02-09,Pre,21610.38,492
T1024,South,Test,CAT07,Hardlines,2026-02-16,Pre,20244.73,882
T1024,South,Test,CAT07,Hardlines,2026-02-23,Pre,18431.65,719
T1024,South,Test,CAT07,Hardlines,2026-03-02,Pre,19680.77,537
T1024,South,Test,CAT07,Hardlines,2026-03-09,Pre,18939.88,548
T1024,South,Test,CAT07,Hardlines,2026-03-16,Pre,20357.13,528
T1024,South,Test,CAT07,Hardlines,2026-03-23,Pre,19870.21,751
T1024,South,Test,CAT07,Hardlines,2026-03-30,Pre,20859.71,775
T1024,South,Test,CAT07,Hardlines,2026-04-06,Post,21999.37,805
T1024,South,Test,CAT07,Hardlines,2026-04-13,Post,20886.12,980
T1024,South,Test,CAT07,Hardlines,2026-04-20,Post,18586.82,477
T1024,South,Test,CAT07,Hardlines,2026-04-27,Post,20177.3,820
T1024,South,Test,CAT07,Hardlines,2026-05-04,Post,20865.73,877
T1024,South,Test,CAT07,Hardlines,2026-05-11,Post,21059.77,567
T1024,South,Test,CAT07,Hardlines,2026-05-18,Post,19188.56,484
T1024,South,Test,CAT07,Hardlines,2026-05-25,Post,20175.11,667
T1024,South,Test,CAT07,Hardlines,2026-06-01,Post,21331.69,620
T1024,South,Test,CAT07,Hardlines,2026-06-08,Post,18916.87,448
T1024,South,Test,CAT07,Hardlines,2026-06-15,Post,20095.91,573
T1024,South,Test,CAT07,Hardlines,2026-06-22,Post,21948.39,605
T1024,South,Test,CAT07,Hardlines,2026-06-29,Post,22804.99,798
T1024,South,Test,CAT08,Softlines,2026-01-05,Pre,14722.62,564
T1024,South,Test,CAT08,Softlines,2026-01-12,Pre,13087.34,399
T1024,South,Test,CAT08,Softlines,2026-01-19,Pre,14618.58,773
T1024,South,Test,CAT08,Softlines,2026-01-26,Pre,15728.58,427
T1024,South,Test,CAT08,Softlines,2026-02-02,Pre,14099.96,465
T1024,South,Test,CAT08,Softlines,2026-02-09,Pre,15441.29,385
T1024,South,Test,CAT08,Softlines,2026-02-16,Pre,15058.6,335
T1024,South,Test,CAT08,Softlines,2026-02-23,Pre,16249.85,669
T1024,South,Test,CAT08,Softlines,2026-03-02,Pre,17063.31,630
T1024,South,Test,CAT08,Softlines,2026-03-09,Pre,15206.95,729
T1024,South,Test,CAT08,Softlines,2026-03-16,Pre,16568.82,392
T1024,South,Test,CAT08,Softlines,2026-03-23,Pre,13909.04,433
T1024,South,Test,CAT08,Softlines,2026-03-30,Pre,18951.68,672
T1024,South,Test,CAT08,Softlines,2026-04-06,Post,14797.73,571
T1024,South,Test,CAT08,Softlines,2026-04-13,Post,17611.28,424
T1024,South,Test,CAT08,Softlines,2026-04-20,Post,17276.54,473
T1024,South,Test,CAT08,Softlines,2026-04-27,Post,17172.2,658
T1024,South,Test,CAT08,Softlines,2026-05-04,Post,16026.14,860
T1024,South,Test,CAT08,Softlines,2026-05-11,Post,17444.3,779
T1024,South,Test,CAT08,Softlines,2026-05-18,Post,15265.47,528
T1024,South,Test,CAT08,Softlines,2026-05-25,Post,14143.45,574
T1024,South,Test,CAT08,Softlines,2026-06-01,Post,17019.12,468
T1024,South,Test,CAT08,Softlines,2026-06-08,Post,15847.13,397
T1024,South,Test,CAT08,Softlines,2026-06-15,Post,17786.27,478
T1024,South,Test,CAT08,Softlines,2026-06-22,Post,18455.92,516
T1024,South,Test,CAT08,Softlines,2026-06-29,Post,16665.83,386
T1025,Northeast,Test,CAT01,Grocery & Essentials,2026-01-05,Pre,48227.68,1391
T1025,Northeast,Test,CAT01,Grocery & Essentials,2026-01-12,Pre,43521.09,2414
T1025,Northeast,Test,CAT01,Grocery & Essentials,2026-01-19,Pre,43045.39,1208
T1025,Northeast,Test,CAT01,Grocery & Essentials,2026-01-26,Pre,51635.13,1846
T1025,Northeast,Test,CAT01,Grocery & Essentials,2026-02-02,Pre,43721.15,1907
T1025,Northeast,Test,CAT01,Grocery & Essentials,2026-02-09,Pre,41985.28,980
T1025,Northeast,Test,CAT01,Grocery & Essentials,2026-02-16,Pre,45478.39,1640
T1025,Northeast,Test,CAT01,Grocery & Essentials,2026-02-23,Pre,46796.22,1190
T1025,Northeast,Test,CAT01,Grocery & Essentials,2026-03-02,Pre,49794.29,1573
T1025,Northeast,Test,CAT01,Grocery & Essentials,2026-03-09,Pre,45608.36,2136
T1025,Northeast,Test,CAT01,Grocery & Essentials,2026-03-16,Pre,45758.07,1319
T1025,Northeast,Test,CAT01,Grocery & Essentials,2026-03-23,Pre,47213.4,1102
T1025,Northeast,Test,CAT01,Grocery & Essentials,2026-03-30,Pre,45583.3,1057
T1025,Northeast,Test,CAT01,Grocery & Essentials,2026-04-06,Post,42707.87,1410
T1025,Northeast,Test,CAT01,Grocery & Essentials,2026-04-13,Post,43696.76,995
T1025,Northeast,Test,CAT01,Grocery & Essentials,2026-04-20,Post,52109.01,1299
T1025,Northeast,Test,CAT01,Grocery & Essentials,2026-04-27,Post,50513.85,2133
T1025,Northeast,Test,CAT01,Grocery & Essentials,2026-05-04,Post,48183.31,1111
T1025,Northeast,Test,CAT01,Grocery & Essentials,2026-05-11,Post,50258.77,1307
T1025,Northeast,Test,CAT01,Grocery & Essentials,2026-05-18,Post,51192.7,1158
T1025,Northeast,Test,CAT01,Grocery & Essentials,2026-05-25,Post,46641.18,1413
T1025,Northeast,Test,CAT01,Grocery & Essentials,2026-06-01,Post,45508.32,1018
T1025,Northeast,Test,CAT01,Grocery & Essentials,2026-06-08,Post,53068.56,2300
T1025,Northeast,Test,CAT01,Grocery & Essentials,2026-06-15,Post,41980.81,1146
T1025,Northeast,Test,CAT01,Grocery & Essentials,2026-06-22,Post,51442.11,2385
T1025,Northeast,Test,CAT01,Grocery & Essentials,2026-06-29,Post,50350.71,1157
T1025,Northeast,Test,CAT02,Apparel & Accessories,2026-01-05,Pre,20747.78,717
T1025,Northeast,Test,CAT02,Apparel & Accessories,2026-01-12,Pre,20248.56,482
T1025,Northeast,Test,CAT02,Apparel & Accessories,2026-01-19,Pre,20244.35,702
T1025,Northeast,Test,CAT02,Apparel & Accessories,2026-01-26,Pre,18331.42,717
T1025,Northeast,Test,CAT02,Apparel & Accessories,2026-02-02,Pre,20773.08,867
T1025,Northeast,Test,CAT02,Apparel & Accessories,2026-02-09,Pre,20335.61,605
T1025,Northeast,Test,CAT02,Apparel & Accessories,2026-02-16,Pre,18710.92,738
T1025,Northeast,Test,CAT02,Apparel & Accessories,2026-02-23,Pre,20179.15,927
T1025,Northeast,Test,CAT02,Apparel & Accessories,2026-03-02,Pre,18419.88,767
T1025,Northeast,Test,CAT02,Apparel & Accessories,2026-03-09,Pre,17121.79,380
T1025,Northeast,Test,CAT02,Apparel & Accessories,2026-03-16,Pre,19909.85,471
T1025,Northeast,Test,CAT02,Apparel & Accessories,2026-03-23,Pre,23509.85,630
T1025,Northeast,Test,CAT02,Apparel & Accessories,2026-03-30,Pre,18912.24,826
T1025,Northeast,Test,CAT02,Apparel & Accessories,2026-04-06,Post,18290.6,453
T1025,Northeast,Test,CAT02,Apparel & Accessories,2026-04-13,Post,18742.65,485
T1025,Northeast,Test,CAT02,Apparel & Accessories,2026-04-20,Post,20272.67,476
T1025,Northeast,Test,CAT02,Apparel & Accessories,2026-04-27,Post,21569.38,1128
T1025,Northeast,Test,CAT02,Apparel & Accessories,2026-05-04,Post,20742.36,469
T1025,Northeast,Test,CAT02,Apparel & Accessories,2026-05-11,Post,18812.9,885
T1025,Northeast,Test,CAT02,Apparel & Accessories,2026-05-18,Post,21792.26,614
T1025,Northeast,Test,CAT02,Apparel & Accessories,2026-05-25,Post,18182.02,434
T1025,Northeast,Test,CAT02,Apparel & Accessories,2026-06-01,Post,19164.13,467
T1025,Northeast,Test,CAT02,Apparel & Accessories,2026-06-08,Post,20223.38,784
T1025,Northeast,Test,CAT02,Apparel & Accessories,2026-06-15,Post,22767.45,681
T1025,Northeast,Test,CAT02,Apparel & Accessories,2026-06-22,Post,21345.39,738
T1025,Northeast,Test,CAT02,Apparel & Accessories,2026-06-29,Post,21482.21,588
T1025,Northeast,Test,CAT03,Home,2026-01-05,Pre,21473.84,496
T1025,Northeast,Test,CAT03,Home,2026-01-12,Pre,22963.32,592
T1025,Northeast,Test,CAT03,Home,2026-01-19,Pre,25404.05,680
T1025,Northeast,Test,CAT03,Home,2026-01-26,Pre,24546.66,608
T1025,Northeast,Test,CAT03,Home,2026-02-02,Pre,25215.71,582
T1025,Northeast,Test,CAT03,Home,2026-02-09,Pre,24093.6,959
T1025,Northeast,Test,CAT03,Home,2026-02-16,Pre,25827.79,798
T1025,Northeast,Test,CAT03,Home,2026-02-23,Pre,22065.5,517
T1025,Northeast,Test,CAT03,Home,2026-03-02,Pre,24082.9,794
T1025,Northeast,Test,CAT03,Home,2026-03-09,Pre,25389.49,620
T1025,Northeast,Test,CAT03,Home,2026-03-16,Pre,21815.48,812
T1025,Northeast,Test,CAT03,Home,2026-03-23,Pre,20329.39,790
T1025,Northeast,Test,CAT03,Home,2026-03-30,Pre,28011.1,705
T1025,Northeast,Test,CAT03,Home,2026-04-06,Post,25065.67,832
T1025,Northeast,Test,CAT03,Home,2026-04-13,Post,21999.3,885
T1025,Northeast,Test,CAT03,Home,2026-04-20,Post,25211.09,905
T1025,Northeast,Test,CAT03,Home,2026-04-27,Post,23013.74,785
T1025,Northeast,Test,CAT03,Home,2026-05-04,Post,23644.37,622
T1025,Northeast,Test,CAT03,Home,2026-05-11,Post,27385.54,1098
T1025,Northeast,Test,CAT03,Home,2026-05-18,Post,24486.32,1212
T1025,Northeast,Test,CAT03,Home,2026-05-25,Post,24563.63,731
T1025,Northeast,Test,CAT03,Home,2026-06-01,Post,23394.76,914
T1025,Northeast,Test,CAT03,Home,2026-06-08,Post,25113.49,919
T1025,Northeast,Test,CAT03,Home,2026-06-15,Post,26136.58,881
T1025,Northeast,Test,CAT03,Home,2026-06-22,Post,24939.49,876
T1025,Northeast,Test,CAT03,Home,2026-06-29,Post,29980.93,1416
T1025,Northeast,Test,CAT04,Electronics,2026-01-05,Pre,14952.63,557
T1025,Northeast,Test,CAT04,Electronics,2026-01-12,Pre,15006.42,566
T1025,Northeast,Test,CAT04,Electronics,2026-01-19,Pre,15819.01,493
T1025,Northeast,Test,CAT04,Electronics,2026-01-26,Pre,18621.34,485
T1025,Northeast,Test,CAT04,Electronics,2026-02-02,Pre,17213.01,471
T1025,Northeast,Test,CAT04,Electronics,2026-02-09,Pre,15788.68,425
T1025,Northeast,Test,CAT04,Electronics,2026-02-16,Pre,15548.02,345
T1025,Northeast,Test,CAT04,Electronics,2026-02-23,Pre,15913.41,468
T1025,Northeast,Test,CAT04,Electronics,2026-03-02,Pre,15391.0,453
T1025,Northeast,Test,CAT04,Electronics,2026-03-09,Pre,16225.37,664
T1025,Northeast,Test,CAT04,Electronics,2026-03-16,Pre,16515.35,587
T1025,Northeast,Test,CAT04,Electronics,2026-03-23,Pre,17627.9,440
T1025,Northeast,Test,CAT04,Electronics,2026-03-30,Pre,17419.67,481
T1025,Northeast,Test,CAT04,Electronics,2026-04-06,Post,18623.81,452
T1025,Northeast,Test,CAT04,Electronics,2026-04-13,Post,17968.98,520
T1025,Northeast,Test,CAT04,Electronics,2026-04-20,Post,17625.62,445
T1025,Northeast,Test,CAT04,Electronics,2026-04-27,Post,21924.97,789
T1025,Northeast,Test,CAT04,Electronics,2026-05-04,Post,19419.73,929
T1025,Northeast,Test,CAT04,Electronics,2026-05-11,Post,20755.59,659
T1025,Northeast,Test,CAT04,Electronics,2026-05-18,Post,19538.03,652
T1025,Northeast,Test,CAT04,Electronics,2026-05-25,Post,20235.55,615
T1025,Northeast,Test,CAT04,Electronics,2026-06-01,Post,22776.8,520
T1025,Northeast,Test,CAT04,Electronics,2026-06-08,Post,19440.41,809
T1025,Northeast,Test,CAT04,Electronics,2026-06-15,Post,17224.9,703
T1025,Northeast,Test,CAT04,Electronics,2026-06-22,Post,20304.83,458
T1025,Northeast,Test,CAT04,Electronics,2026-06-29,Post,19468.33,471
T1025,Northeast,Test,CAT05,Beauty & Personal Care,2026-01-05,Pre,13305.4,430
T1025,Northeast,Test,CAT05,Beauty & Personal Care,2026-01-12,Pre,12538.94,467
T1025,Northeast,Test,CAT05,Beauty & Personal Care,2026-01-19,Pre,13669.37,365
T1025,Northeast,Test,CAT05,Beauty & Personal Care,2026-01-26,Pre,12825.7,587
T1025,Northeast,Test,CAT05,Beauty & Personal Care,2026-02-02,Pre,12627.56,591
T1025,Northeast,Test,CAT05,Beauty & Personal Care,2026-02-09,Pre,12548.5,599
T1025,Northeast,Test,CAT05,Beauty & Personal Care,2026-02-16,Pre,12872.18,591
T1025,Northeast,Test,CAT05,Beauty & Personal Care,2026-02-23,Pre,13407.28,553
T1025,Northeast,Test,CAT05,Beauty & Personal Care,2026-03-02,Pre,13336.62,569
T1025,Northeast,Test,CAT05,Beauty & Personal Care,2026-03-09,Pre,12819.75,301
T1025,Northeast,Test,CAT05,Beauty & Personal Care,2026-03-16,Pre,13443.47,584
T1025,Northeast,Test,CAT05,Beauty & Personal Care,2026-03-23,Pre,13291.05,575
T1025,Northeast,Test,CAT05,Beauty & Personal Care,2026-03-30,Pre,12776.68,516
T1025,Northeast,Test,CAT05,Beauty & Personal Care,2026-04-06,Post,14260.7,353
T1025,Northeast,Test,CAT05,Beauty & Personal Care,2026-04-13,Post,14684.08,804
T1025,Northeast,Test,CAT05,Beauty & Personal Care,2026-04-20,Post,13531.73,359
T1025,Northeast,Test,CAT05,Beauty & Personal Care,2026-04-27,Post,13382.24,671
T1025,Northeast,Test,CAT05,Beauty & Personal Care,2026-05-04,Post,15478.47,389
T1025,Northeast,Test,CAT05,Beauty & Personal Care,2026-05-11,Post,14936.42,443
T1025,Northeast,Test,CAT05,Beauty & Personal Care,2026-05-18,Post,13773.24,467
T1025,Northeast,Test,CAT05,Beauty & Personal Care,2026-05-25,Post,13081.5,305
T1025,Northeast,Test,CAT05,Beauty & Personal Care,2026-06-01,Post,14718.58,609
T1025,Northeast,Test,CAT05,Beauty & Personal Care,2026-06-08,Post,13728.27,395
T1025,Northeast,Test,CAT05,Beauty & Personal Care,2026-06-15,Post,15855.95,801
T1025,Northeast,Test,CAT05,Beauty & Personal Care,2026-06-22,Post,14492.41,334
T1025,Northeast,Test,CAT05,Beauty & Personal Care,2026-06-29,Post,14244.23,594
T1025,Northeast,Test,CAT06,Toys,2026-01-05,Pre,10623.5,366
T1025,Northeast,Test,CAT06,Toys,2026-01-12,Pre,10224.95,285
T1025,Northeast,Test,CAT06,Toys,2026-01-19,Pre,8761.42,246
T1025,Northeast,Test,CAT06,Toys,2026-01-26,Pre,8603.63,466
T1025,Northeast,Test,CAT06,Toys,2026-02-02,Pre,9490.5,422
T1025,Northeast,Test,CAT06,Toys,2026-02-09,Pre,11251.19,297
T1025,Northeast,Test,CAT06,Toys,2026-02-16,Pre,11497.77,319
T1025,Northeast,Test,CAT06,Toys,2026-02-23,Pre,10199.94,481
T1025,Northeast,Test,CAT06,Toys,2026-03-02,Pre,10693.81,337
T1025,Northeast,Test,CAT06,Toys,2026-03-09,Pre,9991.83,250
T1025,Northeast,Test,CAT06,Toys,2026-03-16,Pre,10125.79,292
T1025,Northeast,Test,CAT06,Toys,2026-03-23,Pre,9945.24,376
T1025,Northeast,Test,CAT06,Toys,2026-03-30,Pre,10956.26,493
T1025,Northeast,Test,CAT06,Toys,2026-04-06,Post,11327.78,270
T1025,Northeast,Test,CAT06,Toys,2026-04-13,Post,10264.35,319
T1025,Northeast,Test,CAT06,Toys,2026-04-20,Post,10317.29,368
T1025,Northeast,Test,CAT06,Toys,2026-04-27,Post,10172.39,506
T1025,Northeast,Test,CAT06,Toys,2026-05-04,Post,11522.67,559
T1025,Northeast,Test,CAT06,Toys,2026-05-11,Post,11002.95,424
T1025,Northeast,Test,CAT06,Toys,2026-05-18,Post,9687.04,267
T1025,Northeast,Test,CAT06,Toys,2026-05-25,Post,11883.77,604
T1025,Northeast,Test,CAT06,Toys,2026-06-01,Post,8768.59,450
T1025,Northeast,Test,CAT06,Toys,2026-06-08,Post,11645.62,306
T1025,Northeast,Test,CAT06,Toys,2026-06-15,Post,11346.25,380
T1025,Northeast,Test,CAT06,Toys,2026-06-22,Post,10655.52,280
T1025,Northeast,Test,CAT06,Toys,2026-06-29,Post,10675.72,270
T1025,Northeast,Test,CAT07,Hardlines,2026-01-05,Pre,14924.9,421
T1025,Northeast,Test,CAT07,Hardlines,2026-01-12,Pre,14106.89,462
T1025,Northeast,Test,CAT07,Hardlines,2026-01-19,Pre,17142.37,548
T1025,Northeast,Test,CAT07,Hardlines,2026-01-26,Pre,15245.56,472
T1025,Northeast,Test,CAT07,Hardlines,2026-02-02,Pre,14257.56,364
T1025,Northeast,Test,CAT07,Hardlines,2026-02-09,Pre,17262.0,737
T1025,Northeast,Test,CAT07,Hardlines,2026-02-16,Pre,15930.21,822
T1025,Northeast,Test,CAT07,Hardlines,2026-02-23,Pre,16061.53,582
T1025,Northeast,Test,CAT07,Hardlines,2026-03-02,Pre,17765.9,702
T1025,Northeast,Test,CAT07,Hardlines,2026-03-09,Pre,16345.58,391
T1025,Northeast,Test,CAT07,Hardlines,2026-03-16,Pre,14976.9,581
T1025,Northeast,Test,CAT07,Hardlines,2026-03-23,Pre,16469.96,759
T1025,Northeast,Test,CAT07,Hardlines,2026-03-30,Pre,14816.8,406
T1025,Northeast,Test,CAT07,Hardlines,2026-04-06,Post,15345.22,666
T1025,Northeast,Test,CAT07,Hardlines,2026-04-13,Post,16260.58,610
T1025,Northeast,Test,CAT07,Hardlines,2026-04-20,Post,17066.74,726
T1025,Northeast,Test,CAT07,Hardlines,2026-04-27,Post,15383.83,558
T1025,Northeast,Test,CAT07,Hardlines,2026-05-04,Post,15906.87,742
T1025,Northeast,Test,CAT07,Hardlines,2026-05-11,Post,15954.45,607
T1025,Northeast,Test,CAT07,Hardlines,2026-05-18,Post,17542.58,511
T1025,Northeast,Test,CAT07,Hardlines,2026-05-25,Post,16303.24,811
T1025,Northeast,Test,CAT07,Hardlines,2026-06-01,Post,18534.4,721
T1025,Northeast,Test,CAT07,Hardlines,2026-06-08,Post,15869.48,367
T1025,Northeast,Test,CAT07,Hardlines,2026-06-15,Post,15836.89,655
T1025,Northeast,Test,CAT07,Hardlines,2026-06-22,Post,18222.93,656
T1025,Northeast,Test,CAT07,Hardlines,2026-06-29,Post,17249.29,524
T1025,Northeast,Test,CAT08,Softlines,2026-01-05,Pre,14005.83,342
T1025,Northeast,Test,CAT08,Softlines,2026-01-12,Pre,13078.08,313
T1025,Northeast,Test,CAT08,Softlines,2026-01-19,Pre,10896.55,308
T1025,Northeast,Test,CAT08,Softlines,2026-01-26,Pre,11982.94,268
T1025,Northeast,Test,CAT08,Softlines,2026-02-02,Pre,12291.07,300
T1025,Northeast,Test,CAT08,Softlines,2026-02-09,Pre,12276.93,365
T1025,Northeast,Test,CAT08,Softlines,2026-02-16,Pre,11996.94,288
T1025,Northeast,Test,CAT08,Softlines,2026-02-23,Pre,12355.43,511
T1025,Northeast,Test,CAT08,Softlines,2026-03-02,Pre,12450.22,368
T1025,Northeast,Test,CAT08,Softlines,2026-03-09,Pre,11782.22,517
T1025,Northeast,Test,CAT08,Softlines,2026-03-16,Pre,13281.2,553
T1025,Northeast,Test,CAT08,Softlines,2026-03-23,Pre,13895.14,756
T1025,Northeast,Test,CAT08,Softlines,2026-03-30,Pre,13070.0,529
T1025,Northeast,Test,CAT08,Softlines,2026-04-06,Post,12829.2,474
T1025,Northeast,Test,CAT08,Softlines,2026-04-13,Post,12447.05,302
T1025,Northeast,Test,CAT08,Softlines,2026-04-20,Post,12815.79,471
T1025,Northeast,Test,CAT08,Softlines,2026-04-27,Post,12956.06,674
T1025,Northeast,Test,CAT08,Softlines,2026-05-04,Post,11793.52,268
T1025,Northeast,Test,CAT08,Softlines,2026-05-11,Post,13638.94,311
T1025,Northeast,Test,CAT08,Softlines,2026-05-18,Post,12389.17,424
T1025,Northeast,Test,CAT08,Softlines,2026-05-25,Post,14166.45,747
T1025,Northeast,Test,CAT08,Softlines,2026-06-01,Post,10063.89,325
T1025,Northeast,Test,CAT08,Softlines,2026-06-08,Post,13045.68,546
T1025,Northeast,Test,CAT08,Softlines,2026-06-15,Post,13911.39,607
T1025,Northeast,Test,CAT08,Softlines,2026-06-22,Post,13653.73,586
T1025,Northeast,Test,CAT08,Softlines,2026-06-29,Post,11901.62,372
T1026,Midwest,Test,CAT01,Grocery & Essentials,2026-01-05,Pre,45913.14,1557
T1026,Midwest,Test,CAT01,Grocery & Essentials,2026-01-12,Pre,52413.5,2695
T1026,Midwest,Test,CAT01,Grocery & Essentials,2026-01-19,Pre,47085.53,2466
T1026,Midwest,Test,CAT01,Grocery & Essentials,2026-01-26,Pre,48449.76,1589
T1026,Midwest,Test,CAT01,Grocery & Essentials,2026-02-02,Pre,47018.74,1469
T1026,Midwest,Test,CAT01,Grocery & Essentials,2026-02-09,Pre,49822.48,2128
T1026,Midwest,Test,CAT01,Grocery & Essentials,2026-02-16,Pre,55589.36,1379
T1026,Midwest,Test,CAT01,Grocery & Essentials,2026-02-23,Pre,52606.12,1257
T1026,Midwest,Test,CAT01,Grocery & Essentials,2026-03-02,Pre,47468.29,1358
T1026,Midwest,Test,CAT01,Grocery & Essentials,2026-03-09,Pre,51867.77,2291
T1026,Midwest,Test,CAT01,Grocery & Essentials,2026-03-16,Pre,52199.36,1489
T1026,Midwest,Test,CAT01,Grocery & Essentials,2026-03-23,Pre,52975.75,2343
T1026,Midwest,Test,CAT01,Grocery & Essentials,2026-03-30,Pre,53507.9,2491
T1026,Midwest,Test,CAT01,Grocery & Essentials,2026-04-06,Post,47641.71,2419
T1026,Midwest,Test,CAT01,Grocery & Essentials,2026-04-13,Post,48365.48,1144
T1026,Midwest,Test,CAT01,Grocery & Essentials,2026-04-20,Post,52834.62,1548
T1026,Midwest,Test,CAT01,Grocery & Essentials,2026-04-27,Post,49366.71,1389
T1026,Midwest,Test,CAT01,Grocery & Essentials,2026-05-04,Post,48129.61,1583
T1026,Midwest,Test,CAT01,Grocery & Essentials,2026-05-11,Post,50447.29,1867
T1026,Midwest,Test,CAT01,Grocery & Essentials,2026-05-18,Post,51941.9,2384
T1026,Midwest,Test,CAT01,Grocery & Essentials,2026-05-25,Post,48856.37,2167
T1026,Midwest,Test,CAT01,Grocery & Essentials,2026-06-01,Post,53840.65,1986
T1026,Midwest,Test,CAT01,Grocery & Essentials,2026-06-08,Post,46254.2,1251
T1026,Midwest,Test,CAT01,Grocery & Essentials,2026-06-15,Post,50981.79,1227
T1026,Midwest,Test,CAT01,Grocery & Essentials,2026-06-22,Post,51428.03,1265
T1026,Midwest,Test,CAT01,Grocery & Essentials,2026-06-29,Post,47798.14,2171
T1026,Midwest,Test,CAT02,Apparel & Accessories,2026-01-05,Pre,23688.26,603
T1026,Midwest,Test,CAT02,Apparel & Accessories,2026-01-12,Pre,20161.49,897
T1026,Midwest,Test,CAT02,Apparel & Accessories,2026-01-19,Pre,21401.07,618
T1026,Midwest,Test,CAT02,Apparel & Accessories,2026-01-26,Pre,20083.95,554
T1026,Midwest,Test,CAT02,Apparel & Accessories,2026-02-02,Pre,18920.31,594
T1026,Midwest,Test,CAT02,Apparel & Accessories,2026-02-09,Pre,18955.24,854
T1026,Midwest,Test,CAT02,Apparel & Accessories,2026-02-16,Pre,19763.87,492
T1026,Midwest,Test,CAT02,Apparel & Accessories,2026-02-23,Pre,20434.79,468
T1026,Midwest,Test,CAT02,Apparel & Accessories,2026-03-02,Pre,18882.82,594
T1026,Midwest,Test,CAT02,Apparel & Accessories,2026-03-09,Pre,19555.31,450
T1026,Midwest,Test,CAT02,Apparel & Accessories,2026-03-16,Pre,24754.18,1187
T1026,Midwest,Test,CAT02,Apparel & Accessories,2026-03-23,Pre,21325.21,1003
T1026,Midwest,Test,CAT02,Apparel & Accessories,2026-03-30,Pre,20217.27,550
T1026,Midwest,Test,CAT02,Apparel & Accessories,2026-04-06,Post,19357.17,868
T1026,Midwest,Test,CAT02,Apparel & Accessories,2026-04-13,Post,19712.46,470
T1026,Midwest,Test,CAT02,Apparel & Accessories,2026-04-20,Post,21934.03,1157
T1026,Midwest,Test,CAT02,Apparel & Accessories,2026-04-27,Post,23607.36,577
T1026,Midwest,Test,CAT02,Apparel & Accessories,2026-05-04,Post,22516.98,691
T1026,Midwest,Test,CAT02,Apparel & Accessories,2026-05-11,Post,19801.66,810
T1026,Midwest,Test,CAT02,Apparel & Accessories,2026-05-18,Post,22261.83,543
T1026,Midwest,Test,CAT02,Apparel & Accessories,2026-05-25,Post,24475.3,963
T1026,Midwest,Test,CAT02,Apparel & Accessories,2026-06-01,Post,21848.14,1128
T1026,Midwest,Test,CAT02,Apparel & Accessories,2026-06-08,Post,22943.56,1227
T1026,Midwest,Test,CAT02,Apparel & Accessories,2026-06-15,Post,22076.25,886
T1026,Midwest,Test,CAT02,Apparel & Accessories,2026-06-22,Post,23462.76,718
T1026,Midwest,Test,CAT02,Apparel & Accessories,2026-06-29,Post,21447.4,488
T1026,Midwest,Test,CAT03,Home,2026-01-05,Pre,19856.4,974
T1026,Midwest,Test,CAT03,Home,2026-01-12,Pre,23254.48,968
T1026,Midwest,Test,CAT03,Home,2026-01-19,Pre,24609.86,582
T1026,Midwest,Test,CAT03,Home,2026-01-26,Pre,25407.64,811
T1026,Midwest,Test,CAT03,Home,2026-02-02,Pre,24873.77,698
T1026,Midwest,Test,CAT03,Home,2026-02-09,Pre,24936.82,599
T1026,Midwest,Test,CAT03,Home,2026-02-16,Pre,27786.28,936
T1026,Midwest,Test,CAT03,Home,2026-02-23,Pre,24066.25,601
T1026,Midwest,Test,CAT03,Home,2026-03-02,Pre,26108.61,907
T1026,Midwest,Test,CAT03,Home,2026-03-09,Pre,23489.88,1233
T1026,Midwest,Test,CAT03,Home,2026-03-16,Pre,27601.04,1418
T1026,Midwest,Test,CAT03,Home,2026-03-23,Pre,26852.67,1213
T1026,Midwest,Test,CAT03,Home,2026-03-30,Pre,30439.46,769
T1026,Midwest,Test,CAT03,Home,2026-04-06,Post,24562.18,704
T1026,Midwest,Test,CAT03,Home,2026-04-13,Post,29872.28,1399
T1026,Midwest,Test,CAT03,Home,2026-04-20,Post,24975.32,977
T1026,Midwest,Test,CAT03,Home,2026-04-27,Post,26196.49,598
T1026,Midwest,Test,CAT03,Home,2026-05-04,Post,24480.71,1007
T1026,Midwest,Test,CAT03,Home,2026-05-11,Post,31103.44,1494
T1026,Midwest,Test,CAT03,Home,2026-05-18,Post,27968.94,1490
T1026,Midwest,Test,CAT03,Home,2026-05-25,Post,28094.57,764
T1026,Midwest,Test,CAT03,Home,2026-06-01,Post,25700.76,1394
T1026,Midwest,Test,CAT03,Home,2026-06-08,Post,23052.01,711
T1026,Midwest,Test,CAT03,Home,2026-06-15,Post,26808.51,837
T1026,Midwest,Test,CAT03,Home,2026-06-22,Post,26545.45,864
T1026,Midwest,Test,CAT03,Home,2026-06-29,Post,24176.95,576
T1026,Midwest,Test,CAT04,Electronics,2026-01-05,Pre,16815.58,539
T1026,Midwest,Test,CAT04,Electronics,2026-01-12,Pre,17320.63,420
T1026,Midwest,Test,CAT04,Electronics,2026-01-19,Pre,17951.27,708
T1026,Midwest,Test,CAT04,Electronics,2026-01-26,Pre,14758.09,436
T1026,Midwest,Test,CAT04,Electronics,2026-02-02,Pre,15944.98,633
T1026,Midwest,Test,CAT04,Electronics,2026-02-09,Pre,16528.71,370
T1026,Midwest,Test,CAT04,Electronics,2026-02-16,Pre,19007.38,784
T1026,Midwest,Test,CAT04,Electronics,2026-02-23,Pre,19054.12,658
T1026,Midwest,Test,CAT04,Electronics,2026-03-02,Pre,18217.63,441
T1026,Midwest,Test,CAT04,Electronics,2026-03-09,Pre,17399.27,411
T1026,Midwest,Test,CAT04,Electronics,2026-03-16,Pre,19393.62,967
T1026,Midwest,Test,CAT04,Electronics,2026-03-23,Pre,18264.67,470
T1026,Midwest,Test,CAT04,Electronics,2026-03-30,Pre,19459.65,579
T1026,Midwest,Test,CAT04,Electronics,2026-04-06,Post,21703.03,576
T1026,Midwest,Test,CAT04,Electronics,2026-04-13,Post,17239.38,547
T1026,Midwest,Test,CAT04,Electronics,2026-04-20,Post,20505.9,515
T1026,Midwest,Test,CAT04,Electronics,2026-04-27,Post,19552.14,661
T1026,Midwest,Test,CAT04,Electronics,2026-05-04,Post,24052.44,653
T1026,Midwest,Test,CAT04,Electronics,2026-05-11,Post,22232.12,873
T1026,Midwest,Test,CAT04,Electronics,2026-05-18,Post,20423.14,495
T1026,Midwest,Test,CAT04,Electronics,2026-05-25,Post,20274.32,548
T1026,Midwest,Test,CAT04,Electronics,2026-06-01,Post,22862.68,520
T1026,Midwest,Test,CAT04,Electronics,2026-06-08,Post,23141.33,565
T1026,Midwest,Test,CAT04,Electronics,2026-06-15,Post,21157.24,915
T1026,Midwest,Test,CAT04,Electronics,2026-06-22,Post,20654.63,681
T1026,Midwest,Test,CAT04,Electronics,2026-06-29,Post,23735.54,697
T1026,Midwest,Test,CAT05,Beauty & Personal Care,2026-01-05,Pre,14122.84,315
T1026,Midwest,Test,CAT05,Beauty & Personal Care,2026-01-12,Pre,12594.18,297
T1026,Midwest,Test,CAT05,Beauty & Personal Care,2026-01-19,Pre,13492.61,680
T1026,Midwest,Test,CAT05,Beauty & Personal Care,2026-01-26,Pre,12832.14,536
T1026,Midwest,Test,CAT05,Beauty & Personal Care,2026-02-02,Pre,14406.83,436
T1026,Midwest,Test,CAT05,Beauty & Personal Care,2026-02-09,Pre,13394.33,346
T1026,Midwest,Test,CAT05,Beauty & Personal Care,2026-02-16,Pre,12753.28,450
T1026,Midwest,Test,CAT05,Beauty & Personal Care,2026-02-23,Pre,11626.25,262
T1026,Midwest,Test,CAT05,Beauty & Personal Care,2026-03-02,Pre,13860.92,580
T1026,Midwest,Test,CAT05,Beauty & Personal Care,2026-03-09,Pre,12441.38,526
T1026,Midwest,Test,CAT05,Beauty & Personal Care,2026-03-16,Pre,14507.65,594
T1026,Midwest,Test,CAT05,Beauty & Personal Care,2026-03-23,Pre,14548.78,402
T1026,Midwest,Test,CAT05,Beauty & Personal Care,2026-03-30,Pre,14060.4,553
T1026,Midwest,Test,CAT05,Beauty & Personal Care,2026-04-06,Post,14538.85,471
T1026,Midwest,Test,CAT05,Beauty & Personal Care,2026-04-13,Post,15246.33,746
T1026,Midwest,Test,CAT05,Beauty & Personal Care,2026-04-20,Post,15473.04,721
T1026,Midwest,Test,CAT05,Beauty & Personal Care,2026-04-27,Post,14400.83,321
T1026,Midwest,Test,CAT05,Beauty & Personal Care,2026-05-04,Post,13669.02,659
T1026,Midwest,Test,CAT05,Beauty & Personal Care,2026-05-11,Post,14515.42,507
T1026,Midwest,Test,CAT05,Beauty & Personal Care,2026-05-18,Post,13875.18,766
T1026,Midwest,Test,CAT05,Beauty & Personal Care,2026-05-25,Post,13415.01,417
T1026,Midwest,Test,CAT05,Beauty & Personal Care,2026-06-01,Post,15281.86,391
T1026,Midwest,Test,CAT05,Beauty & Personal Care,2026-06-08,Post,14004.74,639
T1026,Midwest,Test,CAT05,Beauty & Personal Care,2026-06-15,Post,15569.59,709
T1026,Midwest,Test,CAT05,Beauty & Personal Care,2026-06-22,Post,14757.42,603
T1026,Midwest,Test,CAT05,Beauty & Personal Care,2026-06-29,Post,14109.05,516
T1026,Midwest,Test,CAT06,Toys,2026-01-05,Pre,9472.86,261
T1026,Midwest,Test,CAT06,Toys,2026-01-12,Pre,10860.0,415
T1026,Midwest,Test,CAT06,Toys,2026-01-19,Pre,9502.98,213
T1026,Midwest,Test,CAT06,Toys,2026-01-26,Pre,9980.46,276
T1026,Midwest,Test,CAT06,Toys,2026-02-02,Pre,9680.9,303
T1026,Midwest,Test,CAT06,Toys,2026-02-09,Pre,9425.56,431
T1026,Midwest,Test,CAT06,Toys,2026-02-16,Pre,9705.85,305
T1026,Midwest,Test,CAT06,Toys,2026-02-23,Pre,10222.82,275
T1026,Midwest,Test,CAT06,Toys,2026-03-02,Pre,10145.12,229
T1026,Midwest,Test,CAT06,Toys,2026-03-09,Pre,9694.87,483
T1026,Midwest,Test,CAT06,Toys,2026-03-16,Pre,10447.87,303
T1026,Midwest,Test,CAT06,Toys,2026-03-23,Pre,10289.89,449
T1026,Midwest,Test,CAT06,Toys,2026-03-30,Pre,10224.93,372
T1026,Midwest,Test,CAT06,Toys,2026-04-06,Post,10191.63,251
T1026,Midwest,Test,CAT06,Toys,2026-04-13,Post,11672.71,362
T1026,Midwest,Test,CAT06,Toys,2026-04-20,Post,9873.14,297
T1026,Midwest,Test,CAT06,Toys,2026-04-27,Post,11863.56,347
T1026,Midwest,Test,CAT06,Toys,2026-05-04,Post,11758.39,329
T1026,Midwest,Test,CAT06,Toys,2026-05-11,Post,11157.26,248
T1026,Midwest,Test,CAT06,Toys,2026-05-18,Post,10616.95,362
T1026,Midwest,Test,CAT06,Toys,2026-05-25,Post,11306.1,397
T1026,Midwest,Test,CAT06,Toys,2026-06-01,Post,11533.35,323
T1026,Midwest,Test,CAT06,Toys,2026-06-08,Post,10482.65,249
T1026,Midwest,Test,CAT06,Toys,2026-06-15,Post,10442.91,289
T1026,Midwest,Test,CAT06,Toys,2026-06-22,Post,11204.68,363
T1026,Midwest,Test,CAT06,Toys,2026-06-29,Post,11703.21,645
T1026,Midwest,Test,CAT07,Hardlines,2026-01-05,Pre,14170.68,544
T1026,Midwest,Test,CAT07,Hardlines,2026-01-12,Pre,17287.17,545
T1026,Midwest,Test,CAT07,Hardlines,2026-01-19,Pre,14257.45,493
T1026,Midwest,Test,CAT07,Hardlines,2026-01-26,Pre,15588.59,376
T1026,Midwest,Test,CAT07,Hardlines,2026-02-02,Pre,14982.52,367
T1026,Midwest,Test,CAT07,Hardlines,2026-02-09,Pre,14102.18,603
T1026,Midwest,Test,CAT07,Hardlines,2026-02-16,Pre,16554.13,485
T1026,Midwest,Test,CAT07,Hardlines,2026-02-23,Pre,17119.16,729
T1026,Midwest,Test,CAT07,Hardlines,2026-03-02,Pre,18315.49,782
T1026,Midwest,Test,CAT07,Hardlines,2026-03-09,Pre,16916.95,643
T1026,Midwest,Test,CAT07,Hardlines,2026-03-16,Pre,15644.26,414
T1026,Midwest,Test,CAT07,Hardlines,2026-03-23,Pre,16134.66,402
T1026,Midwest,Test,CAT07,Hardlines,2026-03-30,Pre,14637.37,513
T1026,Midwest,Test,CAT07,Hardlines,2026-04-06,Post,16378.46,694
T1026,Midwest,Test,CAT07,Hardlines,2026-04-13,Post,16876.98,796
T1026,Midwest,Test,CAT07,Hardlines,2026-04-20,Post,17597.04,549
T1026,Midwest,Test,CAT07,Hardlines,2026-04-27,Post,17997.83,590
T1026,Midwest,Test,CAT07,Hardlines,2026-05-04,Post,17687.06,511
T1026,Midwest,Test,CAT07,Hardlines,2026-05-11,Post,16003.58,777
T1026,Midwest,Test,CAT07,Hardlines,2026-05-18,Post,15733.19,386
T1026,Midwest,Test,CAT07,Hardlines,2026-05-25,Post,18170.05,689
T1026,Midwest,Test,CAT07,Hardlines,2026-06-01,Post,14950.86,445
T1026,Midwest,Test,CAT07,Hardlines,2026-06-08,Post,19979.24,971
T1026,Midwest,Test,CAT07,Hardlines,2026-06-15,Post,16532.91,486
T1026,Midwest,Test,CAT07,Hardlines,2026-06-22,Post,19064.44,989
T1026,Midwest,Test,CAT07,Hardlines,2026-06-29,Post,16861.85,557
T1026,Midwest,Test,CAT08,Softlines,2026-01-05,Pre,13107.01,355
T1026,Midwest,Test,CAT08,Softlines,2026-01-12,Pre,11563.26,280
T1026,Midwest,Test,CAT08,Softlines,2026-01-19,Pre,12711.74,288
T1026,Midwest,Test,CAT08,Softlines,2026-01-26,Pre,11156.12,274
T1026,Midwest,Test,CAT08,Softlines,2026-02-02,Pre,13085.29,325
T1026,Midwest,Test,CAT08,Softlines,2026-02-09,Pre,11733.23,422
T1026,Midwest,Test,CAT08,Softlines,2026-02-16,Pre,11905.63,353
T1026,Midwest,Test,CAT08,Softlines,2026-02-23,Pre,12529.36,279
T1026,Midwest,Test,CAT08,Softlines,2026-03-02,Pre,12756.32,437
T1026,Midwest,Test,CAT08,Softlines,2026-03-09,Pre,13514.7,523
T1026,Midwest,Test,CAT08,Softlines,2026-03-16,Pre,13466.83,510
T1026,Midwest,Test,CAT08,Softlines,2026-03-23,Pre,13263.12,321
T1026,Midwest,Test,CAT08,Softlines,2026-03-30,Pre,14042.59,403
T1026,Midwest,Test,CAT08,Softlines,2026-04-06,Post,13594.46,377
T1026,Midwest,Test,CAT08,Softlines,2026-04-13,Post,13716.94,312
T1026,Midwest,Test,CAT08,Softlines,2026-04-20,Post,12316.46,472
T1026,Midwest,Test,CAT08,Softlines,2026-04-27,Post,14338.17,484
T1026,Midwest,Test,CAT08,Softlines,2026-05-04,Post,14256.89,717
T1026,Midwest,Test,CAT08,Softlines,2026-05-11,Post,13666.01,315
T1026,Midwest,Test,CAT08,Softlines,2026-05-18,Post,14324.68,422
T1026,Midwest,Test,CAT08,Softlines,2026-05-25,Post,13543.63,739
T1026,Midwest,Test,CAT08,Softlines,2026-06-01,Post,15175.17,538
T1026,Midwest,Test,CAT08,Softlines,2026-06-08,Post,13777.11,506
T1026,Midwest,Test,CAT08,Softlines,2026-06-15,Post,13660.72,566
T1026,Midwest,Test,CAT08,Softlines,2026-06-22,Post,14170.53,785
T1026,Midwest,Test,CAT08,Softlines,2026-06-29,Post,15642.45,563
T1027,Northeast,Control,CAT01,Grocery & Essentials,2026-01-05,Pre,43863.39,1357
T1027,Northeast,Control,CAT01,Grocery & Essentials,2026-01-12,Pre,45741.07,1240
T1027,Northeast,Control,CAT01,Grocery & Essentials,2026-01-19,Pre,42623.01,2339
T1027,Northeast,Control,CAT01,Grocery & Essentials,2026-01-26,Pre,42407.24,1588
T1027,Northeast,Control,CAT01,Grocery & Essentials,2026-02-02,Pre,44110.64,1910
T1027,Northeast,Control,CAT01,Grocery & Essentials,2026-02-09,Pre,46397.9,1329
T1027,Northeast,Control,CAT01,Grocery & Essentials,2026-02-16,Pre,41503.15,1824
T1027,Northeast,Control,CAT01,Grocery & Essentials,2026-02-23,Pre,40516.97,1069
T1027,Northeast,Control,CAT01,Grocery & Essentials,2026-03-02,Pre,46333.61,1704
T1027,Northeast,Control,CAT01,Grocery & Essentials,2026-03-09,Pre,44375.81,1718
T1027,Northeast,Control,CAT01,Grocery & Essentials,2026-03-16,Pre,43734.62,1505
T1027,Northeast,Control,CAT01,Grocery & Essentials,2026-03-23,Pre,41861.45,1102
T1027,Northeast,Control,CAT01,Grocery & Essentials,2026-03-30,Pre,45512.73,1257
T1027,Northeast,Control,CAT01,Grocery & Essentials,2026-04-06,Post,49690.25,1552
T1027,Northeast,Control,CAT01,Grocery & Essentials,2026-04-13,Post,40695.38,998
T1027,Northeast,Control,CAT01,Grocery & Essentials,2026-04-20,Post,48844.67,1596
T1027,Northeast,Control,CAT01,Grocery & Essentials,2026-04-27,Post,47542.29,1057
T1027,Northeast,Control,CAT01,Grocery & Essentials,2026-05-04,Post,48367.27,1287
T1027,Northeast,Control,CAT01,Grocery & Essentials,2026-05-11,Post,45768.82,1875
T1027,Northeast,Control,CAT01,Grocery & Essentials,2026-05-18,Post,47218.87,1561
T1027,Northeast,Control,CAT01,Grocery & Essentials,2026-05-25,Post,47381.6,1769
T1027,Northeast,Control,CAT01,Grocery & Essentials,2026-06-01,Post,44585.64,1249
T1027,Northeast,Control,CAT01,Grocery & Essentials,2026-06-08,Post,46920.77,1824
T1027,Northeast,Control,CAT01,Grocery & Essentials,2026-06-15,Post,41372.23,1806
T1027,Northeast,Control,CAT01,Grocery & Essentials,2026-06-22,Post,44296.11,2067
T1027,Northeast,Control,CAT01,Grocery & Essentials,2026-06-29,Post,43946.28,1305
T1027,Northeast,Control,CAT02,Apparel & Accessories,2026-01-05,Pre,18953.99,751
T1027,Northeast,Control,CAT02,Apparel & Accessories,2026-01-12,Pre,16474.2,511
T1027,Northeast,Control,CAT02,Apparel & Accessories,2026-01-19,Pre,18748.44,533
T1027,Northeast,Control,CAT02,Apparel & Accessories,2026-01-26,Pre,18238.67,427
T1027,Northeast,Control,CAT02,Apparel & Accessories,2026-02-02,Pre,19137.2,544
T1027,Northeast,Control,CAT02,Apparel & Accessories,2026-02-09,Pre,18818.21,622
T1027,Northeast,Control,CAT02,Apparel & Accessories,2026-02-16,Pre,21589.24,556
T1027,Northeast,Control,CAT02,Apparel & Accessories,2026-02-23,Pre,18648.65,819
T1027,Northeast,Control,CAT02,Apparel & Accessories,2026-03-02,Pre,17927.38,837
T1027,Northeast,Control,CAT02,Apparel & Accessories,2026-03-09,Pre,18524.09,663
T1027,Northeast,Control,CAT02,Apparel & Accessories,2026-03-16,Pre,19172.32,783
T1027,Northeast,Control,CAT02,Apparel & Accessories,2026-03-23,Pre,20963.74,872
T1027,Northeast,Control,CAT02,Apparel & Accessories,2026-03-30,Pre,19582.92,564
T1027,Northeast,Control,CAT02,Apparel & Accessories,2026-04-06,Post,17772.02,406
T1027,Northeast,Control,CAT02,Apparel & Accessories,2026-04-13,Post,24375.85,874
T1027,Northeast,Control,CAT02,Apparel & Accessories,2026-04-20,Post,20335.11,739
T1027,Northeast,Control,CAT02,Apparel & Accessories,2026-04-27,Post,17901.52,790
T1027,Northeast,Control,CAT02,Apparel & Accessories,2026-05-04,Post,17629.57,925
T1027,Northeast,Control,CAT02,Apparel & Accessories,2026-05-11,Post,17464.32,477
T1027,Northeast,Control,CAT02,Apparel & Accessories,2026-05-18,Post,19167.78,602
T1027,Northeast,Control,CAT02,Apparel & Accessories,2026-05-25,Post,19295.84,489
T1027,Northeast,Control,CAT02,Apparel & Accessories,2026-06-01,Post,18477.91,956
T1027,Northeast,Control,CAT02,Apparel & Accessories,2026-06-08,Post,17545.52,516
T1027,Northeast,Control,CAT02,Apparel & Accessories,2026-06-15,Post,18052.95,531
T1027,Northeast,Control,CAT02,Apparel & Accessories,2026-06-22,Post,20509.83,774
T1027,Northeast,Control,CAT02,Apparel & Accessories,2026-06-29,Post,19265.86,433
T1027,Northeast,Control,CAT03,Home,2026-01-05,Pre,20359.64,515
T1027,Northeast,Control,CAT03,Home,2026-01-12,Pre,22109.99,710
T1027,Northeast,Control,CAT03,Home,2026-01-19,Pre,22491.06,658
T1027,Northeast,Control,CAT03,Home,2026-01-26,Pre,22754.31,1204
T1027,Northeast,Control,CAT03,Home,2026-02-02,Pre,22314.0,895
T1027,Northeast,Control,CAT03,Home,2026-02-09,Pre,22154.52,506
T1027,Northeast,Control,CAT03,Home,2026-02-16,Pre,24332.94,826
T1027,Northeast,Control,CAT03,Home,2026-02-23,Pre,20829.93,814
T1027,Northeast,Control,CAT03,Home,2026-03-02,Pre,22204.51,595
T1027,Northeast,Control,CAT03,Home,2026-03-09,Pre,19687.94,492
T1027,Northeast,Control,CAT03,Home,2026-03-16,Pre,22167.65,644
T1027,Northeast,Control,CAT03,Home,2026-03-23,Pre,23105.02,563
T1027,Northeast,Control,CAT03,Home,2026-03-30,Pre,24260.22,960
T1027,Northeast,Control,CAT03,Home,2026-04-06,Post,20034.47,500
T1027,Northeast,Control,CAT03,Home,2026-04-13,Post,23321.17,647
T1027,Northeast,Control,CAT03,Home,2026-04-20,Post,26312.5,879
T1027,Northeast,Control,CAT03,Home,2026-04-27,Post,18578.82,503
T1027,Northeast,Control,CAT03,Home,2026-05-04,Post,24141.28,630
T1027,Northeast,Control,CAT03,Home,2026-05-11,Post,21440.24,781
T1027,Northeast,Control,CAT03,Home,2026-05-18,Post,22937.95,600
T1027,Northeast,Control,CAT03,Home,2026-05-25,Post,24469.69,604
T1027,Northeast,Control,CAT03,Home,2026-06-01,Post,22656.46,664
T1027,Northeast,Control,CAT03,Home,2026-06-08,Post,24222.22,688
T1027,Northeast,Control,CAT03,Home,2026-06-15,Post,24209.06,684
T1027,Northeast,Control,CAT03,Home,2026-06-22,Post,23837.95,530
T1027,Northeast,Control,CAT03,Home,2026-06-29,Post,21838.39,581
T1027,Northeast,Control,CAT04,Electronics,2026-01-05,Pre,14142.8,467
T1027,Northeast,Control,CAT04,Electronics,2026-01-12,Pre,17127.77,695
T1027,Northeast,Control,CAT04,Electronics,2026-01-19,Pre,14583.45,416
T1027,Northeast,Control,CAT04,Electronics,2026-01-26,Pre,14763.42,497
T1027,Northeast,Control,CAT04,Electronics,2026-02-02,Pre,14816.3,496
T1027,Northeast,Control,CAT04,Electronics,2026-02-09,Pre,16069.87,536
T1027,Northeast,Control,CAT04,Electronics,2026-02-16,Pre,16766.3,374
T1027,Northeast,Control,CAT04,Electronics,2026-02-23,Pre,15048.55,420
T1027,Northeast,Control,CAT04,Electronics,2026-03-02,Pre,15328.48,714
T1027,Northeast,Control,CAT04,Electronics,2026-03-09,Pre,15600.3,660
T1027,Northeast,Control,CAT04,Electronics,2026-03-16,Pre,16517.3,724
T1027,Northeast,Control,CAT04,Electronics,2026-03-23,Pre,15511.79,629
T1027,Northeast,Control,CAT04,Electronics,2026-03-30,Pre,15688.38,748
T1027,Northeast,Control,CAT04,Electronics,2026-04-06,Post,15041.48,578
T1027,Northeast,Control,CAT04,Electronics,2026-04-13,Post,16055.71,595
T1027,Northeast,Control,CAT04,Electronics,2026-04-20,Post,16431.62,681
T1027,Northeast,Control,CAT04,Electronics,2026-04-27,Post,16575.01,621
T1027,Northeast,Control,CAT04,Electronics,2026-05-04,Post,17987.74,734
T1027,Northeast,Control,CAT04,Electronics,2026-05-11,Post,15086.46,492
T1027,Northeast,Control,CAT04,Electronics,2026-05-18,Post,16033.48,382
T1027,Northeast,Control,CAT04,Electronics,2026-05-25,Post,15817.03,650
T1027,Northeast,Control,CAT04,Electronics,2026-06-01,Post,17989.9,772
T1027,Northeast,Control,CAT04,Electronics,2026-06-08,Post,16995.62,650
T1027,Northeast,Control,CAT04,Electronics,2026-06-15,Post,14477.07,626
T1027,Northeast,Control,CAT04,Electronics,2026-06-22,Post,15577.92,432
T1027,Northeast,Control,CAT04,Electronics,2026-06-29,Post,15974.09,640
T1027,Northeast,Control,CAT05,Beauty & Personal Care,2026-01-05,Pre,10707.21,385
T1027,Northeast,Control,CAT05,Beauty & Personal Care,2026-01-12,Pre,12031.23,302
T1027,Northeast,Control,CAT05,Beauty & Personal Care,2026-01-19,Pre,11564.41,399
T1027,Northeast,Control,CAT05,Beauty & Personal Care,2026-01-26,Pre,13682.58,394
T1027,Northeast,Control,CAT05,Beauty & Personal Care,2026-02-02,Pre,12350.95,448
T1027,Northeast,Control,CAT05,Beauty & Personal Care,2026-02-09,Pre,11817.54,264
T1027,Northeast,Control,CAT05,Beauty & Personal Care,2026-02-16,Pre,11367.33,456
T1027,Northeast,Control,CAT05,Beauty & Personal Care,2026-02-23,Pre,10054.26,236
T1027,Northeast,Control,CAT05,Beauty & Personal Care,2026-03-02,Pre,12227.66,402
T1027,Northeast,Control,CAT05,Beauty & Personal Care,2026-03-09,Pre,13661.64,703
T1027,Northeast,Control,CAT05,Beauty & Personal Care,2026-03-16,Pre,12194.68,621
T1027,Northeast,Control,CAT05,Beauty & Personal Care,2026-03-23,Pre,12377.44,636
T1027,Northeast,Control,CAT05,Beauty & Personal Care,2026-03-30,Pre,14659.45,343
T1027,Northeast,Control,CAT05,Beauty & Personal Care,2026-04-06,Post,13499.25,565
T1027,Northeast,Control,CAT05,Beauty & Personal Care,2026-04-13,Post,12810.97,425
T1027,Northeast,Control,CAT05,Beauty & Personal Care,2026-04-20,Post,13340.38,718
T1027,Northeast,Control,CAT05,Beauty & Personal Care,2026-04-27,Post,12998.13,376
T1027,Northeast,Control,CAT05,Beauty & Personal Care,2026-05-04,Post,12995.1,420
T1027,Northeast,Control,CAT05,Beauty & Personal Care,2026-05-11,Post,11328.15,356
T1027,Northeast,Control,CAT05,Beauty & Personal Care,2026-05-18,Post,11829.52,339
T1027,Northeast,Control,CAT05,Beauty & Personal Care,2026-05-25,Post,13002.57,587
T1027,Northeast,Control,CAT05,Beauty & Personal Care,2026-06-01,Post,12107.44,292
T1027,Northeast,Control,CAT05,Beauty & Personal Care,2026-06-08,Post,12892.13,398
T1027,Northeast,Control,CAT05,Beauty & Personal Care,2026-06-15,Post,11930.36,355
T1027,Northeast,Control,CAT05,Beauty & Personal Care,2026-06-22,Post,14072.37,354
T1027,Northeast,Control,CAT05,Beauty & Personal Care,2026-06-29,Post,12384.23,637
T1027,Northeast,Control,CAT06,Toys,2026-01-05,Pre,8323.98,225
T1027,Northeast,Control,CAT06,Toys,2026-01-12,Pre,8099.35,285
T1027,Northeast,Control,CAT06,Toys,2026-01-19,Pre,9413.96,254
T1027,Northeast,Control,CAT06,Toys,2026-01-26,Pre,8992.82,412
T1027,Northeast,Control,CAT06,Toys,2026-02-02,Pre,9757.07,326
T1027,Northeast,Control,CAT06,Toys,2026-02-09,Pre,8754.47,264
T1027,Northeast,Control,CAT06,Toys,2026-02-16,Pre,8428.36,198
T1027,Northeast,Control,CAT06,Toys,2026-02-23,Pre,9106.36,286
T1027,Northeast,Control,CAT06,Toys,2026-03-02,Pre,10052.54,265
T1027,Northeast,Control,CAT06,Toys,2026-03-09,Pre,8197.2,207
T1027,Northeast,Control,CAT06,Toys,2026-03-16,Pre,9447.53,317
T1027,Northeast,Control,CAT06,Toys,2026-03-23,Pre,9550.55,216
T1027,Northeast,Control,CAT06,Toys,2026-03-30,Pre,10331.73,290
T1027,Northeast,Control,CAT06,Toys,2026-04-06,Post,8838.15,397
T1027,Northeast,Control,CAT06,Toys,2026-04-13,Post,8317.82,434
T1027,Northeast,Control,CAT06,Toys,2026-04-20,Post,9159.15,204
T1027,Northeast,Control,CAT06,Toys,2026-04-27,Post,10032.58,224
T1027,Northeast,Control,CAT06,Toys,2026-05-04,Post,9532.73,333
T1027,Northeast,Control,CAT06,Toys,2026-05-11,Post,9878.7,237
T1027,Northeast,Control,CAT06,Toys,2026-05-18,Post,8893.63,244
T1027,Northeast,Control,CAT06,Toys,2026-05-25,Post,9457.92,244
T1027,Northeast,Control,CAT06,Toys,2026-06-01,Post,9700.44,438
T1027,Northeast,Control,CAT06,Toys,2026-06-08,Post,8691.33,251
T1027,Northeast,Control,CAT06,Toys,2026-06-15,Post,9767.99,399
T1027,Northeast,Control,CAT06,Toys,2026-06-22,Post,9535.47,333
T1027,Northeast,Control,CAT06,Toys,2026-06-29,Post,11785.4,412
T1027,Northeast,Control,CAT07,Hardlines,2026-01-05,Pre,13845.32,655
T1027,Northeast,Control,CAT07,Hardlines,2026-01-12,Pre,15460.98,448
T1027,Northeast,Control,CAT07,Hardlines,2026-01-19,Pre,14441.72,490
T1027,Northeast,Control,CAT07,Hardlines,2026-01-26,Pre,13891.53,405
T1027,Northeast,Control,CAT07,Hardlines,2026-02-02,Pre,15462.6,436
T1027,Northeast,Control,CAT07,Hardlines,2026-02-09,Pre,12982.51,624
T1027,Northeast,Control,CAT07,Hardlines,2026-02-16,Pre,13742.35,744
T1027,Northeast,Control,CAT07,Hardlines,2026-02-23,Pre,15142.99,511
T1027,Northeast,Control,CAT07,Hardlines,2026-03-02,Pre,12148.84,539
T1027,Northeast,Control,CAT07,Hardlines,2026-03-09,Pre,14310.48,544
T1027,Northeast,Control,CAT07,Hardlines,2026-03-16,Pre,14357.17,383
T1027,Northeast,Control,CAT07,Hardlines,2026-03-23,Pre,14718.64,540
T1027,Northeast,Control,CAT07,Hardlines,2026-03-30,Pre,14287.21,382
T1027,Northeast,Control,CAT07,Hardlines,2026-04-06,Post,15450.18,354
T1027,Northeast,Control,CAT07,Hardlines,2026-04-13,Post,13847.39,345
T1027,Northeast,Control,CAT07,Hardlines,2026-04-20,Post,15723.2,437
T1027,Northeast,Control,CAT07,Hardlines,2026-04-27,Post,13652.72,328
T1027,Northeast,Control,CAT07,Hardlines,2026-05-04,Post,15139.77,665
T1027,Northeast,Control,CAT07,Hardlines,2026-05-11,Post,16164.79,407
T1027,Northeast,Control,CAT07,Hardlines,2026-05-18,Post,14024.72,437
T1027,Northeast,Control,CAT07,Hardlines,2026-05-25,Post,14302.57,373
T1027,Northeast,Control,CAT07,Hardlines,2026-06-01,Post,16120.51,417
T1027,Northeast,Control,CAT07,Hardlines,2026-06-08,Post,15263.53,432
T1027,Northeast,Control,CAT07,Hardlines,2026-06-15,Post,13390.62,605
T1027,Northeast,Control,CAT07,Hardlines,2026-06-22,Post,15417.35,789
T1027,Northeast,Control,CAT07,Hardlines,2026-06-29,Post,15951.22,410
T1027,Northeast,Control,CAT08,Softlines,2026-01-05,Pre,11720.11,359
T1027,Northeast,Control,CAT08,Softlines,2026-01-12,Pre,11163.8,264
T1027,Northeast,Control,CAT08,Softlines,2026-01-19,Pre,11373.78,353
T1027,Northeast,Control,CAT08,Softlines,2026-01-26,Pre,12337.07,592
T1027,Northeast,Control,CAT08,Softlines,2026-02-02,Pre,11784.46,315
T1027,Northeast,Control,CAT08,Softlines,2026-02-09,Pre,9947.59,223
T1027,Northeast,Control,CAT08,Softlines,2026-02-16,Pre,10940.6,312
T1027,Northeast,Control,CAT08,Softlines,2026-02-23,Pre,11080.36,296
T1027,Northeast,Control,CAT08,Softlines,2026-03-02,Pre,12189.28,603
T1027,Northeast,Control,CAT08,Softlines,2026-03-09,Pre,12339.09,275
T1027,Northeast,Control,CAT08,Softlines,2026-03-16,Pre,11547.35,334
T1027,Northeast,Control,CAT08,Softlines,2026-03-23,Pre,11469.08,281
T1027,Northeast,Control,CAT08,Softlines,2026-03-30,Pre,11172.63,338
T1027,Northeast,Control,CAT08,Softlines,2026-04-06,Post,12389.86,459
T1027,Northeast,Control,CAT08,Softlines,2026-04-13,Post,10857.23,258
T1027,Northeast,Control,CAT08,Softlines,2026-04-20,Post,11178.97,395
T1027,Northeast,Control,CAT08,Softlines,2026-04-27,Post,12528.24,314
T1027,Northeast,Control,CAT08,Softlines,2026-05-04,Post,12563.88,358
T1027,Northeast,Control,CAT08,Softlines,2026-05-11,Post,13625.14,477
T1027,Northeast,Control,CAT08,Softlines,2026-05-18,Post,11681.12,514
T1027,Northeast,Control,CAT08,Softlines,2026-05-25,Post,11526.04,545
T1027,Northeast,Control,CAT08,Softlines,2026-06-01,Post,11648.87,537
T1027,Northeast,Control,CAT08,Softlines,2026-06-08,Post,10566.56,372
T1027,Northeast,Control,CAT08,Softlines,2026-06-15,Post,10208.71,465
T1027,Northeast,Control,CAT08,Softlines,2026-06-22,Post,12183.79,488
T1027,Northeast,Control,CAT08,Softlines,2026-06-29,Post,11677.27,303
T1028,Northeast,Control,CAT01,Grocery & Essentials,2026-01-05,Pre,46950.44,1342
T1028,Northeast,Control,CAT01,Grocery & Essentials,2026-01-12,Pre,44134.29,1377
T1028,Northeast,Control,CAT01,Grocery & Essentials,2026-01-19,Pre,48155.73,1654
T1028,Northeast,Control,CAT01,Grocery & Essentials,2026-01-26,Pre,55524.13,2059
T1028,Northeast,Control,CAT01,Grocery & Essentials,2026-02-02,Pre,46747.71,1183
T1028,Northeast,Control,CAT01,Grocery & Essentials,2026-02-09,Pre,46438.31,1282
T1028,Northeast,Control,CAT01,Grocery & Essentials,2026-02-16,Pre,50347.45,1601
T1028,Northeast,Control,CAT01,Grocery & Essentials,2026-02-23,Pre,46311.14,1566
T1028,Northeast,Control,CAT01,Grocery & Essentials,2026-03-02,Pre,45078.09,1010
T1028,Northeast,Control,CAT01,Grocery & Essentials,2026-03-09,Pre,47028.81,1254
T1028,Northeast,Control,CAT01,Grocery & Essentials,2026-03-16,Pre,49464.28,1331
T1028,Northeast,Control,CAT01,Grocery & Essentials,2026-03-23,Pre,51553.86,2604
T1028,Northeast,Control,CAT01,Grocery & Essentials,2026-03-30,Pre,55646.3,3032
T1028,Northeast,Control,CAT01,Grocery & Essentials,2026-04-06,Post,49572.4,1190
T1028,Northeast,Control,CAT01,Grocery & Essentials,2026-04-13,Post,54895.93,1742
T1028,Northeast,Control,CAT01,Grocery & Essentials,2026-04-20,Post,47473.1,2095
T1028,Northeast,Control,CAT01,Grocery & Essentials,2026-04-27,Post,47065.28,1100
T1028,Northeast,Control,CAT01,Grocery & Essentials,2026-05-04,Post,51556.62,1414
T1028,Northeast,Control,CAT01,Grocery & Essentials,2026-05-11,Post,52284.73,1183
T1028,Northeast,Control,CAT01,Grocery & Essentials,2026-05-18,Post,51056.3,1410
T1028,Northeast,Control,CAT01,Grocery & Essentials,2026-05-25,Post,60819.89,1909
T1028,Northeast,Control,CAT01,Grocery & Essentials,2026-06-01,Post,48732.67,1182
T1028,Northeast,Control,CAT01,Grocery & Essentials,2026-06-08,Post,55707.7,1734
T1028,Northeast,Control,CAT01,Grocery & Essentials,2026-06-15,Post,48393.16,1499
T1028,Northeast,Control,CAT01,Grocery & Essentials,2026-06-22,Post,53757.29,2647
T1028,Northeast,Control,CAT01,Grocery & Essentials,2026-06-29,Post,51677.75,1341
T1028,Northeast,Control,CAT02,Apparel & Accessories,2026-01-05,Pre,20432.97,1052
T1028,Northeast,Control,CAT02,Apparel & Accessories,2026-01-12,Pre,20787.21,561
T1028,Northeast,Control,CAT02,Apparel & Accessories,2026-01-19,Pre,20347.28,769
T1028,Northeast,Control,CAT02,Apparel & Accessories,2026-01-26,Pre,20142.15,688
T1028,Northeast,Control,CAT02,Apparel & Accessories,2026-02-02,Pre,17873.42,588
T1028,Northeast,Control,CAT02,Apparel & Accessories,2026-02-09,Pre,21826.79,582
T1028,Northeast,Control,CAT02,Apparel & Accessories,2026-02-16,Pre,18765.51,592
T1028,Northeast,Control,CAT02,Apparel & Accessories,2026-02-23,Pre,20091.29,1043
T1028,Northeast,Control,CAT02,Apparel & Accessories,2026-03-02,Pre,21193.58,511
T1028,Northeast,Control,CAT02,Apparel & Accessories,2026-03-09,Pre,19215.77,753
T1028,Northeast,Control,CAT02,Apparel & Accessories,2026-03-16,Pre,20697.85,546
T1028,Northeast,Control,CAT02,Apparel & Accessories,2026-03-23,Pre,22151.36,509
T1028,Northeast,Control,CAT02,Apparel & Accessories,2026-03-30,Pre,20449.32,632
T1028,Northeast,Control,CAT02,Apparel & Accessories,2026-04-06,Post,20961.06,1097
T1028,Northeast,Control,CAT02,Apparel & Accessories,2026-04-13,Post,19845.04,452
T1028,Northeast,Control,CAT02,Apparel & Accessories,2026-04-20,Post,20850.61,596
T1028,Northeast,Control,CAT02,Apparel & Accessories,2026-04-27,Post,19535.14,595
T1028,Northeast,Control,CAT02,Apparel & Accessories,2026-05-04,Post,21747.65,501
T1028,Northeast,Control,CAT02,Apparel & Accessories,2026-05-11,Post,19362.53,527
T1028,Northeast,Control,CAT02,Apparel & Accessories,2026-05-18,Post,20677.68,862
T1028,Northeast,Control,CAT02,Apparel & Accessories,2026-05-25,Post,21758.18,609
T1028,Northeast,Control,CAT02,Apparel & Accessories,2026-06-01,Post,21472.65,477
T1028,Northeast,Control,CAT02,Apparel & Accessories,2026-06-08,Post,22430.53,956
T1028,Northeast,Control,CAT02,Apparel & Accessories,2026-06-15,Post,21762.97,981
T1028,Northeast,Control,CAT02,Apparel & Accessories,2026-06-22,Post,19275.92,462
T1028,Northeast,Control,CAT02,Apparel & Accessories,2026-06-29,Post,20379.55,565
T1028,Northeast,Control,CAT03,Home,2026-01-05,Pre,24541.11,921
T1028,Northeast,Control,CAT03,Home,2026-01-12,Pre,26515.28,742
T1028,Northeast,Control,CAT03,Home,2026-01-19,Pre,26262.98,615
T1028,Northeast,Control,CAT03,Home,2026-01-26,Pre,29784.01,959
T1028,Northeast,Control,CAT03,Home,2026-02-02,Pre,24045.29,861
T1028,Northeast,Control,CAT03,Home,2026-02-09,Pre,26386.71,814
T1028,Northeast,Control,CAT03,Home,2026-02-16,Pre,26353.84,639
T1028,Northeast,Control,CAT03,Home,2026-02-23,Pre,28073.05,961
T1028,Northeast,Control,CAT03,Home,2026-03-02,Pre,27572.65,992
T1028,Northeast,Control,CAT03,Home,2026-03-09,Pre,25916.4,1132
T1028,Northeast,Control,CAT03,Home,2026-03-16,Pre,26580.99,1214
T1028,Northeast,Control,CAT03,Home,2026-03-23,Pre,26313.14,793
T1028,Northeast,Control,CAT03,Home,2026-03-30,Pre,25651.35,727
T1028,Northeast,Control,CAT03,Home,2026-04-06,Post,26748.7,1023
T1028,Northeast,Control,CAT03,Home,2026-04-13,Post,26224.0,1278
T1028,Northeast,Control,CAT03,Home,2026-04-20,Post,26245.11,697
T1028,Northeast,Control,CAT03,Home,2026-04-27,Post,29159.94,968
T1028,Northeast,Control,CAT03,Home,2026-05-04,Post,26753.19,1289
T1028,Northeast,Control,CAT03,Home,2026-05-11,Post,26460.65,668
T1028,Northeast,Control,CAT03,Home,2026-05-18,Post,26104.66,1179
T1028,Northeast,Control,CAT03,Home,2026-05-25,Post,26044.46,607
T1028,Northeast,Control,CAT03,Home,2026-06-01,Post,24497.17,588
T1028,Northeast,Control,CAT03,Home,2026-06-08,Post,26632.24,874
T1028,Northeast,Control,CAT03,Home,2026-06-15,Post,28947.39,1215
T1028,Northeast,Control,CAT03,Home,2026-06-22,Post,25886.86,597
T1028,Northeast,Control,CAT03,Home,2026-06-29,Post,31088.77,724
T1028,Northeast,Control,CAT04,Electronics,2026-01-05,Pre,14227.83,733
T1028,Northeast,Control,CAT04,Electronics,2026-01-12,Pre,17358.79,766
T1028,Northeast,Control,CAT04,Electronics,2026-01-19,Pre,19580.82,437
T1028,Northeast,Control,CAT04,Electronics,2026-01-26,Pre,17179.44,399
T1028,Northeast,Control,CAT04,Electronics,2026-02-02,Pre,18958.67,580
T1028,Northeast,Control,CAT04,Electronics,2026-02-09,Pre,16303.06,385
T1028,Northeast,Control,CAT04,Electronics,2026-02-16,Pre,15653.43,706
T1028,Northeast,Control,CAT04,Electronics,2026-02-23,Pre,16943.41,739
T1028,Northeast,Control,CAT04,Electronics,2026-03-02,Pre,16821.75,837
T1028,Northeast,Control,CAT04,Electronics,2026-03-09,Pre,15409.78,394
T1028,Northeast,Control,CAT04,Electronics,2026-03-16,Pre,17514.13,447
T1028,Northeast,Control,CAT04,Electronics,2026-03-23,Pre,16920.17,434
T1028,Northeast,Control,CAT04,Electronics,2026-03-30,Pre,19268.8,579
T1028,Northeast,Control,CAT04,Electronics,2026-04-06,Post,17736.3,768
T1028,Northeast,Control,CAT04,Electronics,2026-04-13,Post,16732.37,437
T1028,Northeast,Control,CAT04,Electronics,2026-04-20,Post,17713.41,641
T1028,Northeast,Control,CAT04,Electronics,2026-04-27,Post,18037.94,467
T1028,Northeast,Control,CAT04,Electronics,2026-05-04,Post,18590.0,932
T1028,Northeast,Control,CAT04,Electronics,2026-05-11,Post,17974.25,747
T1028,Northeast,Control,CAT04,Electronics,2026-05-18,Post,20650.56,607
T1028,Northeast,Control,CAT04,Electronics,2026-05-25,Post,16604.75,421
T1028,Northeast,Control,CAT04,Electronics,2026-06-01,Post,17548.5,611
T1028,Northeast,Control,CAT04,Electronics,2026-06-08,Post,17244.38,458
T1028,Northeast,Control,CAT04,Electronics,2026-06-15,Post,17855.57,757
T1028,Northeast,Control,CAT04,Electronics,2026-06-22,Post,18734.05,551
T1028,Northeast,Control,CAT04,Electronics,2026-06-29,Post,18709.99,478
T1028,Northeast,Control,CAT05,Beauty & Personal Care,2026-01-05,Pre,13901.1,318
T1028,Northeast,Control,CAT05,Beauty & Personal Care,2026-01-12,Pre,13535.97,307
T1028,Northeast,Control,CAT05,Beauty & Personal Care,2026-01-19,Pre,13645.83,755
T1028,Northeast,Control,CAT05,Beauty & Personal Care,2026-01-26,Pre,13662.81,598
T1028,Northeast,Control,CAT05,Beauty & Personal Care,2026-02-02,Pre,13203.7,507
T1028,Northeast,Control,CAT05,Beauty & Personal Care,2026-02-09,Pre,13188.34,720
T1028,Northeast,Control,CAT05,Beauty & Personal Care,2026-02-16,Pre,12966.42,690
T1028,Northeast,Control,CAT05,Beauty & Personal Care,2026-02-23,Pre,14343.08,341
T1028,Northeast,Control,CAT05,Beauty & Personal Care,2026-03-02,Pre,11888.44,394
T1028,Northeast,Control,CAT05,Beauty & Personal Care,2026-03-09,Pre,14003.64,341
T1028,Northeast,Control,CAT05,Beauty & Personal Care,2026-03-16,Pre,14695.01,331
T1028,Northeast,Control,CAT05,Beauty & Personal Care,2026-03-23,Pre,15018.11,475
T1028,Northeast,Control,CAT05,Beauty & Personal Care,2026-03-30,Pre,11816.61,639
T1028,Northeast,Control,CAT05,Beauty & Personal Care,2026-04-06,Post,13700.33,469
T1028,Northeast,Control,CAT05,Beauty & Personal Care,2026-04-13,Post,13423.93,379
T1028,Northeast,Control,CAT05,Beauty & Personal Care,2026-04-20,Post,13725.95,569
T1028,Northeast,Control,CAT05,Beauty & Personal Care,2026-04-27,Post,15532.1,693
T1028,Northeast,Control,CAT05,Beauty & Personal Care,2026-05-04,Post,13582.28,395
T1028,Northeast,Control,CAT05,Beauty & Personal Care,2026-05-11,Post,15144.61,502
T1028,Northeast,Control,CAT05,Beauty & Personal Care,2026-05-18,Post,14558.26,358
T1028,Northeast,Control,CAT05,Beauty & Personal Care,2026-05-25,Post,13944.16,376
T1028,Northeast,Control,CAT05,Beauty & Personal Care,2026-06-01,Post,13899.28,333
T1028,Northeast,Control,CAT05,Beauty & Personal Care,2026-06-08,Post,14824.06,375
T1028,Northeast,Control,CAT05,Beauty & Personal Care,2026-06-15,Post,14544.28,365
T1028,Northeast,Control,CAT05,Beauty & Personal Care,2026-06-22,Post,12981.26,606
T1028,Northeast,Control,CAT05,Beauty & Personal Care,2026-06-29,Post,13763.36,337
T1028,Northeast,Control,CAT06,Toys,2026-01-05,Pre,10236.88,397
T1028,Northeast,Control,CAT06,Toys,2026-01-12,Pre,9233.69,374
T1028,Northeast,Control,CAT06,Toys,2026-01-19,Pre,10786.29,285
T1028,Northeast,Control,CAT06,Toys,2026-01-26,Pre,9123.79,382
T1028,Northeast,Control,CAT06,Toys,2026-02-02,Pre,10010.37,293
T1028,Northeast,Control,CAT06,Toys,2026-02-09,Pre,10696.67,300
T1028,Northeast,Control,CAT06,Toys,2026-02-16,Pre,9558.11,216
T1028,Northeast,Control,CAT06,Toys,2026-02-23,Pre,9411.76,228
T1028,Northeast,Control,CAT06,Toys,2026-03-02,Pre,10681.47,526
T1028,Northeast,Control,CAT06,Toys,2026-03-09,Pre,11001.77,325
T1028,Northeast,Control,CAT06,Toys,2026-03-16,Pre,10296.06,450
T1028,Northeast,Control,CAT06,Toys,2026-03-23,Pre,10178.28,243
T1028,Northeast,Control,CAT06,Toys,2026-03-30,Pre,9424.16,523
T1028,Northeast,Control,CAT06,Toys,2026-04-06,Post,10608.22,340
T1028,Northeast,Control,CAT06,Toys,2026-04-13,Post,9282.25,262
T1028,Northeast,Control,CAT06,Toys,2026-04-20,Post,11617.26,383
T1028,Northeast,Control,CAT06,Toys,2026-04-27,Post,10568.31,435
T1028,Northeast,Control,CAT06,Toys,2026-05-04,Post,10035.89,264
T1028,Northeast,Control,CAT06,Toys,2026-05-11,Post,10302.35,419
T1028,Northeast,Control,CAT06,Toys,2026-05-18,Post,10906.62,324
T1028,Northeast,Control,CAT06,Toys,2026-05-25,Post,10492.95,283
T1028,Northeast,Control,CAT06,Toys,2026-06-01,Post,10860.92,264
T1028,Northeast,Control,CAT06,Toys,2026-06-08,Post,10124.92,558
T1028,Northeast,Control,CAT06,Toys,2026-06-15,Post,11798.41,472
T1028,Northeast,Control,CAT06,Toys,2026-06-22,Post,10547.96,332
T1028,Northeast,Control,CAT06,Toys,2026-06-29,Post,9471.13,297
T1028,Northeast,Control,CAT07,Hardlines,2026-01-05,Pre,15200.04,730
T1028,Northeast,Control,CAT07,Hardlines,2026-01-12,Pre,14874.26,516
T1028,Northeast,Control,CAT07,Hardlines,2026-01-19,Pre,16858.53,388
T1028,Northeast,Control,CAT07,Hardlines,2026-01-26,Pre,14797.77,411
T1028,Northeast,Control,CAT07,Hardlines,2026-02-02,Pre,15340.66,411
T1028,Northeast,Control,CAT07,Hardlines,2026-02-09,Pre,16113.54,451
T1028,Northeast,Control,CAT07,Hardlines,2026-02-16,Pre,16614.75,726
T1028,Northeast,Control,CAT07,Hardlines,2026-02-23,Pre,17611.0,625
T1028,Northeast,Control,CAT07,Hardlines,2026-03-02,Pre,15171.8,575
T1028,Northeast,Control,CAT07,Hardlines,2026-03-09,Pre,17598.4,680
T1028,Northeast,Control,CAT07,Hardlines,2026-03-16,Pre,17344.88,422
T1028,Northeast,Control,CAT07,Hardlines,2026-03-23,Pre,15451.35,578
T1028,Northeast,Control,CAT07,Hardlines,2026-03-30,Pre,15386.3,760
T1028,Northeast,Control,CAT07,Hardlines,2026-04-06,Post,16856.43,568
T1028,Northeast,Control,CAT07,Hardlines,2026-04-13,Post,16431.46,401
T1028,Northeast,Control,CAT07,Hardlines,2026-04-20,Post,16981.54,840
T1028,Northeast,Control,CAT07,Hardlines,2026-04-27,Post,16207.38,499
T1028,Northeast,Control,CAT07,Hardlines,2026-05-04,Post,16730.28,478
T1028,Northeast,Control,CAT07,Hardlines,2026-05-11,Post,16570.39,382
T1028,Northeast,Control,CAT07,Hardlines,2026-05-18,Post,17221.57,851
T1028,Northeast,Control,CAT07,Hardlines,2026-05-25,Post,15819.66,460
T1028,Northeast,Control,CAT07,Hardlines,2026-06-01,Post,17069.41,675
T1028,Northeast,Control,CAT07,Hardlines,2026-06-08,Post,18610.5,487
T1028,Northeast,Control,CAT07,Hardlines,2026-06-15,Post,18598.55,677
T1028,Northeast,Control,CAT07,Hardlines,2026-06-22,Post,17393.37,592
T1028,Northeast,Control,CAT07,Hardlines,2026-06-29,Post,16090.7,359
T1028,Northeast,Control,CAT08,Softlines,2026-01-05,Pre,13883.78,382
T1028,Northeast,Control,CAT08,Softlines,2026-01-12,Pre,12626.09,360
T1028,Northeast,Control,CAT08,Softlines,2026-01-19,Pre,13885.87,403
T1028,Northeast,Control,CAT08,Softlines,2026-01-26,Pre,12762.95,434
T1028,Northeast,Control,CAT08,Softlines,2026-02-02,Pre,10425.03,408
T1028,Northeast,Control,CAT08,Softlines,2026-02-09,Pre,14154.29,634
T1028,Northeast,Control,CAT08,Softlines,2026-02-16,Pre,13278.6,387
T1028,Northeast,Control,CAT08,Softlines,2026-02-23,Pre,12620.06,358
T1028,Northeast,Control,CAT08,Softlines,2026-03-02,Pre,11156.99,568
T1028,Northeast,Control,CAT08,Softlines,2026-03-09,Pre,13537.79,428
T1028,Northeast,Control,CAT08,Softlines,2026-03-16,Pre,13107.32,371
T1028,Northeast,Control,CAT08,Softlines,2026-03-23,Pre,14796.19,378
T1028,Northeast,Control,CAT08,Softlines,2026-03-30,Pre,14324.13,408
T1028,Northeast,Control,CAT08,Softlines,2026-04-06,Post,14459.14,329
T1028,Northeast,Control,CAT08,Softlines,2026-04-13,Post,13143.04,370
T1028,Northeast,Control,CAT08,Softlines,2026-04-20,Post,13151.63,346
T1028,Northeast,Control,CAT08,Softlines,2026-04-27,Post,13420.29,313
T1028,Northeast,Control,CAT08,Softlines,2026-05-04,Post,12507.11,531
T1028,Northeast,Control,CAT08,Softlines,2026-05-11,Post,13186.77,376
T1028,Northeast,Control,CAT08,Softlines,2026-05-18,Post,13049.06,492
T1028,Northeast,Control,CAT08,Softlines,2026-05-25,Post,14383.66,394
T1028,Northeast,Control,CAT08,Softlines,2026-06-01,Post,14648.98,684
T1028,Northeast,Control,CAT08,Softlines,2026-06-08,Post,13975.31,627
T1028,Northeast,Control,CAT08,Softlines,2026-06-15,Post,12643.48,382
T1028,Northeast,Control,CAT08,Softlines,2026-06-22,Post,15284.61,600
T1028,Northeast,Control,CAT08,Softlines,2026-06-29,Post,14368.68,383
T1029,South,Control,CAT01,Grocery & Essentials,2026-01-05,Pre,49390.32,1462
T1029,South,Control,CAT01,Grocery & Essentials,2026-01-12,Pre,51564.26,1527
T1029,South,Control,CAT01,Grocery & Essentials,2026-01-19,Pre,49994.69,1969
T1029,South,Control,CAT01,Grocery & Essentials,2026-01-26,Pre,47986.73,1266
T1029,South,Control,CAT01,Grocery & Essentials,2026-02-02,Pre,46991.88,1247
T1029,South,Control,CAT01,Grocery & Essentials,2026-02-09,Pre,52498.9,1758
T1029,South,Control,CAT01,Grocery & Essentials,2026-02-16,Pre,43186.46,1199
T1029,South,Control,CAT01,Grocery & Essentials,2026-02-23,Pre,50675.87,1291
T1029,South,Control,CAT01,Grocery & Essentials,2026-03-02,Pre,48755.82,1561
T1029,South,Control,CAT01,Grocery & Essentials,2026-03-09,Pre,46316.55,1449
T1029,South,Control,CAT01,Grocery & Essentials,2026-03-16,Pre,46187.95,1804
T1029,South,Control,CAT01,Grocery & Essentials,2026-03-23,Pre,49251.38,1168
T1029,South,Control,CAT01,Grocery & Essentials,2026-03-30,Pre,51649.0,1929
T1029,South,Control,CAT01,Grocery & Essentials,2026-04-06,Post,53082.38,1797
T1029,South,Control,CAT01,Grocery & Essentials,2026-04-13,Post,52147.14,1353
T1029,South,Control,CAT01,Grocery & Essentials,2026-04-20,Post,42892.54,1192
T1029,South,Control,CAT01,Grocery & Essentials,2026-04-27,Post,52418.63,1704
T1029,South,Control,CAT01,Grocery & Essentials,2026-05-04,Post,47378.84,1256
T1029,South,Control,CAT01,Grocery & Essentials,2026-05-11,Post,48270.84,2012
T1029,South,Control,CAT01,Grocery & Essentials,2026-05-18,Post,47299.42,1766
T1029,South,Control,CAT01,Grocery & Essentials,2026-05-25,Post,54623.6,1478
T1029,South,Control,CAT01,Grocery & Essentials,2026-06-01,Post,49414.71,1646
T1029,South,Control,CAT01,Grocery & Essentials,2026-06-08,Post,56563.21,1536
T1029,South,Control,CAT01,Grocery & Essentials,2026-06-15,Post,56402.2,1340
T1029,South,Control,CAT01,Grocery & Essentials,2026-06-22,Post,52669.03,1226
T1029,South,Control,CAT01,Grocery & Essentials,2026-06-29,Post,54258.97,1577
T1029,South,Control,CAT02,Apparel & Accessories,2026-01-05,Pre,20261.12,884
T1029,South,Control,CAT02,Apparel & Accessories,2026-01-12,Pre,22717.57,636
T1029,South,Control,CAT02,Apparel & Accessories,2026-01-19,Pre,23707.08,708
T1029,South,Control,CAT02,Apparel & Accessories,2026-01-26,Pre,18424.76,694
T1029,South,Control,CAT02,Apparel & Accessories,2026-02-02,Pre,20081.89,918
T1029,South,Control,CAT02,Apparel & Accessories,2026-02-09,Pre,18672.12,612
T1029,South,Control,CAT02,Apparel & Accessories,2026-02-16,Pre,19146.09,736
T1029,South,Control,CAT02,Apparel & Accessories,2026-02-23,Pre,20886.35,591
T1029,South,Control,CAT02,Apparel & Accessories,2026-03-02,Pre,23434.42,698
T1029,South,Control,CAT02,Apparel & Accessories,2026-03-09,Pre,19188.71,741
T1029,South,Control,CAT02,Apparel & Accessories,2026-03-16,Pre,21900.31,550
T1029,South,Control,CAT02,Apparel & Accessories,2026-03-23,Pre,23037.69,601
T1029,South,Control,CAT02,Apparel & Accessories,2026-03-30,Pre,22211.02,681
T1029,South,Control,CAT02,Apparel & Accessories,2026-04-06,Post,21700.47,580
T1029,South,Control,CAT02,Apparel & Accessories,2026-04-13,Post,20977.43,581
T1029,South,Control,CAT02,Apparel & Accessories,2026-04-20,Post,22052.54,546
T1029,South,Control,CAT02,Apparel & Accessories,2026-04-27,Post,19550.75,880
T1029,South,Control,CAT02,Apparel & Accessories,2026-05-04,Post,24578.22,988
T1029,South,Control,CAT02,Apparel & Accessories,2026-05-11,Post,22678.94,935
T1029,South,Control,CAT02,Apparel & Accessories,2026-05-18,Post,23172.03,727
T1029,South,Control,CAT02,Apparel & Accessories,2026-05-25,Post,21515.78,861
T1029,South,Control,CAT02,Apparel & Accessories,2026-06-01,Post,22919.4,606
T1029,South,Control,CAT02,Apparel & Accessories,2026-06-08,Post,23261.34,957
T1029,South,Control,CAT02,Apparel & Accessories,2026-06-15,Post,22452.77,1091
T1029,South,Control,CAT02,Apparel & Accessories,2026-06-22,Post,22615.74,510
T1029,South,Control,CAT02,Apparel & Accessories,2026-06-29,Post,21010.99,983
T1029,South,Control,CAT03,Home,2026-01-05,Pre,28772.85,801
T1029,South,Control,CAT03,Home,2026-01-12,Pre,24423.02,687
T1029,South,Control,CAT03,Home,2026-01-19,Pre,24725.17,1195
T1029,South,Control,CAT03,Home,2026-01-26,Pre,28599.64,693
T1029,South,Control,CAT03,Home,2026-02-02,Pre,26827.91,598
T1029,South,Control,CAT03,Home,2026-02-09,Pre,27298.5,627
T1029,South,Control,CAT03,Home,2026-02-16,Pre,23804.68,638
T1029,South,Control,CAT03,Home,2026-02-23,Pre,26543.01,1173
T1029,South,Control,CAT03,Home,2026-03-02,Pre,24008.89,712
T1029,South,Control,CAT03,Home,2026-03-09,Pre,24954.26,1239
T1029,South,Control,CAT03,Home,2026-03-16,Pre,30249.12,1109
T1029,South,Control,CAT03,Home,2026-03-23,Pre,24838.13,913
T1029,South,Control,CAT03,Home,2026-03-30,Pre,27954.24,1298
T1029,South,Control,CAT03,Home,2026-04-06,Post,25180.28,1144
T1029,South,Control,CAT03,Home,2026-04-13,Post,25473.7,644
T1029,South,Control,CAT03,Home,2026-04-20,Post,32156.66,1234
T1029,South,Control,CAT03,Home,2026-04-27,Post,26995.31,932
T1029,South,Control,CAT03,Home,2026-05-04,Post,24709.51,743
T1029,South,Control,CAT03,Home,2026-05-11,Post,28678.37,766
T1029,South,Control,CAT03,Home,2026-05-18,Post,29812.49,1389
T1029,South,Control,CAT03,Home,2026-05-25,Post,29076.58,1084
T1029,South,Control,CAT03,Home,2026-06-01,Post,27339.68,832
T1029,South,Control,CAT03,Home,2026-06-08,Post,27502.03,747
T1029,South,Control,CAT03,Home,2026-06-15,Post,26895.3,877
T1029,South,Control,CAT03,Home,2026-06-22,Post,25868.03,960
T1029,South,Control,CAT03,Home,2026-06-29,Post,28706.91,936
T1029,South,Control,CAT04,Electronics,2026-01-05,Pre,17139.07,827
T1029,South,Control,CAT04,Electronics,2026-01-12,Pre,15941.05,472
T1029,South,Control,CAT04,Electronics,2026-01-19,Pre,17466.03,510
T1029,South,Control,CAT04,Electronics,2026-01-26,Pre,16791.45,451
T1029,South,Control,CAT04,Electronics,2026-02-02,Pre,18012.84,461
T1029,South,Control,CAT04,Electronics,2026-02-09,Pre,17960.68,503
T1029,South,Control,CAT04,Electronics,2026-02-16,Pre,17383.43,554
T1029,South,Control,CAT04,Electronics,2026-02-23,Pre,17869.03,769
T1029,South,Control,CAT04,Electronics,2026-03-02,Pre,18041.53,433
T1029,South,Control,CAT04,Electronics,2026-03-09,Pre,19183.47,579
T1029,South,Control,CAT04,Electronics,2026-03-16,Pre,18033.12,417
T1029,South,Control,CAT04,Electronics,2026-03-23,Pre,17559.49,844
T1029,South,Control,CAT04,Electronics,2026-03-30,Pre,17906.74,509
T1029,South,Control,CAT04,Electronics,2026-04-06,Post,20517.1,476
T1029,South,Control,CAT04,Electronics,2026-04-13,Post,17274.03,396
T1029,South,Control,CAT04,Electronics,2026-04-20,Post,18189.98,486
T1029,South,Control,CAT04,Electronics,2026-04-27,Post,18240.38,961
T1029,South,Control,CAT04,Electronics,2026-05-04,Post,18360.36,778
T1029,South,Control,CAT04,Electronics,2026-05-11,Post,16578.8,379
T1029,South,Control,CAT04,Electronics,2026-05-18,Post,17276.43,666
T1029,South,Control,CAT04,Electronics,2026-05-25,Post,18446.79,795
T1029,South,Control,CAT04,Electronics,2026-06-01,Post,18171.06,919
T1029,South,Control,CAT04,Electronics,2026-06-08,Post,19283.34,539
T1029,South,Control,CAT04,Electronics,2026-06-15,Post,20422.69,491
T1029,South,Control,CAT04,Electronics,2026-06-22,Post,19526.94,513
T1029,South,Control,CAT04,Electronics,2026-06-29,Post,19277.97,686
T1029,South,Control,CAT05,Beauty & Personal Care,2026-01-05,Pre,14347.73,742
T1029,South,Control,CAT05,Beauty & Personal Care,2026-01-12,Pre,14162.83,559
T1029,South,Control,CAT05,Beauty & Personal Care,2026-01-19,Pre,14009.48,324
T1029,South,Control,CAT05,Beauty & Personal Care,2026-01-26,Pre,14950.77,474
T1029,South,Control,CAT05,Beauty & Personal Care,2026-02-02,Pre,11236.12,337
T1029,South,Control,CAT05,Beauty & Personal Care,2026-02-09,Pre,13912.31,322
T1029,South,Control,CAT05,Beauty & Personal Care,2026-02-16,Pre,13141.6,575
T1029,South,Control,CAT05,Beauty & Personal Care,2026-02-23,Pre,13755.63,465
T1029,South,Control,CAT05,Beauty & Personal Care,2026-03-02,Pre,13689.03,715
T1029,South,Control,CAT05,Beauty & Personal Care,2026-03-09,Pre,16482.19,443
T1029,South,Control,CAT05,Beauty & Personal Care,2026-03-16,Pre,15625.28,712
T1029,South,Control,CAT05,Beauty & Personal Care,2026-03-23,Pre,14649.14,769
T1029,South,Control,CAT05,Beauty & Personal Care,2026-03-30,Pre,13924.32,355
T1029,South,Control,CAT05,Beauty & Personal Care,2026-04-06,Post,15530.62,466
T1029,South,Control,CAT05,Beauty & Personal Care,2026-04-13,Post,14779.16,602
T1029,South,Control,CAT05,Beauty & Personal Care,2026-04-20,Post,14459.95,418
T1029,South,Control,CAT05,Beauty & Personal Care,2026-04-27,Post,14899.21,592
T1029,South,Control,CAT05,Beauty & Personal Care,2026-05-04,Post,14595.0,659
T1029,South,Control,CAT05,Beauty & Personal Care,2026-05-11,Post,15368.41,362
T1029,South,Control,CAT05,Beauty & Personal Care,2026-05-18,Post,13727.72,735
T1029,South,Control,CAT05,Beauty & Personal Care,2026-05-25,Post,15475.66,556
T1029,South,Control,CAT05,Beauty & Personal Care,2026-06-01,Post,14812.36,374
T1029,South,Control,CAT05,Beauty & Personal Care,2026-06-08,Post,16087.12,452
T1029,South,Control,CAT05,Beauty & Personal Care,2026-06-15,Post,16434.03,789
T1029,South,Control,CAT05,Beauty & Personal Care,2026-06-22,Post,16742.14,629
T1029,South,Control,CAT05,Beauty & Personal Care,2026-06-29,Post,17854.11,417
T1029,South,Control,CAT06,Toys,2026-01-05,Pre,12000.62,449
T1029,South,Control,CAT06,Toys,2026-01-12,Pre,11473.21,272
T1029,South,Control,CAT06,Toys,2026-01-19,Pre,11153.36,300
T1029,South,Control,CAT06,Toys,2026-01-26,Pre,9767.9,383
T1029,South,Control,CAT06,Toys,2026-02-02,Pre,9023.45,258
T1029,South,Control,CAT06,Toys,2026-02-09,Pre,11392.31,450
T1029,South,Control,CAT06,Toys,2026-02-16,Pre,10086.93,256
T1029,South,Control,CAT06,Toys,2026-02-23,Pre,12937.74,527
T1029,South,Control,CAT06,Toys,2026-03-02,Pre,9695.21,247
T1029,South,Control,CAT06,Toys,2026-03-09,Pre,11428.67,519
T1029,South,Control,CAT06,Toys,2026-03-16,Pre,11000.77,284
T1029,South,Control,CAT06,Toys,2026-03-23,Pre,9878.83,373
T1029,South,Control,CAT06,Toys,2026-03-30,Pre,11080.79,349
T1029,South,Control,CAT06,Toys,2026-04-06,Post,10445.4,404
T1029,South,Control,CAT06,Toys,2026-04-13,Post,10962.98,253
T1029,South,Control,CAT06,Toys,2026-04-20,Post,11014.81,271
T1029,South,Control,CAT06,Toys,2026-04-27,Post,10574.47,301
T1029,South,Control,CAT06,Toys,2026-05-04,Post,10880.96,253
T1029,South,Control,CAT06,Toys,2026-05-11,Post,10586.73,450
T1029,South,Control,CAT06,Toys,2026-05-18,Post,9910.94,480
T1029,South,Control,CAT06,Toys,2026-05-25,Post,11354.12,578
T1029,South,Control,CAT06,Toys,2026-06-01,Post,12382.77,362
T1029,South,Control,CAT06,Toys,2026-06-08,Post,10785.77,322
T1029,South,Control,CAT06,Toys,2026-06-15,Post,12899.76,339
T1029,South,Control,CAT06,Toys,2026-06-22,Post,13148.16,516
T1029,South,Control,CAT06,Toys,2026-06-29,Post,11143.49,417
T1029,South,Control,CAT07,Hardlines,2026-01-05,Pre,15997.3,583
T1029,South,Control,CAT07,Hardlines,2026-01-12,Pre,15842.04,527
T1029,South,Control,CAT07,Hardlines,2026-01-19,Pre,15149.29,375
T1029,South,Control,CAT07,Hardlines,2026-01-26,Pre,16194.47,525
T1029,South,Control,CAT07,Hardlines,2026-02-02,Pre,16135.31,505
T1029,South,Control,CAT07,Hardlines,2026-02-09,Pre,16661.29,408
T1029,South,Control,CAT07,Hardlines,2026-02-16,Pre,16787.71,781
T1029,South,Control,CAT07,Hardlines,2026-02-23,Pre,15373.8,474
T1029,South,Control,CAT07,Hardlines,2026-03-02,Pre,17451.49,668
T1029,South,Control,CAT07,Hardlines,2026-03-09,Pre,16565.33,571
T1029,South,Control,CAT07,Hardlines,2026-03-16,Pre,15741.98,385
T1029,South,Control,CAT07,Hardlines,2026-03-23,Pre,16667.96,482
T1029,South,Control,CAT07,Hardlines,2026-03-30,Pre,17226.0,444
T1029,South,Control,CAT07,Hardlines,2026-04-06,Post,18944.31,501
T1029,South,Control,CAT07,Hardlines,2026-04-13,Post,18781.18,801
T1029,South,Control,CAT07,Hardlines,2026-04-20,Post,16609.85,593
T1029,South,Control,CAT07,Hardlines,2026-04-27,Post,17090.02,596
T1029,South,Control,CAT07,Hardlines,2026-05-04,Post,16375.06,401
T1029,South,Control,CAT07,Hardlines,2026-05-11,Post,17809.96,895
T1029,South,Control,CAT07,Hardlines,2026-05-18,Post,16921.04,537
T1029,South,Control,CAT07,Hardlines,2026-05-25,Post,17307.38,435
T1029,South,Control,CAT07,Hardlines,2026-06-01,Post,18881.08,938
T1029,South,Control,CAT07,Hardlines,2026-06-08,Post,16266.9,567
T1029,South,Control,CAT07,Hardlines,2026-06-15,Post,19424.76,455
T1029,South,Control,CAT07,Hardlines,2026-06-22,Post,18330.29,524
T1029,South,Control,CAT07,Hardlines,2026-06-29,Post,19498.51,633
T1029,South,Control,CAT08,Softlines,2026-01-05,Pre,13426.7,470
T1029,South,Control,CAT08,Softlines,2026-01-12,Pre,13649.95,344
T1029,South,Control,CAT08,Softlines,2026-01-19,Pre,12893.01,307
T1029,South,Control,CAT08,Softlines,2026-01-26,Pre,12015.36,295
T1029,South,Control,CAT08,Softlines,2026-02-02,Pre,12446.1,438
T1029,South,Control,CAT08,Softlines,2026-02-09,Pre,12334.18,314
T1029,South,Control,CAT08,Softlines,2026-02-16,Pre,11349.32,384
T1029,South,Control,CAT08,Softlines,2026-02-23,Pre,14066.93,416
T1029,South,Control,CAT08,Softlines,2026-03-02,Pre,13097.31,454
T1029,South,Control,CAT08,Softlines,2026-03-09,Pre,12461.59,362
T1029,South,Control,CAT08,Softlines,2026-03-16,Pre,15201.78,607
T1029,South,Control,CAT08,Softlines,2026-03-23,Pre,15748.21,691
T1029,South,Control,CAT08,Softlines,2026-03-30,Pre,12209.87,405
T1029,South,Control,CAT08,Softlines,2026-04-06,Post,13226.48,562
T1029,South,Control,CAT08,Softlines,2026-04-13,Post,13218.56,441
T1029,South,Control,CAT08,Softlines,2026-04-20,Post,12683.77,602
T1029,South,Control,CAT08,Softlines,2026-04-27,Post,14534.55,733
T1029,South,Control,CAT08,Softlines,2026-05-04,Post,11846.54,385
T1029,South,Control,CAT08,Softlines,2026-05-11,Post,15337.5,558
T1029,South,Control,CAT08,Softlines,2026-05-18,Post,13802.27,502
T1029,South,Control,CAT08,Softlines,2026-05-25,Post,15680.82,730
T1029,South,Control,CAT08,Softlines,2026-06-01,Post,13824.44,375
T1029,South,Control,CAT08,Softlines,2026-06-08,Post,13615.77,391
T1029,South,Control,CAT08,Softlines,2026-06-15,Post,12488.92,279
T1029,South,Control,CAT08,Softlines,2026-06-22,Post,15056.94,491
T1029,South,Control,CAT08,Softlines,2026-06-29,Post,15962.98,426
T1030,South,Control,CAT01,Grocery & Essentials,2026-01-05,Pre,44374.51,1273
T1030,South,Control,CAT01,Grocery & Essentials,2026-01-12,Pre,49828.97,1122
T1030,South,Control,CAT01,Grocery & Essentials,2026-01-19,Pre,42991.19,1950
T1030,South,Control,CAT01,Grocery & Essentials,2026-01-26,Pre,43162.61,1969
T1030,South,Control,CAT01,Grocery & Essentials,2026-02-02,Pre,46616.02,1820
T1030,South,Control,CAT01,Grocery & Essentials,2026-02-09,Pre,40534.96,2168
T1030,South,Control,CAT01,Grocery & Essentials,2026-02-16,Pre,48927.51,1696
T1030,South,Control,CAT01,Grocery & Essentials,2026-02-23,Pre,45740.25,1744
T1030,South,Control,CAT01,Grocery & Essentials,2026-03-02,Pre,44988.53,1324
T1030,South,Control,CAT01,Grocery & Essentials,2026-03-09,Pre,43413.53,1581
T1030,South,Control,CAT01,Grocery & Essentials,2026-03-16,Pre,47515.71,1215
T1030,South,Control,CAT01,Grocery & Essentials,2026-03-23,Pre,45104.63,2303
T1030,South,Control,CAT01,Grocery & Essentials,2026-03-30,Pre,47704.91,1330
T1030,South,Control,CAT01,Grocery & Essentials,2026-04-06,Post,49017.61,1489
T1030,South,Control,CAT01,Grocery & Essentials,2026-04-13,Post,55402.05,3003
T1030,South,Control,CAT01,Grocery & Essentials,2026-04-20,Post,41809.14,1336
T1030,South,Control,CAT01,Grocery & Essentials,2026-04-27,Post,47761.16,1273
T1030,South,Control,CAT01,Grocery & Essentials,2026-05-04,Post,53642.45,1798
T1030,South,Control,CAT01,Grocery & Essentials,2026-05-11,Post,51283.81,2002
T1030,South,Control,CAT01,Grocery & Essentials,2026-05-18,Post,49008.32,1574
T1030,South,Control,CAT01,Grocery & Essentials,2026-05-25,Post,53012.95,1918
T1030,South,Control,CAT01,Grocery & Essentials,2026-06-01,Post,49622.51,1201
T1030,South,Control,CAT01,Grocery & Essentials,2026-06-08,Post,48279.59,1757
T1030,South,Control,CAT01,Grocery & Essentials,2026-06-15,Post,44803.22,1431
T1030,South,Control,CAT01,Grocery & Essentials,2026-06-22,Post,49642.05,1739
T1030,South,Control,CAT01,Grocery & Essentials,2026-06-29,Post,48189.68,2463
T1030,South,Control,CAT02,Apparel & Accessories,2026-01-05,Pre,18441.08,471
T1030,South,Control,CAT02,Apparel & Accessories,2026-01-12,Pre,19460.86,1027
T1030,South,Control,CAT02,Apparel & Accessories,2026-01-19,Pre,20139.93,691
T1030,South,Control,CAT02,Apparel & Accessories,2026-01-26,Pre,17733.81,637
T1030,South,Control,CAT02,Apparel & Accessories,2026-02-02,Pre,24029.63,583
T1030,South,Control,CAT02,Apparel & Accessories,2026-02-09,Pre,21774.19,549
T1030,South,Control,CAT02,Apparel & Accessories,2026-02-16,Pre,19998.06,684
T1030,South,Control,CAT02,Apparel & Accessories,2026-02-23,Pre,18220.14,938
T1030,South,Control,CAT02,Apparel & Accessories,2026-03-02,Pre,22010.63,1056
T1030,South,Control,CAT02,Apparel & Accessories,2026-03-09,Pre,18846.02,576
T1030,South,Control,CAT02,Apparel & Accessories,2026-03-16,Pre,21361.37,656
T1030,South,Control,CAT02,Apparel & Accessories,2026-03-23,Pre,20488.6,891
T1030,South,Control,CAT02,Apparel & Accessories,2026-03-30,Pre,21012.85,739
T1030,South,Control,CAT02,Apparel & Accessories,2026-04-06,Post,19591.73,453
T1030,South,Control,CAT02,Apparel & Accessories,2026-04-13,Post,18973.82,546
T1030,South,Control,CAT02,Apparel & Accessories,2026-04-20,Post,20521.18,618
T1030,South,Control,CAT02,Apparel & Accessories,2026-04-27,Post,18759.06,526
T1030,South,Control,CAT02,Apparel & Accessories,2026-05-04,Post,21988.29,804
T1030,South,Control,CAT02,Apparel & Accessories,2026-05-11,Post,20525.27,970
T1030,South,Control,CAT02,Apparel & Accessories,2026-05-18,Post,21810.95,1040
T1030,South,Control,CAT02,Apparel & Accessories,2026-05-25,Post,22049.01,846
T1030,South,Control,CAT02,Apparel & Accessories,2026-06-01,Post,22179.5,600
T1030,South,Control,CAT02,Apparel & Accessories,2026-06-08,Post,21154.98,921
T1030,South,Control,CAT02,Apparel & Accessories,2026-06-15,Post,21316.58,737
T1030,South,Control,CAT02,Apparel & Accessories,2026-06-22,Post,21055.23,478
T1030,South,Control,CAT02,Apparel & Accessories,2026-06-29,Post,22205.35,698
T1030,South,Control,CAT03,Home,2026-01-05,Pre,21154.16,557
T1030,South,Control,CAT03,Home,2026-01-12,Pre,23653.22,823
T1030,South,Control,CAT03,Home,2026-01-19,Pre,25330.99,595
T1030,South,Control,CAT03,Home,2026-01-26,Pre,26108.5,894
T1030,South,Control,CAT03,Home,2026-02-02,Pre,25989.85,619
T1030,South,Control,CAT03,Home,2026-02-09,Pre,25194.97,1353
T1030,South,Control,CAT03,Home,2026-02-16,Pre,26547.22,657
T1030,South,Control,CAT03,Home,2026-02-23,Pre,23760.92,924
T1030,South,Control,CAT03,Home,2026-03-02,Pre,24530.91,1067
T1030,South,Control,CAT03,Home,2026-03-09,Pre,22891.93,747
T1030,South,Control,CAT03,Home,2026-03-16,Pre,22117.14,493
T1030,South,Control,CAT03,Home,2026-03-23,Pre,23758.47,580
T1030,South,Control,CAT03,Home,2026-03-30,Pre,25703.77,1196
T1030,South,Control,CAT03,Home,2026-04-06,Post,22457.81,712
T1030,South,Control,CAT03,Home,2026-04-13,Post,28525.49,1172
T1030,South,Control,CAT03,Home,2026-04-20,Post,25769.91,844
T1030,South,Control,CAT03,Home,2026-04-27,Post,23679.45,1055
T1030,South,Control,CAT03,Home,2026-05-04,Post,27754.66,814
T1030,South,Control,CAT03,Home,2026-05-11,Post,25921.41,1127
T1030,South,Control,CAT03,Home,2026-05-18,Post,28448.65,1418
T1030,South,Control,CAT03,Home,2026-05-25,Post,25855.06,1009
T1030,South,Control,CAT03,Home,2026-06-01,Post,24295.35,1058
T1030,South,Control,CAT03,Home,2026-06-08,Post,24655.8,876
T1030,South,Control,CAT03,Home,2026-06-15,Post,26051.57,627
T1030,South,Control,CAT03,Home,2026-06-22,Post,29646.6,1622
T1030,South,Control,CAT03,Home,2026-06-29,Post,25746.03,637
T1030,South,Control,CAT04,Electronics,2026-01-05,Pre,16265.63,501
T1030,South,Control,CAT04,Electronics,2026-01-12,Pre,16217.79,556
T1030,South,Control,CAT04,Electronics,2026-01-19,Pre,15928.62,557
T1030,South,Control,CAT04,Electronics,2026-01-26,Pre,16245.14,500
T1030,South,Control,CAT04,Electronics,2026-02-02,Pre,16013.25,425
T1030,South,Control,CAT04,Electronics,2026-02-09,Pre,14532.69,463
T1030,South,Control,CAT04,Electronics,2026-02-16,Pre,16811.96,416
T1030,South,Control,CAT04,Electronics,2026-02-23,Pre,17567.6,405
T1030,South,Control,CAT04,Electronics,2026-03-02,Pre,15709.81,455
T1030,South,Control,CAT04,Electronics,2026-03-09,Pre,16557.73,502
T1030,South,Control,CAT04,Electronics,2026-03-16,Pre,16223.01,454
T1030,South,Control,CAT04,Electronics,2026-03-23,Pre,14164.85,419
T1030,South,Control,CAT04,Electronics,2026-03-30,Pre,18436.8,523
T1030,South,Control,CAT04,Electronics,2026-04-06,Post,16116.32,705
T1030,South,Control,CAT04,Electronics,2026-04-13,Post,13534.09,446
T1030,South,Control,CAT04,Electronics,2026-04-20,Post,18515.29,512
T1030,South,Control,CAT04,Electronics,2026-04-27,Post,16741.8,438
T1030,South,Control,CAT04,Electronics,2026-05-04,Post,15386.68,733
T1030,South,Control,CAT04,Electronics,2026-05-11,Post,18187.98,746
T1030,South,Control,CAT04,Electronics,2026-05-18,Post,16727.24,776
T1030,South,Control,CAT04,Electronics,2026-05-25,Post,16094.05,359
T1030,South,Control,CAT04,Electronics,2026-06-01,Post,17433.3,668
T1030,South,Control,CAT04,Electronics,2026-06-08,Post,18427.93,418
T1030,South,Control,CAT04,Electronics,2026-06-15,Post,15828.52,378
T1030,South,Control,CAT04,Electronics,2026-06-22,Post,17489.99,453
T1030,South,Control,CAT04,Electronics,2026-06-29,Post,17624.79,608
T1030,South,Control,CAT05,Beauty & Personal Care,2026-01-05,Pre,10262.42,277
T1030,South,Control,CAT05,Beauty & Personal Care,2026-01-12,Pre,13364.7,437
T1030,South,Control,CAT05,Beauty & Personal Care,2026-01-19,Pre,13549.36,703
T1030,South,Control,CAT05,Beauty & Personal Care,2026-01-26,Pre,12780.88,460
T1030,South,Control,CAT05,Beauty & Personal Care,2026-02-02,Pre,13715.93,569
T1030,South,Control,CAT05,Beauty & Personal Care,2026-02-09,Pre,12252.19,524
T1030,South,Control,CAT05,Beauty & Personal Care,2026-02-16,Pre,13156.34,374
T1030,South,Control,CAT05,Beauty & Personal Care,2026-02-23,Pre,14023.55,474
T1030,South,Control,CAT05,Beauty & Personal Care,2026-03-02,Pre,12987.24,497
T1030,South,Control,CAT05,Beauty & Personal Care,2026-03-09,Pre,12024.93,285
T1030,South,Control,CAT05,Beauty & Personal Care,2026-03-16,Pre,12815.54,368
T1030,South,Control,CAT05,Beauty & Personal Care,2026-03-23,Pre,14103.18,436
T1030,South,Control,CAT05,Beauty & Personal Care,2026-03-30,Pre,12101.62,458
T1030,South,Control,CAT05,Beauty & Personal Care,2026-04-06,Post,14609.07,553
T1030,South,Control,CAT05,Beauty & Personal Care,2026-04-13,Post,13704.07,305
T1030,South,Control,CAT05,Beauty & Personal Care,2026-04-20,Post,12304.03,277
T1030,South,Control,CAT05,Beauty & Personal Care,2026-04-27,Post,14201.24,334
T1030,South,Control,CAT05,Beauty & Personal Care,2026-05-04,Post,13011.72,390
T1030,South,Control,CAT05,Beauty & Personal Care,2026-05-11,Post,14143.12,396
T1030,South,Control,CAT05,Beauty & Personal Care,2026-05-18,Post,15515.43,847
T1030,South,Control,CAT05,Beauty & Personal Care,2026-05-25,Post,14109.54,474
T1030,South,Control,CAT05,Beauty & Personal Care,2026-06-01,Post,13747.72,431
T1030,South,Control,CAT05,Beauty & Personal Care,2026-06-08,Post,13786.47,386
T1030,South,Control,CAT05,Beauty & Personal Care,2026-06-15,Post,14533.04,329
T1030,South,Control,CAT05,Beauty & Personal Care,2026-06-22,Post,14404.67,414
T1030,South,Control,CAT05,Beauty & Personal Care,2026-06-29,Post,14934.75,343
T1030,South,Control,CAT06,Toys,2026-01-05,Pre,9341.7,422
T1030,South,Control,CAT06,Toys,2026-01-12,Pre,9658.15,288
T1030,South,Control,CAT06,Toys,2026-01-19,Pre,10381.85,565
T1030,South,Control,CAT06,Toys,2026-01-26,Pre,10481.32,461
T1030,South,Control,CAT06,Toys,2026-02-02,Pre,10528.77,394
T1030,South,Control,CAT06,Toys,2026-02-09,Pre,10425.38,270
T1030,South,Control,CAT06,Toys,2026-02-16,Pre,10491.32,450
T1030,South,Control,CAT06,Toys,2026-02-23,Pre,10170.7,260
T1030,South,Control,CAT06,Toys,2026-03-02,Pre,9133.23,255
T1030,South,Control,CAT06,Toys,2026-03-09,Pre,9225.73,216
T1030,South,Control,CAT06,Toys,2026-03-16,Pre,10176.76,514
T1030,South,Control,CAT06,Toys,2026-03-23,Pre,10246.41,409
T1030,South,Control,CAT06,Toys,2026-03-30,Pre,9639.44,317
T1030,South,Control,CAT06,Toys,2026-04-06,Post,9716.49,312
T1030,South,Control,CAT06,Toys,2026-04-13,Post,10225.67,485
T1030,South,Control,CAT06,Toys,2026-04-20,Post,11915.2,322
T1030,South,Control,CAT06,Toys,2026-04-27,Post,9667.3,457
T1030,South,Control,CAT06,Toys,2026-05-04,Post,10123.25,514
T1030,South,Control,CAT06,Toys,2026-05-11,Post,11085.91,498
T1030,South,Control,CAT06,Toys,2026-05-18,Post,10980.06,272
T1030,South,Control,CAT06,Toys,2026-05-25,Post,10741.31,310
T1030,South,Control,CAT06,Toys,2026-06-01,Post,9300.78,245
T1030,South,Control,CAT06,Toys,2026-06-08,Post,10426.68,276
T1030,South,Control,CAT06,Toys,2026-06-15,Post,11997.09,302
T1030,South,Control,CAT06,Toys,2026-06-22,Post,10100.45,425
T1030,South,Control,CAT06,Toys,2026-06-29,Post,10111.44,344
T1030,South,Control,CAT07,Hardlines,2026-01-05,Pre,16765.48,742
T1030,South,Control,CAT07,Hardlines,2026-01-12,Pre,15121.17,579
T1030,South,Control,CAT07,Hardlines,2026-01-19,Pre,13519.09,478
T1030,South,Control,CAT07,Hardlines,2026-01-26,Pre,14182.07,490
T1030,South,Control,CAT07,Hardlines,2026-02-02,Pre,14789.19,408
T1030,South,Control,CAT07,Hardlines,2026-02-09,Pre,15727.47,839
T1030,South,Control,CAT07,Hardlines,2026-02-16,Pre,15304.52,806
T1030,South,Control,CAT07,Hardlines,2026-02-23,Pre,14655.62,338
T1030,South,Control,CAT07,Hardlines,2026-03-02,Pre,15439.03,655
T1030,South,Control,CAT07,Hardlines,2026-03-09,Pre,14850.97,376
T1030,South,Control,CAT07,Hardlines,2026-03-16,Pre,17853.74,713
T1030,South,Control,CAT07,Hardlines,2026-03-23,Pre,14577.79,607
T1030,South,Control,CAT07,Hardlines,2026-03-30,Pre,15382.49,429
T1030,South,Control,CAT07,Hardlines,2026-04-06,Post,15291.71,619
T1030,South,Control,CAT07,Hardlines,2026-04-13,Post,15366.57,489
T1030,South,Control,CAT07,Hardlines,2026-04-20,Post,14908.36,378
T1030,South,Control,CAT07,Hardlines,2026-04-27,Post,17733.66,456
T1030,South,Control,CAT07,Hardlines,2026-05-04,Post,18789.28,951
T1030,South,Control,CAT07,Hardlines,2026-05-11,Post,16667.15,766
T1030,South,Control,CAT07,Hardlines,2026-05-18,Post,16626.91,482
T1030,South,Control,CAT07,Hardlines,2026-05-25,Post,14656.43,608
T1030,South,Control,CAT07,Hardlines,2026-06-01,Post,18033.53,649
T1030,South,Control,CAT07,Hardlines,2026-06-08,Post,15595.52,778
T1030,South,Control,CAT07,Hardlines,2026-06-15,Post,14707.97,647
T1030,South,Control,CAT07,Hardlines,2026-06-22,Post,17250.0,816
T1030,South,Control,CAT07,Hardlines,2026-06-29,Post,17919.31,451
T1030,South,Control,CAT08,Softlines,2026-01-05,Pre,13061.36,344
T1030,South,Control,CAT08,Softlines,2026-01-12,Pre,11588.74,476
T1030,South,Control,CAT08,Softlines,2026-01-19,Pre,11542.93,276
T1030,South,Control,CAT08,Softlines,2026-01-26,Pre,12217.66,497
T1030,South,Control,CAT08,Softlines,2026-02-02,Pre,11931.26,419
T1030,South,Control,CAT08,Softlines,2026-02-09,Pre,12631.46,282
T1030,South,Control,CAT08,Softlines,2026-02-16,Pre,12371.62,409
T1030,South,Control,CAT08,Softlines,2026-02-23,Pre,10700.26,241
T1030,South,Control,CAT08,Softlines,2026-03-02,Pre,11559.53,506
T1030,South,Control,CAT08,Softlines,2026-03-09,Pre,13564.69,308
T1030,South,Control,CAT08,Softlines,2026-03-16,Pre,12884.66,470
T1030,South,Control,CAT08,Softlines,2026-03-23,Pre,13339.64,330
T1030,South,Control,CAT08,Softlines,2026-03-30,Pre,11752.25,436
T1030,South,Control,CAT08,Softlines,2026-04-06,Post,13006.61,484
T1030,South,Control,CAT08,Softlines,2026-04-13,Post,10216.05,261
T1030,South,Control,CAT08,Softlines,2026-04-20,Post,13350.87,464
T1030,South,Control,CAT08,Softlines,2026-04-27,Post,12819.9,493
T1030,South,Control,CAT08,Softlines,2026-05-04,Post,11793.49,550
T1030,South,Control,CAT08,Softlines,2026-05-11,Post,12832.01,652
T1030,South,Control,CAT08,Softlines,2026-05-18,Post,13458.77,383
T1030,South,Control,CAT08,Softlines,2026-05-25,Post,13868.03,427
T1030,South,Control,CAT08,Softlines,2026-06-01,Post,11621.67,348
T1030,South,Control,CAT08,Softlines,2026-06-08,Post,13091.01,331
T1030,South,Control,CAT08,Softlines,2026-06-15,Post,11871.15,382
T1030,South,Control,CAT08,Softlines,2026-06-22,Post,13721.75,435
T1030,South,Control,CAT08,Softlines,2026-06-29,Post,14019.78,556
T1031,West,Control,CAT01,Grocery & Essentials,2026-01-05,Pre,36794.14,1556
T1031,West,Control,CAT01,Grocery & Essentials,2026-01-12,Pre,39788.85,1810
T1031,West,Control,CAT01,Grocery & Essentials,2026-01-19,Pre,38641.65,1086
T1031,West,Control,CAT01,Grocery & Essentials,2026-01-26,Pre,38456.25,1983
T1031,West,Control,CAT01,Grocery & Essentials,2026-02-02,Pre,34807.61,1158
T1031,West,Control,CAT01,Grocery & Essentials,2026-02-09,Pre,36516.03,1207
T1031,West,Control,CAT01,Grocery & Essentials,2026-02-16,Pre,33839.97,880
T1031,West,Control,CAT01,Grocery & Essentials,2026-02-23,Pre,38245.96,1393
T1031,West,Control,CAT01,Grocery & Essentials,2026-03-02,Pre,36724.33,1461
T1031,West,Control,CAT01,Grocery & Essentials,2026-03-09,Pre,35956.88,1255
T1031,West,Control,CAT01,Grocery & Essentials,2026-03-16,Pre,33619.46,1228
T1031,West,Control,CAT01,Grocery & Essentials,2026-03-23,Pre,36082.17,1123
T1031,West,Control,CAT01,Grocery & Essentials,2026-03-30,Pre,39804.15,1724
T1031,West,Control,CAT01,Grocery & Essentials,2026-04-06,Post,36724.11,912
T1031,West,Control,CAT01,Grocery & Essentials,2026-04-13,Post,34046.29,980
T1031,West,Control,CAT01,Grocery & Essentials,2026-04-20,Post,33703.41,1343
T1031,West,Control,CAT01,Grocery & Essentials,2026-04-27,Post,37323.87,1814
T1031,West,Control,CAT01,Grocery & Essentials,2026-05-04,Post,33977.42,841
T1031,West,Control,CAT01,Grocery & Essentials,2026-05-11,Post,35274.66,1059
T1031,West,Control,CAT01,Grocery & Essentials,2026-05-18,Post,40236.21,1876
T1031,West,Control,CAT01,Grocery & Essentials,2026-05-25,Post,35596.63,1646
T1031,West,Control,CAT01,Grocery & Essentials,2026-06-01,Post,38822.49,1532
T1031,West,Control,CAT01,Grocery & Essentials,2026-06-08,Post,39575.56,1415
T1031,West,Control,CAT01,Grocery & Essentials,2026-06-15,Post,40425.43,1056
T1031,West,Control,CAT01,Grocery & Essentials,2026-06-22,Post,37372.9,1595
T1031,West,Control,CAT01,Grocery & Essentials,2026-06-29,Post,34401.01,1265
T1031,West,Control,CAT02,Apparel & Accessories,2026-01-05,Pre,13880.35,474
T1031,West,Control,CAT02,Apparel & Accessories,2026-01-12,Pre,13731.31,398
T1031,West,Control,CAT02,Apparel & Accessories,2026-01-19,Pre,13840.04,424
T1031,West,Control,CAT02,Apparel & Accessories,2026-01-26,Pre,14480.36,577
T1031,West,Control,CAT02,Apparel & Accessories,2026-02-02,Pre,15974.76,421
T1031,West,Control,CAT02,Apparel & Accessories,2026-02-09,Pre,17056.2,496
T1031,West,Control,CAT02,Apparel & Accessories,2026-02-16,Pre,14115.62,360
T1031,West,Control,CAT02,Apparel & Accessories,2026-02-23,Pre,14594.78,621
T1031,West,Control,CAT02,Apparel & Accessories,2026-03-02,Pre,15351.91,458
T1031,West,Control,CAT02,Apparel & Accessories,2026-03-09,Pre,16299.98,426
T1031,West,Control,CAT02,Apparel & Accessories,2026-03-16,Pre,14810.16,590
T1031,West,Control,CAT02,Apparel & Accessories,2026-03-23,Pre,14981.37,715
T1031,West,Control,CAT02,Apparel & Accessories,2026-03-30,Pre,16950.31,754
T1031,West,Control,CAT02,Apparel & Accessories,2026-04-06,Post,15053.22,730
T1031,West,Control,CAT02,Apparel & Accessories,2026-04-13,Post,14801.17,332
T1031,West,Control,CAT02,Apparel & Accessories,2026-04-20,Post,16639.12,621
T1031,West,Control,CAT02,Apparel & Accessories,2026-04-27,Post,15387.93,693
T1031,West,Control,CAT02,Apparel & Accessories,2026-05-04,Post,16082.95,818
T1031,West,Control,CAT02,Apparel & Accessories,2026-05-11,Post,16358.18,380
T1031,West,Control,CAT02,Apparel & Accessories,2026-05-18,Post,14904.37,461
T1031,West,Control,CAT02,Apparel & Accessories,2026-05-25,Post,14167.39,345
T1031,West,Control,CAT02,Apparel & Accessories,2026-06-01,Post,14334.44,770
T1031,West,Control,CAT02,Apparel & Accessories,2026-06-08,Post,14480.8,367
T1031,West,Control,CAT02,Apparel & Accessories,2026-06-15,Post,16027.37,444
T1031,West,Control,CAT02,Apparel & Accessories,2026-06-22,Post,17358.21,590
T1031,West,Control,CAT02,Apparel & Accessories,2026-06-29,Post,15606.96,548
T1031,West,Control,CAT03,Home,2026-01-05,Pre,19451.95,722
T1031,West,Control,CAT03,Home,2026-01-12,Pre,16559.16,377
T1031,West,Control,CAT03,Home,2026-01-19,Pre,18665.58,572
T1031,West,Control,CAT03,Home,2026-01-26,Pre,16803.32,577
T1031,West,Control,CAT03,Home,2026-02-02,Pre,17073.04,414
T1031,West,Control,CAT03,Home,2026-02-09,Pre,18957.73,676
T1031,West,Control,CAT03,Home,2026-02-16,Pre,17672.25,493
T1031,West,Control,CAT03,Home,2026-02-23,Pre,18629.8,580
T1031,West,Control,CAT03,Home,2026-03-02,Pre,17012.27,553
T1031,West,Control,CAT03,Home,2026-03-09,Pre,19280.55,539
T1031,West,Control,CAT03,Home,2026-03-16,Pre,18776.37,981
T1031,West,Control,CAT03,Home,2026-03-23,Pre,17899.75,506
T1031,West,Control,CAT03,Home,2026-03-30,Pre,22119.53,826
T1031,West,Control,CAT03,Home,2026-04-06,Post,18473.1,677
T1031,West,Control,CAT03,Home,2026-04-13,Post,15135.97,436
T1031,West,Control,CAT03,Home,2026-04-20,Post,20043.14,681
T1031,West,Control,CAT03,Home,2026-04-27,Post,17157.73,733
T1031,West,Control,CAT03,Home,2026-05-04,Post,19735.9,1077
T1031,West,Control,CAT03,Home,2026-05-11,Post,20142.26,702
T1031,West,Control,CAT03,Home,2026-05-18,Post,20588.86,480
T1031,West,Control,CAT03,Home,2026-05-25,Post,20478.47,592
T1031,West,Control,CAT03,Home,2026-06-01,Post,17748.64,427
T1031,West,Control,CAT03,Home,2026-06-08,Post,19484.1,964
T1031,West,Control,CAT03,Home,2026-06-15,Post,22146.82,1214
T1031,West,Control,CAT03,Home,2026-06-22,Post,18801.4,544
T1031,West,Control,CAT03,Home,2026-06-29,Post,20905.68,533
T1031,West,Control,CAT04,Electronics,2026-01-05,Pre,14749.85,765
T1031,West,Control,CAT04,Electronics,2026-01-12,Pre,14076.26,376
T1031,West,Control,CAT04,Electronics,2026-01-19,Pre,11430.59,271
T1031,West,Control,CAT04,Electronics,2026-01-26,Pre,13033.77,580
T1031,West,Control,CAT04,Electronics,2026-02-02,Pre,13143.16,302
T1031,West,Control,CAT04,Electronics,2026-02-09,Pre,12984.08,339
T1031,West,Control,CAT04,Electronics,2026-02-16,Pre,11483.56,631
T1031,West,Control,CAT04,Electronics,2026-02-23,Pre,12716.37,309
T1031,West,Control,CAT04,Electronics,2026-03-02,Pre,12759.82,592
T1031,West,Control,CAT04,Electronics,2026-03-09,Pre,11510.3,397
T1031,West,Control,CAT04,Electronics,2026-03-16,Pre,12430.78,513
T1031,West,Control,CAT04,Electronics,2026-03-23,Pre,12953.63,371
T1031,West,Control,CAT04,Electronics,2026-03-30,Pre,12700.33,615
T1031,West,Control,CAT04,Electronics,2026-04-06,Post,13459.82,340
T1031,West,Control,CAT04,Electronics,2026-04-13,Post,12600.56,558
T1031,West,Control,CAT04,Electronics,2026-04-20,Post,13018.55,482
T1031,West,Control,CAT04,Electronics,2026-04-27,Post,13850.34,316
T1031,West,Control,CAT04,Electronics,2026-05-04,Post,14628.86,425
T1031,West,Control,CAT04,Electronics,2026-05-11,Post,12004.72,348
T1031,West,Control,CAT04,Electronics,2026-05-18,Post,13729.69,318
T1031,West,Control,CAT04,Electronics,2026-05-25,Post,12745.06,325
T1031,West,Control,CAT04,Electronics,2026-06-01,Post,13600.56,404
T1031,West,Control,CAT04,Electronics,2026-06-08,Post,12123.18,347
T1031,West,Control,CAT04,Electronics,2026-06-15,Post,14463.29,347
T1031,West,Control,CAT04,Electronics,2026-06-22,Post,12650.31,535
T1031,West,Control,CAT04,Electronics,2026-06-29,Post,14337.72,436
T1031,West,Control,CAT05,Beauty & Personal Care,2026-01-05,Pre,8990.35,287
T1031,West,Control,CAT05,Beauty & Personal Care,2026-01-12,Pre,8825.93,271
T1031,West,Control,CAT05,Beauty & Personal Care,2026-01-19,Pre,9688.98,425
T1031,West,Control,CAT05,Beauty & Personal Care,2026-01-26,Pre,10021.44,534
T1031,West,Control,CAT05,Beauty & Personal Care,2026-02-02,Pre,11476.74,428
T1031,West,Control,CAT05,Beauty & Personal Care,2026-02-09,Pre,10083.75,316
T1031,West,Control,CAT05,Beauty & Personal Care,2026-02-16,Pre,9288.02,324
T1031,West,Control,CAT05,Beauty & Personal Care,2026-02-23,Pre,10590.61,584
T1031,West,Control,CAT05,Beauty & Personal Care,2026-03-02,Pre,11066.03,527
T1031,West,Control,CAT05,Beauty & Personal Care,2026-03-09,Pre,9530.37,411
T1031,West,Control,CAT05,Beauty & Personal Care,2026-03-16,Pre,10815.6,484
T1031,West,Control,CAT05,Beauty & Personal Care,2026-03-23,Pre,11086.66,451
T1031,West,Control,CAT05,Beauty & Personal Care,2026-03-30,Pre,10815.31,260
T1031,West,Control,CAT05,Beauty & Personal Care,2026-04-06,Post,9809.68,476
T1031,West,Control,CAT05,Beauty & Personal Care,2026-04-13,Post,10464.84,490
T1031,West,Control,CAT05,Beauty & Personal Care,2026-04-20,Post,10638.61,541
T1031,West,Control,CAT05,Beauty & Personal Care,2026-04-27,Post,11249.37,258
T1031,West,Control,CAT05,Beauty & Personal Care,2026-05-04,Post,10003.29,426
T1031,West,Control,CAT05,Beauty & Personal Care,2026-05-11,Post,11168.51,251
T1031,West,Control,CAT05,Beauty & Personal Care,2026-05-18,Post,10406.52,293
T1031,West,Control,CAT05,Beauty & Personal Care,2026-05-25,Post,10288.37,291
T1031,West,Control,CAT05,Beauty & Personal Care,2026-06-01,Post,10623.91,307
T1031,West,Control,CAT05,Beauty & Personal Care,2026-06-08,Post,8973.47,278
T1031,West,Control,CAT05,Beauty & Personal Care,2026-06-15,Post,9188.69,252
T1031,West,Control,CAT05,Beauty & Personal Care,2026-06-22,Post,9385.33,308
T1031,West,Control,CAT05,Beauty & Personal Care,2026-06-29,Post,11074.01,598
T1031,West,Control,CAT06,Toys,2026-01-05,Pre,7199.03,207
T1031,West,Control,CAT06,Toys,2026-01-12,Pre,7023.03,236
T1031,West,Control,CAT06,Toys,2026-01-19,Pre,7363.35,181
T1031,West,Control,CAT06,Toys,2026-01-26,Pre,7920.87,249
T1031,West,Control,CAT06,Toys,2026-02-02,Pre,6483.14,148
T1031,West,Control,CAT06,Toys,2026-02-09,Pre,7427.14,227
T1031,West,Control,CAT06,Toys,2026-02-16,Pre,6953.37,198
T1031,West,Control,CAT06,Toys,2026-02-23,Pre,8819.12,267
T1031,West,Control,CAT06,Toys,2026-03-02,Pre,7564.77,183
T1031,West,Control,CAT06,Toys,2026-03-09,Pre,8256.69,366
T1031,West,Control,CAT06,Toys,2026-03-16,Pre,8054.97,231
T1031,West,Control,CAT06,Toys,2026-03-23,Pre,7425.27,176
T1031,West,Control,CAT06,Toys,2026-03-30,Pre,8603.22,333
T1031,West,Control,CAT06,Toys,2026-04-06,Post,6514.73,150
T1031,West,Control,CAT06,Toys,2026-04-13,Post,7426.96,320
T1031,West,Control,CAT06,Toys,2026-04-20,Post,7993.6,263
T1031,West,Control,CAT06,Toys,2026-04-27,Post,7947.67,312
T1031,West,Control,CAT06,Toys,2026-05-04,Post,8029.42,224
T1031,West,Control,CAT06,Toys,2026-05-11,Post,8682.56,242
T1031,West,Control,CAT06,Toys,2026-05-18,Post,7901.5,291
T1031,West,Control,CAT06,Toys,2026-05-25,Post,9161.27,209
T1031,West,Control,CAT06,Toys,2026-06-01,Post,8062.22,234
T1031,West,Control,CAT06,Toys,2026-06-08,Post,8119.8,194
T1031,West,Control,CAT06,Toys,2026-06-15,Post,9219.59,310
T1031,West,Control,CAT06,Toys,2026-06-22,Post,8685.1,388
T1031,West,Control,CAT06,Toys,2026-06-29,Post,7229.06,251
T1031,West,Control,CAT07,Hardlines,2026-01-05,Pre,10968.27,292
T1031,West,Control,CAT07,Hardlines,2026-01-12,Pre,11523.58,283
T1031,West,Control,CAT07,Hardlines,2026-01-19,Pre,12679.77,382
T1031,West,Control,CAT07,Hardlines,2026-01-26,Pre,12823.04,582
T1031,West,Control,CAT07,Hardlines,2026-02-02,Pre,11558.28,386
T1031,West,Control,CAT07,Hardlines,2026-02-09,Pre,11162.64,445
T1031,West,Control,CAT07,Hardlines,2026-02-16,Pre,11534.88,466
T1031,West,Control,CAT07,Hardlines,2026-02-23,Pre,11828.72,612
T1031,West,Control,CAT07,Hardlines,2026-03-02,Pre,11569.9,510
T1031,West,Control,CAT07,Hardlines,2026-03-09,Pre,12867.84,484
T1031,West,Control,CAT07,Hardlines,2026-03-16,Pre,11581.54,549
T1031,West,Control,CAT07,Hardlines,2026-03-23,Pre,11214.67,329
T1031,West,Control,CAT07,Hardlines,2026-03-30,Pre,11787.85,621
T1031,West,Control,CAT07,Hardlines,2026-04-06,Post,12266.96,356
T1031,West,Control,CAT07,Hardlines,2026-04-13,Post,13134.48,642
T1031,West,Control,CAT07,Hardlines,2026-04-20,Post,11326.46,308
T1031,West,Control,CAT07,Hardlines,2026-04-27,Post,12412.4,388
T1031,West,Control,CAT07,Hardlines,2026-05-04,Post,12485.61,395
T1031,West,Control,CAT07,Hardlines,2026-05-11,Post,12692.41,505
T1031,West,Control,CAT07,Hardlines,2026-05-18,Post,11981.69,266
T1031,West,Control,CAT07,Hardlines,2026-05-25,Post,12771.7,487
T1031,West,Control,CAT07,Hardlines,2026-06-01,Post,13036.02,633
T1031,West,Control,CAT07,Hardlines,2026-06-08,Post,12106.43,444
T1031,West,Control,CAT07,Hardlines,2026-06-15,Post,12632.6,433
T1031,West,Control,CAT07,Hardlines,2026-06-22,Post,12378.8,510
T1031,West,Control,CAT07,Hardlines,2026-06-29,Post,11918.89,403
T1031,West,Control,CAT08,Softlines,2026-01-05,Pre,8184.77,215
T1031,West,Control,CAT08,Softlines,2026-01-12,Pre,8630.12,216
T1031,West,Control,CAT08,Softlines,2026-01-19,Pre,8705.74,274
T1031,West,Control,CAT08,Softlines,2026-01-26,Pre,8274.46,242
T1031,West,Control,CAT08,Softlines,2026-02-02,Pre,9395.97,272
T1031,West,Control,CAT08,Softlines,2026-02-09,Pre,9686.6,456
T1031,West,Control,CAT08,Softlines,2026-02-16,Pre,9070.48,384
T1031,West,Control,CAT08,Softlines,2026-02-23,Pre,9196.16,373
T1031,West,Control,CAT08,Softlines,2026-03-02,Pre,8952.32,287
T1031,West,Control,CAT08,Softlines,2026-03-09,Pre,9231.56,332
T1031,West,Control,CAT08,Softlines,2026-03-16,Pre,9668.33,289
T1031,West,Control,CAT08,Softlines,2026-03-23,Pre,9570.57,360
T1031,West,Control,CAT08,Softlines,2026-03-30,Pre,9334.74,226
T1031,West,Control,CAT08,Softlines,2026-04-06,Post,9085.43,224
T1031,West,Control,CAT08,Softlines,2026-04-13,Post,9967.41,333
T1031,West,Control,CAT08,Softlines,2026-04-20,Post,9216.34,431
T1031,West,Control,CAT08,Softlines,2026-04-27,Post,8744.2,216
T1031,West,Control,CAT08,Softlines,2026-05-04,Post,9667.24,227
T1031,West,Control,CAT08,Softlines,2026-05-11,Post,8506.02,288
T1031,West,Control,CAT08,Softlines,2026-05-18,Post,9835.84,233
T1031,West,Control,CAT08,Softlines,2026-05-25,Post,9922.26,389
T1031,West,Control,CAT08,Softlines,2026-06-01,Post,9311.15,367
T1031,West,Control,CAT08,Softlines,2026-06-08,Post,9432.66,352
T1031,West,Control,CAT08,Softlines,2026-06-15,Post,10409.91,447
T1031,West,Control,CAT08,Softlines,2026-06-22,Post,11221.06,407
T1031,West,Control,CAT08,Softlines,2026-06-29,Post,9877.31,295
T1032,Midwest,Control,CAT01,Grocery & Essentials,2026-01-05,Pre,34167.84,928
T1032,Midwest,Control,CAT01,Grocery & Essentials,2026-01-12,Pre,35384.06,826
T1032,Midwest,Control,CAT01,Grocery & Essentials,2026-01-19,Pre,34832.86,830
T1032,Midwest,Control,CAT01,Grocery & Essentials,2026-01-26,Pre,37782.84,1671
T1032,Midwest,Control,CAT01,Grocery & Essentials,2026-02-02,Pre,35402.58,1242
T1032,Midwest,Control,CAT01,Grocery & Essentials,2026-02-09,Pre,39993.57,1400
T1032,Midwest,Control,CAT01,Grocery & Essentials,2026-02-16,Pre,34296.96,1270
T1032,Midwest,Control,CAT01,Grocery & Essentials,2026-02-23,Pre,32132.02,905
T1032,Midwest,Control,CAT01,Grocery & Essentials,2026-03-02,Pre,35584.11,1828
T1032,Midwest,Control,CAT01,Grocery & Essentials,2026-03-09,Pre,36879.87,1266
T1032,Midwest,Control,CAT01,Grocery & Essentials,2026-03-16,Pre,33820.99,1115
T1032,Midwest,Control,CAT01,Grocery & Essentials,2026-03-23,Pre,39750.11,1097
T1032,Midwest,Control,CAT01,Grocery & Essentials,2026-03-30,Pre,37033.23,890
T1032,Midwest,Control,CAT01,Grocery & Essentials,2026-04-06,Post,32778.31,728
T1032,Midwest,Control,CAT01,Grocery & Essentials,2026-04-13,Post,36815.98,1860
T1032,Midwest,Control,CAT01,Grocery & Essentials,2026-04-20,Post,39754.8,1475
T1032,Midwest,Control,CAT01,Grocery & Essentials,2026-04-27,Post,34856.08,907
T1032,Midwest,Control,CAT01,Grocery & Essentials,2026-05-04,Post,37203.25,1256
T1032,Midwest,Control,CAT01,Grocery & Essentials,2026-05-11,Post,42424.41,1177
T1032,Midwest,Control,CAT01,Grocery & Essentials,2026-05-18,Post,37682.13,1310
T1032,Midwest,Control,CAT01,Grocery & Essentials,2026-05-25,Post,38679.52,1044
T1032,Midwest,Control,CAT01,Grocery & Essentials,2026-06-01,Post,42048.92,1028
T1032,Midwest,Control,CAT01,Grocery & Essentials,2026-06-08,Post,40714.66,1207
T1032,Midwest,Control,CAT01,Grocery & Essentials,2026-06-15,Post,40529.02,1050
T1032,Midwest,Control,CAT01,Grocery & Essentials,2026-06-22,Post,37581.2,916
T1032,Midwest,Control,CAT01,Grocery & Essentials,2026-06-29,Post,40772.85,1110
T1032,Midwest,Control,CAT02,Apparel & Accessories,2026-01-05,Pre,15097.37,389
T1032,Midwest,Control,CAT02,Apparel & Accessories,2026-01-12,Pre,12375.75,333
T1032,Midwest,Control,CAT02,Apparel & Accessories,2026-01-19,Pre,14595.32,745
T1032,Midwest,Control,CAT02,Apparel & Accessories,2026-01-26,Pre,15927.88,400
T1032,Midwest,Control,CAT02,Apparel & Accessories,2026-02-02,Pre,14597.78,334
T1032,Midwest,Control,CAT02,Apparel & Accessories,2026-02-09,Pre,16469.08,388
T1032,Midwest,Control,CAT02,Apparel & Accessories,2026-02-16,Pre,15730.67,371
T1032,Midwest,Control,CAT02,Apparel & Accessories,2026-02-23,Pre,16275.24,367
T1032,Midwest,Control,CAT02,Apparel & Accessories,2026-03-02,Pre,15330.94,635
T1032,Midwest,Control,CAT02,Apparel & Accessories,2026-03-09,Pre,15176.23,396
T1032,Midwest,Control,CAT02,Apparel & Accessories,2026-03-16,Pre,15796.08,366
T1032,Midwest,Control,CAT02,Apparel & Accessories,2026-03-23,Pre,16787.12,403
T1032,Midwest,Control,CAT02,Apparel & Accessories,2026-03-30,Pre,14599.64,358
T1032,Midwest,Control,CAT02,Apparel & Accessories,2026-04-06,Post,17779.43,604
T1032,Midwest,Control,CAT02,Apparel & Accessories,2026-04-13,Post,16878.32,699
T1032,Midwest,Control,CAT02,Apparel & Accessories,2026-04-20,Post,15022.78,374
T1032,Midwest,Control,CAT02,Apparel & Accessories,2026-04-27,Post,16047.91,860
T1032,Midwest,Control,CAT02,Apparel & Accessories,2026-05-04,Post,15358.06,679
T1032,Midwest,Control,CAT02,Apparel & Accessories,2026-05-11,Post,15075.29,601
T1032,Midwest,Control,CAT02,Apparel & Accessories,2026-05-18,Post,17270.62,390
T1032,Midwest,Control,CAT02,Apparel & Accessories,2026-05-25,Post,16471.69,481
T1032,Midwest,Control,CAT02,Apparel & Accessories,2026-06-01,Post,15934.24,400
T1032,Midwest,Control,CAT02,Apparel & Accessories,2026-06-08,Post,17248.91,388
T1032,Midwest,Control,CAT02,Apparel & Accessories,2026-06-15,Post,16234.51,828
T1032,Midwest,Control,CAT02,Apparel & Accessories,2026-06-22,Post,14183.51,349
T1032,Midwest,Control,CAT02,Apparel & Accessories,2026-06-29,Post,15948.05,424
T1032,Midwest,Control,CAT03,Home,2026-01-05,Pre,18184.53,550
T1032,Midwest,Control,CAT03,Home,2026-01-12,Pre,20643.89,729
T1032,Midwest,Control,CAT03,Home,2026-01-19,Pre,19653.82,773
T1032,Midwest,Control,CAT03,Home,2026-01-26,Pre,17923.87,725
T1032,Midwest,Control,CAT03,Home,2026-02-02,Pre,20595.83,613
T1032,Midwest,Control,CAT03,Home,2026-02-09,Pre,20360.21,561
T1032,Midwest,Control,CAT03,Home,2026-02-16,Pre,17362.95,911
T1032,Midwest,Control,CAT03,Home,2026-02-23,Pre,21502.31,517
T1032,Midwest,Control,CAT03,Home,2026-03-02,Pre,18107.71,412
T1032,Midwest,Control,CAT03,Home,2026-03-09,Pre,18986.84,450
T1032,Midwest,Control,CAT03,Home,2026-03-16,Pre,20516.93,522
T1032,Midwest,Control,CAT03,Home,2026-03-23,Pre,16749.47,424
T1032,Midwest,Control,CAT03,Home,2026-03-30,Pre,18833.87,667
T1032,Midwest,Control,CAT03,Home,2026-04-06,Post,19479.41,697
T1032,Midwest,Control,CAT03,Home,2026-04-13,Post,20533.99,555
T1032,Midwest,Control,CAT03,Home,2026-04-20,Post,19212.22,581
T1032,Midwest,Control,CAT03,Home,2026-04-27,Post,17084.44,532
T1032,Midwest,Control,CAT03,Home,2026-05-04,Post,21946.91,581
T1032,Midwest,Control,CAT03,Home,2026-05-11,Post,19476.9,682
T1032,Midwest,Control,CAT03,Home,2026-05-18,Post,19976.98,817
T1032,Midwest,Control,CAT03,Home,2026-05-25,Post,17694.58,524
T1032,Midwest,Control,CAT03,Home,2026-06-01,Post,21566.13,505
T1032,Midwest,Control,CAT03,Home,2026-06-08,Post,19108.52,468
T1032,Midwest,Control,CAT03,Home,2026-06-15,Post,18852.28,572
T1032,Midwest,Control,CAT03,Home,2026-06-22,Post,21431.9,571
T1032,Midwest,Control,CAT03,Home,2026-06-29,Post,18153.33,453
T1032,Midwest,Control,CAT04,Electronics,2026-01-05,Pre,12671.32,282
T1032,Midwest,Control,CAT04,Electronics,2026-01-12,Pre,11794.22,398
T1032,Midwest,Control,CAT04,Electronics,2026-01-19,Pre,12875.31,491
T1032,Midwest,Control,CAT04,Electronics,2026-01-26,Pre,13155.55,301
T1032,Midwest,Control,CAT04,Electronics,2026-02-02,Pre,12137.69,422
T1032,Midwest,Control,CAT04,Electronics,2026-02-09,Pre,13775.24,430
T1032,Midwest,Control,CAT04,Electronics,2026-02-16,Pre,12686.66,595
T1032,Midwest,Control,CAT04,Electronics,2026-02-23,Pre,14419.86,651
T1032,Midwest,Control,CAT04,Electronics,2026-03-02,Pre,13771.86,359
T1032,Midwest,Control,CAT04,Electronics,2026-03-09,Pre,12932.13,434
T1032,Midwest,Control,CAT04,Electronics,2026-03-16,Pre,10962.14,249
T1032,Midwest,Control,CAT04,Electronics,2026-03-23,Pre,13025.45,367
T1032,Midwest,Control,CAT04,Electronics,2026-03-30,Pre,11867.29,317
T1032,Midwest,Control,CAT04,Electronics,2026-04-06,Post,14024.64,446
T1032,Midwest,Control,CAT04,Electronics,2026-04-13,Post,12533.71,411
T1032,Midwest,Control,CAT04,Electronics,2026-04-20,Post,13328.17,526
T1032,Midwest,Control,CAT04,Electronics,2026-04-27,Post,14914.42,504
T1032,Midwest,Control,CAT04,Electronics,2026-05-04,Post,14403.45,457
T1032,Midwest,Control,CAT04,Electronics,2026-05-11,Post,12444.95,457
T1032,Midwest,Control,CAT04,Electronics,2026-05-18,Post,13335.96,359
T1032,Midwest,Control,CAT04,Electronics,2026-05-25,Post,13673.55,750
T1032,Midwest,Control,CAT04,Electronics,2026-06-01,Post,14749.86,469
T1032,Midwest,Control,CAT04,Electronics,2026-06-08,Post,14636.56,466
T1032,Midwest,Control,CAT04,Electronics,2026-06-15,Post,14062.68,325
T1032,Midwest,Control,CAT04,Electronics,2026-06-22,Post,14018.96,744
T1032,Midwest,Control,CAT04,Electronics,2026-06-29,Post,13616.24,345
T1032,Midwest,Control,CAT05,Beauty & Personal Care,2026-01-05,Pre,10108.0,235
T1032,Midwest,Control,CAT05,Beauty & Personal Care,2026-01-12,Pre,9779.71,477
T1032,Midwest,Control,CAT05,Beauty & Personal Care,2026-01-19,Pre,10551.97,248
T1032,Midwest,Control,CAT05,Beauty & Personal Care,2026-01-26,Pre,10393.26,251
T1032,Midwest,Control,CAT05,Beauty & Personal Care,2026-02-02,Pre,10807.09,278
T1032,Midwest,Control,CAT05,Beauty & Personal Care,2026-02-09,Pre,10827.4,381
T1032,Midwest,Control,CAT05,Beauty & Personal Care,2026-02-16,Pre,11529.21,261
T1032,Midwest,Control,CAT05,Beauty & Personal Care,2026-02-23,Pre,9758.0,310
T1032,Midwest,Control,CAT05,Beauty & Personal Care,2026-03-02,Pre,8737.19,302
T1032,Midwest,Control,CAT05,Beauty & Personal Care,2026-03-09,Pre,9783.09,237
T1032,Midwest,Control,CAT05,Beauty & Personal Care,2026-03-16,Pre,10506.72,288
T1032,Midwest,Control,CAT05,Beauty & Personal Care,2026-03-23,Pre,10170.4,329
T1032,Midwest,Control,CAT05,Beauty & Personal Care,2026-03-30,Pre,10180.76,353
T1032,Midwest,Control,CAT05,Beauty & Personal Care,2026-04-06,Post,9894.04,280
T1032,Midwest,Control,CAT05,Beauty & Personal Care,2026-04-13,Post,10769.94,399
T1032,Midwest,Control,CAT05,Beauty & Personal Care,2026-04-20,Post,9301.12,219
T1032,Midwest,Control,CAT05,Beauty & Personal Care,2026-04-27,Post,10955.55,264
T1032,Midwest,Control,CAT05,Beauty & Personal Care,2026-05-04,Post,11011.03,269
T1032,Midwest,Control,CAT05,Beauty & Personal Care,2026-05-11,Post,11384.42,303
T1032,Midwest,Control,CAT05,Beauty & Personal Care,2026-05-18,Post,12999.74,380
T1032,Midwest,Control,CAT05,Beauty & Personal Care,2026-05-25,Post,9072.2,366
T1032,Midwest,Control,CAT05,Beauty & Personal Care,2026-06-01,Post,11140.63,351
T1032,Midwest,Control,CAT05,Beauty & Personal Care,2026-06-08,Post,11332.45,320
T1032,Midwest,Control,CAT05,Beauty & Personal Care,2026-06-15,Post,10313.65,309
T1032,Midwest,Control,CAT05,Beauty & Personal Care,2026-06-22,Post,10727.49,384
T1032,Midwest,Control,CAT05,Beauty & Personal Care,2026-06-29,Post,10547.59,297
T1032,Midwest,Control,CAT06,Toys,2026-01-05,Pre,7742.39,305
T1032,Midwest,Control,CAT06,Toys,2026-01-12,Pre,8059.31,189
T1032,Midwest,Control,CAT06,Toys,2026-01-19,Pre,6907.8,238
T1032,Midwest,Control,CAT06,Toys,2026-01-26,Pre,7747.78,203
T1032,Midwest,Control,CAT06,Toys,2026-02-02,Pre,8275.77,217
T1032,Midwest,Control,CAT06,Toys,2026-02-09,Pre,7260.35,230
T1032,Midwest,Control,CAT06,Toys,2026-02-16,Pre,6352.62,171
T1032,Midwest,Control,CAT06,Toys,2026-02-23,Pre,7194.12,257
T1032,Midwest,Control,CAT06,Toys,2026-03-02,Pre,7166.44,186
T1032,Midwest,Control,CAT06,Toys,2026-03-09,Pre,7275.83,186
T1032,Midwest,Control,CAT06,Toys,2026-03-16,Pre,8734.86,347
T1032,Midwest,Control,CAT06,Toys,2026-03-23,Pre,8921.01,269
T1032,Midwest,Control,CAT06,Toys,2026-03-30,Pre,8617.35,275
T1032,Midwest,Control,CAT06,Toys,2026-04-06,Post,7675.28,191
T1032,Midwest,Control,CAT06,Toys,2026-04-13,Post,8708.42,431
T1032,Midwest,Control,CAT06,Toys,2026-04-20,Post,6738.39,165
T1032,Midwest,Control,CAT06,Toys,2026-04-27,Post,7360.16,276
T1032,Midwest,Control,CAT06,Toys,2026-05-04,Post,8399.55,378
T1032,Midwest,Control,CAT06,Toys,2026-05-11,Post,7674.82,257
T1032,Midwest,Control,CAT06,Toys,2026-05-18,Post,7377.64,187
T1032,Midwest,Control,CAT06,Toys,2026-05-25,Post,8250.5,195
T1032,Midwest,Control,CAT06,Toys,2026-06-01,Post,8295.27,212
T1032,Midwest,Control,CAT06,Toys,2026-06-08,Post,8382.44,316
T1032,Midwest,Control,CAT06,Toys,2026-06-15,Post,8479.89,248
T1032,Midwest,Control,CAT06,Toys,2026-06-22,Post,8343.28,195
T1032,Midwest,Control,CAT06,Toys,2026-06-29,Post,8126.72,385
T1032,Midwest,Control,CAT07,Hardlines,2026-01-05,Pre,11634.33,263
T1032,Midwest,Control,CAT07,Hardlines,2026-01-12,Pre,12295.37,511
T1032,Midwest,Control,CAT07,Hardlines,2026-01-19,Pre,11905.17,371
T1032,Midwest,Control,CAT07,Hardlines,2026-01-26,Pre,11352.76,449
T1032,Midwest,Control,CAT07,Hardlines,2026-02-02,Pre,11182.52,419
T1032,Midwest,Control,CAT07,Hardlines,2026-02-09,Pre,11860.03,330
T1032,Midwest,Control,CAT07,Hardlines,2026-02-16,Pre,12970.29,706
T1032,Midwest,Control,CAT07,Hardlines,2026-02-23,Pre,12431.43,467
T1032,Midwest,Control,CAT07,Hardlines,2026-03-02,Pre,13123.49,299
T1032,Midwest,Control,CAT07,Hardlines,2026-03-09,Pre,11744.17,265
T1032,Midwest,Control,CAT07,Hardlines,2026-03-16,Pre,12218.96,456
T1032,Midwest,Control,CAT07,Hardlines,2026-03-23,Pre,12390.9,446
T1032,Midwest,Control,CAT07,Hardlines,2026-03-30,Pre,12876.56,538
T1032,Midwest,Control,CAT07,Hardlines,2026-04-06,Post,11926.77,508
T1032,Midwest,Control,CAT07,Hardlines,2026-04-13,Post,12767.6,425
T1032,Midwest,Control,CAT07,Hardlines,2026-04-20,Post,13368.81,395
T1032,Midwest,Control,CAT07,Hardlines,2026-04-27,Post,12273.27,672
T1032,Midwest,Control,CAT07,Hardlines,2026-05-04,Post,11654.29,588
T1032,Midwest,Control,CAT07,Hardlines,2026-05-11,Post,13554.11,555
T1032,Midwest,Control,CAT07,Hardlines,2026-05-18,Post,13092.89,379
T1032,Midwest,Control,CAT07,Hardlines,2026-05-25,Post,11338.25,389
T1032,Midwest,Control,CAT07,Hardlines,2026-06-01,Post,12524.19,415
T1032,Midwest,Control,CAT07,Hardlines,2026-06-08,Post,14281.18,775
T1032,Midwest,Control,CAT07,Hardlines,2026-06-15,Post,13127.12,300
T1032,Midwest,Control,CAT07,Hardlines,2026-06-22,Post,12742.09,419
T1032,Midwest,Control,CAT07,Hardlines,2026-06-29,Post,11900.99,292
T1032,Midwest,Control,CAT08,Softlines,2026-01-05,Pre,8499.14,246
T1032,Midwest,Control,CAT08,Softlines,2026-01-12,Pre,9649.06,480
T1032,Midwest,Control,CAT08,Softlines,2026-01-19,Pre,8617.83,247
T1032,Midwest,Control,CAT08,Softlines,2026-01-26,Pre,9442.05,231
T1032,Midwest,Control,CAT08,Softlines,2026-02-02,Pre,9206.37,282
T1032,Midwest,Control,CAT08,Softlines,2026-02-09,Pre,9476.76,239
T1032,Midwest,Control,CAT08,Softlines,2026-02-16,Pre,9224.07,205
T1032,Midwest,Control,CAT08,Softlines,2026-02-23,Pre,9678.04,259
T1032,Midwest,Control,CAT08,Softlines,2026-03-02,Pre,10041.79,442
T1032,Midwest,Control,CAT08,Softlines,2026-03-09,Pre,9342.68,316
T1032,Midwest,Control,CAT08,Softlines,2026-03-16,Pre,10054.81,439
T1032,Midwest,Control,CAT08,Softlines,2026-03-23,Pre,10465.2,284
T1032,Midwest,Control,CAT08,Softlines,2026-03-30,Pre,9772.33,439
T1032,Midwest,Control,CAT08,Softlines,2026-04-06,Post,10091.92,487
T1032,Midwest,Control,CAT08,Softlines,2026-04-13,Post,8851.23,315
T1032,Midwest,Control,CAT08,Softlines,2026-04-20,Post,9572.69,327
T1032,Midwest,Control,CAT08,Softlines,2026-04-27,Post,8709.06,209
T1032,Midwest,Control,CAT08,Softlines,2026-05-04,Post,9399.53,224
T1032,Midwest,Control,CAT08,Softlines,2026-05-11,Post,9689.59,347
T1032,Midwest,Control,CAT08,Softlines,2026-05-18,Post,11170.95,337
T1032,Midwest,Control,CAT08,Softlines,2026-05-25,Post,9348.44,261
T1032,Midwest,Control,CAT08,Softlines,2026-06-01,Post,9870.5,386
T1032,Midwest,Control,CAT08,Softlines,2026-06-08,Post,9303.36,302
T1032,Midwest,Control,CAT08,Softlines,2026-06-15,Post,9813.21,219
T1032,Midwest,Control,CAT08,Softlines,2026-06-22,Post,10330.03,368
T1032,Midwest,Control,CAT08,Softlines,2026-06-29,Post,10482.16,459
T1033,Midwest,Test,CAT01,Grocery & Essentials,2026-01-05,Pre,51178.69,1168
T1033,Midwest,Test,CAT01,Grocery & Essentials,2026-01-12,Pre,52692.88,1521
T1033,Midwest,Test,CAT01,Grocery & Essentials,2026-01-19,Pre,51700.39,1486
T1033,Midwest,Test,CAT01,Grocery & Essentials,2026-01-26,Pre,57289.71,1704
T1033,Midwest,Test,CAT01,Grocery & Essentials,2026-02-02,Pre,57633.43,1395
T1033,Midwest,Test,CAT01,Grocery & Essentials,2026-02-09,Pre,57401.75,1887
T1033,Midwest,Test,CAT01,Grocery & Essentials,2026-02-16,Pre,56031.84,2115
T1033,Midwest,Test,CAT01,Grocery & Essentials,2026-02-23,Pre,55087.84,1249
T1033,Midwest,Test,CAT01,Grocery & Essentials,2026-03-02,Pre,57983.5,2387
T1033,Midwest,Test,CAT01,Grocery & Essentials,2026-03-09,Pre,66648.72,3317
T1033,Midwest,Test,CAT01,Grocery & Essentials,2026-03-16,Pre,56417.96,2859
T1033,Midwest,Test,CAT01,Grocery & Essentials,2026-03-23,Pre,53436.45,1805
T1033,Midwest,Test,CAT01,Grocery & Essentials,2026-03-30,Pre,60410.86,2218
T1033,Midwest,Test,CAT01,Grocery & Essentials,2026-04-06,Post,56486.8,1651
T1033,Midwest,Test,CAT01,Grocery & Essentials,2026-04-13,Post,60229.46,2029
T1033,Midwest,Test,CAT01,Grocery & Essentials,2026-04-20,Post,59481.96,2184
T1033,Midwest,Test,CAT01,Grocery & Essentials,2026-04-27,Post,58255.72,3183
T1033,Midwest,Test,CAT01,Grocery & Essentials,2026-05-04,Post,58189.7,1310
T1033,Midwest,Test,CAT01,Grocery & Essentials,2026-05-11,Post,68388.37,3766
T1033,Midwest,Test,CAT01,Grocery & Essentials,2026-05-18,Post,59353.32,1773
T1033,Midwest,Test,CAT01,Grocery & Essentials,2026-05-25,Post,56856.47,1316
T1033,Midwest,Test,CAT01,Grocery & Essentials,2026-06-01,Post,61669.58,2813
T1033,Midwest,Test,CAT01,Grocery & Essentials,2026-06-08,Post,63834.26,2981
T1033,Midwest,Test,CAT01,Grocery & Essentials,2026-06-15,Post,56171.48,2519
T1033,Midwest,Test,CAT01,Grocery & Essentials,2026-06-22,Post,61487.77,1393
T1033,Midwest,Test,CAT01,Grocery & Essentials,2026-06-29,Post,64238.65,2569
T1033,Midwest,Test,CAT02,Apparel & Accessories,2026-01-05,Pre,22869.76,549
T1033,Midwest,Test,CAT02,Apparel & Accessories,2026-01-12,Pre,24349.85,563
T1033,Midwest,Test,CAT02,Apparel & Accessories,2026-01-19,Pre,24343.56,690
T1033,Midwest,Test,CAT02,Apparel & Accessories,2026-01-26,Pre,25605.29,595
T1033,Midwest,Test,CAT02,Apparel & Accessories,2026-02-02,Pre,28200.33,1250
T1033,Midwest,Test,CAT02,Apparel & Accessories,2026-02-09,Pre,22220.38,865
T1033,Midwest,Test,CAT02,Apparel & Accessories,2026-02-16,Pre,25528.93,601
T1033,Midwest,Test,CAT02,Apparel & Accessories,2026-02-23,Pre,21768.92,660
T1033,Midwest,Test,CAT02,Apparel & Accessories,2026-03-02,Pre,25334.39,682
T1033,Midwest,Test,CAT02,Apparel & Accessories,2026-03-09,Pre,22016.88,1140
T1033,Midwest,Test,CAT02,Apparel & Accessories,2026-03-16,Pre,24214.21,746
T1033,Midwest,Test,CAT02,Apparel & Accessories,2026-03-23,Pre,23836.89,882
T1033,Midwest,Test,CAT02,Apparel & Accessories,2026-03-30,Pre,25627.16,704
T1033,Midwest,Test,CAT02,Apparel & Accessories,2026-04-06,Post,23948.1,797
T1033,Midwest,Test,CAT02,Apparel & Accessories,2026-04-13,Post,24527.15,646
T1033,Midwest,Test,CAT02,Apparel & Accessories,2026-04-20,Post,21579.1,603
T1033,Midwest,Test,CAT02,Apparel & Accessories,2026-04-27,Post,25304.18,1088
T1033,Midwest,Test,CAT02,Apparel & Accessories,2026-05-04,Post,23425.33,1094
T1033,Midwest,Test,CAT02,Apparel & Accessories,2026-05-11,Post,26206.98,620
T1033,Midwest,Test,CAT02,Apparel & Accessories,2026-05-18,Post,28366.93,658
T1033,Midwest,Test,CAT02,Apparel & Accessories,2026-05-25,Post,25351.62,958
T1033,Midwest,Test,CAT02,Apparel & Accessories,2026-06-01,Post,25725.39,911
T1033,Midwest,Test,CAT02,Apparel & Accessories,2026-06-08,Post,28067.78,1024
T1033,Midwest,Test,CAT02,Apparel & Accessories,2026-06-15,Post,25869.41,1259
T1033,Midwest,Test,CAT02,Apparel & Accessories,2026-06-22,Post,26482.54,1306
T1033,Midwest,Test,CAT02,Apparel & Accessories,2026-06-29,Post,22909.3,556
T1033,Midwest,Test,CAT03,Home,2026-01-05,Pre,33108.36,1135
T1033,Midwest,Test,CAT03,Home,2026-01-12,Pre,27836.22,648
T1033,Midwest,Test,CAT03,Home,2026-01-19,Pre,27205.49,939
T1033,Midwest,Test,CAT03,Home,2026-01-26,Pre,27327.24,1147
T1033,Midwest,Test,CAT03,Home,2026-02-02,Pre,25042.12,1196
T1033,Midwest,Test,CAT03,Home,2026-02-09,Pre,31593.25,1163
T1033,Midwest,Test,CAT03,Home,2026-02-16,Pre,30709.3,772
T1033,Midwest,Test,CAT03,Home,2026-02-23,Pre,29751.09,1548
T1033,Midwest,Test,CAT03,Home,2026-03-02,Pre,30110.01,1370
T1033,Midwest,Test,CAT03,Home,2026-03-09,Pre,32471.67,1158
T1033,Midwest,Test,CAT03,Home,2026-03-16,Pre,33114.53,1392
T1033,Midwest,Test,CAT03,Home,2026-03-23,Pre,29255.88,1367
T1033,Midwest,Test,CAT03,Home,2026-03-30,Pre,31276.72,904
T1033,Midwest,Test,CAT03,Home,2026-04-06,Post,26699.06,721
T1033,Midwest,Test,CAT03,Home,2026-04-13,Post,29331.26,843
T1033,Midwest,Test,CAT03,Home,2026-04-20,Post,28274.41,716
T1033,Midwest,Test,CAT03,Home,2026-04-27,Post,28986.31,1436
T1033,Midwest,Test,CAT03,Home,2026-05-04,Post,28757.76,752
T1033,Midwest,Test,CAT03,Home,2026-05-11,Post,34078.27,1356
T1033,Midwest,Test,CAT03,Home,2026-05-18,Post,30377.47,908
T1033,Midwest,Test,CAT03,Home,2026-05-25,Post,34421.14,956
T1033,Midwest,Test,CAT03,Home,2026-06-01,Post,33850.91,947
T1033,Midwest,Test,CAT03,Home,2026-06-08,Post,31562.58,815
T1033,Midwest,Test,CAT03,Home,2026-06-15,Post,30351.19,1409
T1033,Midwest,Test,CAT03,Home,2026-06-22,Post,30387.98,1163
T1033,Midwest,Test,CAT03,Home,2026-06-29,Post,28856.69,1076
T1033,Midwest,Test,CAT04,Electronics,2026-01-05,Pre,20138.13,922
T1033,Midwest,Test,CAT04,Electronics,2026-01-12,Pre,20410.95,706
T1033,Midwest,Test,CAT04,Electronics,2026-01-19,Pre,18935.18,627
T1033,Midwest,Test,CAT04,Electronics,2026-01-26,Pre,20765.56,1076
T1033,Midwest,Test,CAT04,Electronics,2026-02-02,Pre,19193.5,488
T1033,Midwest,Test,CAT04,Electronics,2026-02-09,Pre,19326.83,471
T1033,Midwest,Test,CAT04,Electronics,2026-02-16,Pre,20629.59,654
T1033,Midwest,Test,CAT04,Electronics,2026-02-23,Pre,18938.44,839
T1033,Midwest,Test,CAT04,Electronics,2026-03-02,Pre,19469.35,737
T1033,Midwest,Test,CAT04,Electronics,2026-03-09,Pre,21523.31,556
T1033,Midwest,Test,CAT04,Electronics,2026-03-16,Pre,16905.76,403
T1033,Midwest,Test,CAT04,Electronics,2026-03-23,Pre,20757.46,813
T1033,Midwest,Test,CAT04,Electronics,2026-03-30,Pre,20887.37,464
T1033,Midwest,Test,CAT04,Electronics,2026-04-06,Post,18466.42,433
T1033,Midwest,Test,CAT04,Electronics,2026-04-13,Post,17962.92,576
T1033,Midwest,Test,CAT04,Electronics,2026-04-20,Post,24618.7,681
T1033,Midwest,Test,CAT04,Electronics,2026-04-27,Post,24250.88,693
T1033,Midwest,Test,CAT04,Electronics,2026-05-04,Post,24211.88,548
T1033,Midwest,Test,CAT04,Electronics,2026-05-11,Post,24483.42,743
T1033,Midwest,Test,CAT04,Electronics,2026-05-18,Post,25500.77,1250
T1033,Midwest,Test,CAT04,Electronics,2026-05-25,Post,23336.03,892
T1033,Midwest,Test,CAT04,Electronics,2026-06-01,Post,23008.98,522
T1033,Midwest,Test,CAT04,Electronics,2026-06-08,Post,24189.44,577
T1033,Midwest,Test,CAT04,Electronics,2026-06-15,Post,26509.68,1117
T1033,Midwest,Test,CAT04,Electronics,2026-06-22,Post,22946.94,895
T1033,Midwest,Test,CAT04,Electronics,2026-06-29,Post,24534.95,885
T1033,Midwest,Test,CAT05,Beauty & Personal Care,2026-01-05,Pre,15077.09,344
T1033,Midwest,Test,CAT05,Beauty & Personal Care,2026-01-12,Pre,15578.18,395
T1033,Midwest,Test,CAT05,Beauty & Personal Care,2026-01-19,Pre,17291.25,505
T1033,Midwest,Test,CAT05,Beauty & Personal Care,2026-01-26,Pre,15995.94,809
T1033,Midwest,Test,CAT05,Beauty & Personal Care,2026-02-02,Pre,16942.72,536
T1033,Midwest,Test,CAT05,Beauty & Personal Care,2026-02-09,Pre,16536.18,812
T1033,Midwest,Test,CAT05,Beauty & Personal Care,2026-02-16,Pre,16697.08,643
T1033,Midwest,Test,CAT05,Beauty & Personal Care,2026-02-23,Pre,15440.1,524
T1033,Midwest,Test,CAT05,Beauty & Personal Care,2026-03-02,Pre,15467.2,447
T1033,Midwest,Test,CAT05,Beauty & Personal Care,2026-03-09,Pre,17108.12,907
T1033,Midwest,Test,CAT05,Beauty & Personal Care,2026-03-16,Pre,14860.83,677
T1033,Midwest,Test,CAT05,Beauty & Personal Care,2026-03-23,Pre,16248.98,508
T1033,Midwest,Test,CAT05,Beauty & Personal Care,2026-03-30,Pre,15272.94,339
T1033,Midwest,Test,CAT05,Beauty & Personal Care,2026-04-06,Post,17190.94,456
T1033,Midwest,Test,CAT05,Beauty & Personal Care,2026-04-13,Post,16379.37,455
T1033,Midwest,Test,CAT05,Beauty & Personal Care,2026-04-20,Post,16569.38,655
T1033,Midwest,Test,CAT05,Beauty & Personal Care,2026-04-27,Post,18654.0,419
T1033,Midwest,Test,CAT05,Beauty & Personal Care,2026-05-04,Post,17873.06,729
T1033,Midwest,Test,CAT05,Beauty & Personal Care,2026-05-11,Post,18551.86,596
T1033,Midwest,Test,CAT05,Beauty & Personal Care,2026-05-18,Post,19859.39,559
T1033,Midwest,Test,CAT05,Beauty & Personal Care,2026-05-25,Post,18567.14,892
T1033,Midwest,Test,CAT05,Beauty & Personal Care,2026-06-01,Post,16569.8,424
T1033,Midwest,Test,CAT05,Beauty & Personal Care,2026-06-08,Post,16149.8,525
T1033,Midwest,Test,CAT05,Beauty & Personal Care,2026-06-15,Post,16707.78,425
T1033,Midwest,Test,CAT05,Beauty & Personal Care,2026-06-22,Post,17931.18,475
T1033,Midwest,Test,CAT05,Beauty & Personal Care,2026-06-29,Post,16944.9,478
T1033,Midwest,Test,CAT06,Toys,2026-01-05,Pre,11293.87,262
T1033,Midwest,Test,CAT06,Toys,2026-01-12,Pre,13148.71,338
T1033,Midwest,Test,CAT06,Toys,2026-01-19,Pre,11620.2,535
T1033,Midwest,Test,CAT06,Toys,2026-01-26,Pre,12348.29,528
T1033,Midwest,Test,CAT06,Toys,2026-02-02,Pre,12374.19,385
T1033,Midwest,Test,CAT06,Toys,2026-02-09,Pre,10551.93,281
T1033,Midwest,Test,CAT06,Toys,2026-02-16,Pre,13347.77,403
T1033,Midwest,Test,CAT06,Toys,2026-02-23,Pre,11201.63,266
T1033,Midwest,Test,CAT06,Toys,2026-03-02,Pre,10986.0,454
T1033,Midwest,Test,CAT06,Toys,2026-03-09,Pre,11849.65,312
T1033,Midwest,Test,CAT06,Toys,2026-03-16,Pre,11588.96,632
T1033,Midwest,Test,CAT06,Toys,2026-03-23,Pre,13441.15,493
T1033,Midwest,Test,CAT06,Toys,2026-03-30,Pre,12629.35,315
T1033,Midwest,Test,CAT06,Toys,2026-04-06,Post,11956.38,431
T1033,Midwest,Test,CAT06,Toys,2026-04-13,Post,11212.77,386
T1033,Midwest,Test,CAT06,Toys,2026-04-20,Post,12876.35,373
T1033,Midwest,Test,CAT06,Toys,2026-04-27,Post,12341.14,277
T1033,Midwest,Test,CAT06,Toys,2026-05-04,Post,10549.78,236
T1033,Midwest,Test,CAT06,Toys,2026-05-11,Post,13144.71,340
T1033,Midwest,Test,CAT06,Toys,2026-05-18,Post,12972.61,348
T1033,Midwest,Test,CAT06,Toys,2026-05-25,Post,12061.09,508
T1033,Midwest,Test,CAT06,Toys,2026-06-01,Post,13409.78,330
T1033,Midwest,Test,CAT06,Toys,2026-06-08,Post,11761.41,525
T1033,Midwest,Test,CAT06,Toys,2026-06-15,Post,12628.5,333
T1033,Midwest,Test,CAT06,Toys,2026-06-22,Post,12790.13,481
T1033,Midwest,Test,CAT06,Toys,2026-06-29,Post,12954.88,366
T1033,Midwest,Test,CAT07,Hardlines,2026-01-05,Pre,16746.55,470
T1033,Midwest,Test,CAT07,Hardlines,2026-01-12,Pre,20032.0,914
T1033,Midwest,Test,CAT07,Hardlines,2026-01-19,Pre,17508.07,680
T1033,Midwest,Test,CAT07,Hardlines,2026-01-26,Pre,16454.55,390
T1033,Midwest,Test,CAT07,Hardlines,2026-02-02,Pre,19096.41,559
T1033,Midwest,Test,CAT07,Hardlines,2026-02-09,Pre,21311.07,715
T1033,Midwest,Test,CAT07,Hardlines,2026-02-16,Pre,16473.04,815
T1033,Midwest,Test,CAT07,Hardlines,2026-02-23,Pre,17607.97,392
T1033,Midwest,Test,CAT07,Hardlines,2026-03-02,Pre,20168.08,734
T1033,Midwest,Test,CAT07,Hardlines,2026-03-09,Pre,19071.35,538
T1033,Midwest,Test,CAT07,Hardlines,2026-03-16,Pre,17460.65,443
T1033,Midwest,Test,CAT07,Hardlines,2026-03-23,Pre,18941.17,1028
T1033,Midwest,Test,CAT07,Hardlines,2026-03-30,Pre,21462.02,1101
T1033,Midwest,Test,CAT07,Hardlines,2026-04-06,Post,21155.06,1004
T1033,Midwest,Test,CAT07,Hardlines,2026-04-13,Post,23080.92,758
T1033,Midwest,Test,CAT07,Hardlines,2026-04-20,Post,20464.49,628
T1033,Midwest,Test,CAT07,Hardlines,2026-04-27,Post,18891.37,432
T1033,Midwest,Test,CAT07,Hardlines,2026-05-04,Post,20844.23,620
T1033,Midwest,Test,CAT07,Hardlines,2026-05-11,Post,18751.89,874
T1033,Midwest,Test,CAT07,Hardlines,2026-05-18,Post,19633.52,474
T1033,Midwest,Test,CAT07,Hardlines,2026-05-25,Post,18901.57,437
T1033,Midwest,Test,CAT07,Hardlines,2026-06-01,Post,20921.53,730
T1033,Midwest,Test,CAT07,Hardlines,2026-06-08,Post,20863.41,866
T1033,Midwest,Test,CAT07,Hardlines,2026-06-15,Post,19222.65,497
T1033,Midwest,Test,CAT07,Hardlines,2026-06-22,Post,21735.57,508
T1033,Midwest,Test,CAT07,Hardlines,2026-06-29,Post,22300.56,593
T1033,Midwest,Test,CAT08,Softlines,2026-01-05,Pre,13959.53,357
T1033,Midwest,Test,CAT08,Softlines,2026-01-12,Pre,14926.29,651
T1033,Midwest,Test,CAT08,Softlines,2026-01-19,Pre,16130.91,529
T1033,Midwest,Test,CAT08,Softlines,2026-01-26,Pre,14950.7,338
T1033,Midwest,Test,CAT08,Softlines,2026-02-02,Pre,14362.65,423
T1033,Midwest,Test,CAT08,Softlines,2026-02-09,Pre,14664.16,627
T1033,Midwest,Test,CAT08,Softlines,2026-02-16,Pre,14282.63,528
T1033,Midwest,Test,CAT08,Softlines,2026-02-23,Pre,16055.0,496
T1033,Midwest,Test,CAT08,Softlines,2026-03-02,Pre,15968.45,699
T1033,Midwest,Test,CAT08,Softlines,2026-03-09,Pre,17258.83,403
T1033,Midwest,Test,CAT08,Softlines,2026-03-16,Pre,14269.85,398
T1033,Midwest,Test,CAT08,Softlines,2026-03-23,Pre,14500.7,448
T1033,Midwest,Test,CAT08,Softlines,2026-03-30,Pre,13649.67,721
T1033,Midwest,Test,CAT08,Softlines,2026-04-06,Post,15785.3,378
T1033,Midwest,Test,CAT08,Softlines,2026-04-13,Post,14088.42,375
T1033,Midwest,Test,CAT08,Softlines,2026-04-20,Post,17585.68,784
T1033,Midwest,Test,CAT08,Softlines,2026-04-27,Post,14491.51,447
T1033,Midwest,Test,CAT08,Softlines,2026-05-04,Post,17801.97,407
T1033,Midwest,Test,CAT08,Softlines,2026-05-11,Post,12471.41,327
T1033,Midwest,Test,CAT08,Softlines,2026-05-18,Post,13538.9,623
T1033,Midwest,Test,CAT08,Softlines,2026-05-25,Post,14371.42,397
T1033,Midwest,Test,CAT08,Softlines,2026-06-01,Post,15979.62,418
T1033,Midwest,Test,CAT08,Softlines,2026-06-08,Post,15626.17,570
T1033,Midwest,Test,CAT08,Softlines,2026-06-15,Post,14851.69,428
T1033,Midwest,Test,CAT08,Softlines,2026-06-22,Post,15686.67,403
T1033,Midwest,Test,CAT08,Softlines,2026-06-29,Post,15236.51,351
T1034,Midwest,Control,CAT01,Grocery & Essentials,2026-01-05,Pre,47470.33,1553
T1034,Midwest,Control,CAT01,Grocery & Essentials,2026-01-12,Pre,42783.95,1014
T1034,Midwest,Control,CAT01,Grocery & Essentials,2026-01-19,Pre,42833.12,1685
T1034,Midwest,Control,CAT01,Grocery & Essentials,2026-01-26,Pre,50857.56,1217
T1034,Midwest,Control,CAT01,Grocery & Essentials,2026-02-02,Pre,42367.2,1068
T1034,Midwest,Control,CAT01,Grocery & Essentials,2026-02-09,Pre,45904.81,1094
T1034,Midwest,Control,CAT01,Grocery & Essentials,2026-02-16,Pre,48217.82,1639
T1034,Midwest,Control,CAT01,Grocery & Essentials,2026-02-23,Pre,46963.86,1447
T1034,Midwest,Control,CAT01,Grocery & Essentials,2026-03-02,Pre,48085.1,1996
T1034,Midwest,Control,CAT01,Grocery & Essentials,2026-03-09,Pre,51179.65,1289
T1034,Midwest,Control,CAT01,Grocery & Essentials,2026-03-16,Pre,47829.58,2063
T1034,Midwest,Control,CAT01,Grocery & Essentials,2026-03-23,Pre,51331.18,2014
T1034,Midwest,Control,CAT01,Grocery & Essentials,2026-03-30,Pre,45829.32,1511
T1034,Midwest,Control,CAT01,Grocery & Essentials,2026-04-06,Post,44698.76,1105
T1034,Midwest,Control,CAT01,Grocery & Essentials,2026-04-13,Post,50424.34,1303
T1034,Midwest,Control,CAT01,Grocery & Essentials,2026-04-20,Post,48161.05,1458
T1034,Midwest,Control,CAT01,Grocery & Essentials,2026-04-27,Post,41258.2,1228
T1034,Midwest,Control,CAT01,Grocery & Essentials,2026-05-04,Post,46140.16,2194
T1034,Midwest,Control,CAT01,Grocery & Essentials,2026-05-11,Post,49842.1,1206
T1034,Midwest,Control,CAT01,Grocery & Essentials,2026-05-18,Post,48594.01,1544
T1034,Midwest,Control,CAT01,Grocery & Essentials,2026-05-25,Post,46519.91,1204
T1034,Midwest,Control,CAT01,Grocery & Essentials,2026-06-01,Post,49223.13,1206
T1034,Midwest,Control,CAT01,Grocery & Essentials,2026-06-08,Post,49949.23,1405
T1034,Midwest,Control,CAT01,Grocery & Essentials,2026-06-15,Post,43999.4,2076
T1034,Midwest,Control,CAT01,Grocery & Essentials,2026-06-22,Post,53778.01,1570
T1034,Midwest,Control,CAT01,Grocery & Essentials,2026-06-29,Post,54841.14,1511
T1034,Midwest,Control,CAT02,Apparel & Accessories,2026-01-05,Pre,18508.65,931
T1034,Midwest,Control,CAT02,Apparel & Accessories,2026-01-12,Pre,22211.15,588
T1034,Midwest,Control,CAT02,Apparel & Accessories,2026-01-19,Pre,19522.26,1075
T1034,Midwest,Control,CAT02,Apparel & Accessories,2026-01-26,Pre,18870.96,1038
T1034,Midwest,Control,CAT02,Apparel & Accessories,2026-02-02,Pre,18907.04,749
T1034,Midwest,Control,CAT02,Apparel & Accessories,2026-02-09,Pre,22445.71,1224
T1034,Midwest,Control,CAT02,Apparel & Accessories,2026-02-16,Pre,18532.17,613
T1034,Midwest,Control,CAT02,Apparel & Accessories,2026-02-23,Pre,20256.13,466
T1034,Midwest,Control,CAT02,Apparel & Accessories,2026-03-02,Pre,20503.53,742
T1034,Midwest,Control,CAT02,Apparel & Accessories,2026-03-09,Pre,21211.36,628
T1034,Midwest,Control,CAT02,Apparel & Accessories,2026-03-16,Pre,20377.67,478
T1034,Midwest,Control,CAT02,Apparel & Accessories,2026-03-23,Pre,22842.62,590
T1034,Midwest,Control,CAT02,Apparel & Accessories,2026-03-30,Pre,23255.49,1125
T1034,Midwest,Control,CAT02,Apparel & Accessories,2026-04-06,Post,22596.28,536
T1034,Midwest,Control,CAT02,Apparel & Accessories,2026-04-13,Post,21123.13,635
T1034,Midwest,Control,CAT02,Apparel & Accessories,2026-04-20,Post,22013.9,906
T1034,Midwest,Control,CAT02,Apparel & Accessories,2026-04-27,Post,20303.55,706
T1034,Midwest,Control,CAT02,Apparel & Accessories,2026-05-04,Post,22519.81,838
T1034,Midwest,Control,CAT02,Apparel & Accessories,2026-05-11,Post,20067.93,1038
T1034,Midwest,Control,CAT02,Apparel & Accessories,2026-05-18,Post,19684.92,674
T1034,Midwest,Control,CAT02,Apparel & Accessories,2026-05-25,Post,19720.68,569
T1034,Midwest,Control,CAT02,Apparel & Accessories,2026-06-01,Post,21979.89,975
T1034,Midwest,Control,CAT02,Apparel & Accessories,2026-06-08,Post,23575.48,788
T1034,Midwest,Control,CAT02,Apparel & Accessories,2026-06-15,Post,23804.98,1096
T1034,Midwest,Control,CAT02,Apparel & Accessories,2026-06-22,Post,18298.7,480
T1034,Midwest,Control,CAT02,Apparel & Accessories,2026-06-29,Post,22945.75,901
T1034,Midwest,Control,CAT03,Home,2026-01-05,Pre,22258.75,644
T1034,Midwest,Control,CAT03,Home,2026-01-12,Pre,28018.48,1179
T1034,Midwest,Control,CAT03,Home,2026-01-19,Pre,21933.43,711
T1034,Midwest,Control,CAT03,Home,2026-01-26,Pre,21387.52,584
T1034,Midwest,Control,CAT03,Home,2026-02-02,Pre,25941.83,1173
T1034,Midwest,Control,CAT03,Home,2026-02-09,Pre,23689.65,1105
T1034,Midwest,Control,CAT03,Home,2026-02-16,Pre,23686.56,1309
T1034,Midwest,Control,CAT03,Home,2026-02-23,Pre,23230.54,891
T1034,Midwest,Control,CAT03,Home,2026-03-02,Pre,23581.55,545
T1034,Midwest,Control,CAT03,Home,2026-03-09,Pre,26537.22,790
T1034,Midwest,Control,CAT03,Home,2026-03-16,Pre,23205.33,629
T1034,Midwest,Control,CAT03,Home,2026-03-23,Pre,24646.7,789
T1034,Midwest,Control,CAT03,Home,2026-03-30,Pre,23216.87,600
T1034,Midwest,Control,CAT03,Home,2026-04-06,Post,25267.99,653
T1034,Midwest,Control,CAT03,Home,2026-04-13,Post,24398.99,1168
T1034,Midwest,Control,CAT03,Home,2026-04-20,Post,26107.94,712
T1034,Midwest,Control,CAT03,Home,2026-04-27,Post,26446.34,658
T1034,Midwest,Control,CAT03,Home,2026-05-04,Post,28321.46,933
T1034,Midwest,Control,CAT03,Home,2026-05-11,Post,29753.78,1075
T1034,Midwest,Control,CAT03,Home,2026-05-18,Post,24481.3,599
T1034,Midwest,Control,CAT03,Home,2026-05-25,Post,27062.49,650
T1034,Midwest,Control,CAT03,Home,2026-06-01,Post,25015.76,1191
T1034,Midwest,Control,CAT03,Home,2026-06-08,Post,26985.73,787
T1034,Midwest,Control,CAT03,Home,2026-06-15,Post,27002.09,935
T1034,Midwest,Control,CAT03,Home,2026-06-22,Post,27040.43,962
T1034,Midwest,Control,CAT03,Home,2026-06-29,Post,27715.82,783
T1034,Midwest,Control,CAT04,Electronics,2026-01-05,Pre,16448.9,791
T1034,Midwest,Control,CAT04,Electronics,2026-01-12,Pre,15903.11,449
T1034,Midwest,Control,CAT04,Electronics,2026-01-19,Pre,16520.87,569
T1034,Midwest,Control,CAT04,Electronics,2026-01-26,Pre,19032.46,659
T1034,Midwest,Control,CAT04,Electronics,2026-02-02,Pre,15879.29,661
T1034,Midwest,Control,CAT04,Electronics,2026-02-09,Pre,16243.47,657
T1034,Midwest,Control,CAT04,Electronics,2026-02-16,Pre,15801.84,516
T1034,Midwest,Control,CAT04,Electronics,2026-02-23,Pre,14623.13,376
T1034,Midwest,Control,CAT04,Electronics,2026-03-02,Pre,16713.77,683
T1034,Midwest,Control,CAT04,Electronics,2026-03-09,Pre,17604.31,487
T1034,Midwest,Control,CAT04,Electronics,2026-03-16,Pre,15868.21,398
T1034,Midwest,Control,CAT04,Electronics,2026-03-23,Pre,18646.39,638
T1034,Midwest,Control,CAT04,Electronics,2026-03-30,Pre,17561.21,750
T1034,Midwest,Control,CAT04,Electronics,2026-04-06,Post,18385.61,893
T1034,Midwest,Control,CAT04,Electronics,2026-04-13,Post,17575.48,938
T1034,Midwest,Control,CAT04,Electronics,2026-04-20,Post,17056.41,871
T1034,Midwest,Control,CAT04,Electronics,2026-04-27,Post,16880.21,711
T1034,Midwest,Control,CAT04,Electronics,2026-05-04,Post,17722.29,414
T1034,Midwest,Control,CAT04,Electronics,2026-05-11,Post,17900.34,784
T1034,Midwest,Control,CAT04,Electronics,2026-05-18,Post,16898.67,564
T1034,Midwest,Control,CAT04,Electronics,2026-05-25,Post,17348.12,557
T1034,Midwest,Control,CAT04,Electronics,2026-06-01,Post,20056.93,677
T1034,Midwest,Control,CAT04,Electronics,2026-06-08,Post,17854.97,481
T1034,Midwest,Control,CAT04,Electronics,2026-06-15,Post,18046.57,675
T1034,Midwest,Control,CAT04,Electronics,2026-06-22,Post,19873.93,710
T1034,Midwest,Control,CAT04,Electronics,2026-06-29,Post,18384.91,689
T1034,Midwest,Control,CAT05,Beauty & Personal Care,2026-01-05,Pre,13011.74,507
T1034,Midwest,Control,CAT05,Beauty & Personal Care,2026-01-12,Pre,14007.67,648
T1034,Midwest,Control,CAT05,Beauty & Personal Care,2026-01-19,Pre,13823.92,311
T1034,Midwest,Control,CAT05,Beauty & Personal Care,2026-01-26,Pre,13403.13,355
T1034,Midwest,Control,CAT05,Beauty & Personal Care,2026-02-02,Pre,13536.27,492
T1034,Midwest,Control,CAT05,Beauty & Personal Care,2026-02-09,Pre,13021.41,296
T1034,Midwest,Control,CAT05,Beauty & Personal Care,2026-02-16,Pre,12313.88,330
T1034,Midwest,Control,CAT05,Beauty & Personal Care,2026-02-23,Pre,13948.64,342
T1034,Midwest,Control,CAT05,Beauty & Personal Care,2026-03-02,Pre,12070.33,315
T1034,Midwest,Control,CAT05,Beauty & Personal Care,2026-03-09,Pre,12494.27,375
T1034,Midwest,Control,CAT05,Beauty & Personal Care,2026-03-16,Pre,13352.19,388
T1034,Midwest,Control,CAT05,Beauty & Personal Care,2026-03-23,Pre,13310.05,354
T1034,Midwest,Control,CAT05,Beauty & Personal Care,2026-03-30,Pre,14327.65,405
T1034,Midwest,Control,CAT05,Beauty & Personal Care,2026-04-06,Post,14640.62,363
T1034,Midwest,Control,CAT05,Beauty & Personal Care,2026-04-13,Post,15802.52,579
T1034,Midwest,Control,CAT05,Beauty & Personal Care,2026-04-20,Post,12270.21,300
T1034,Midwest,Control,CAT05,Beauty & Personal Care,2026-04-27,Post,14313.42,651
T1034,Midwest,Control,CAT05,Beauty & Personal Care,2026-05-04,Post,14325.6,523
T1034,Midwest,Control,CAT05,Beauty & Personal Care,2026-05-11,Post,14250.77,342
T1034,Midwest,Control,CAT05,Beauty & Personal Care,2026-05-18,Post,14599.47,693
T1034,Midwest,Control,CAT05,Beauty & Personal Care,2026-05-25,Post,14867.42,361
T1034,Midwest,Control,CAT05,Beauty & Personal Care,2026-06-01,Post,15525.4,747
T1034,Midwest,Control,CAT05,Beauty & Personal Care,2026-06-08,Post,14493.92,364
T1034,Midwest,Control,CAT05,Beauty & Personal Care,2026-06-15,Post,15982.45,706
T1034,Midwest,Control,CAT05,Beauty & Personal Care,2026-06-22,Post,14607.97,333
T1034,Midwest,Control,CAT05,Beauty & Personal Care,2026-06-29,Post,13890.72,464
T1034,Midwest,Control,CAT06,Toys,2026-01-05,Pre,9932.41,378
T1034,Midwest,Control,CAT06,Toys,2026-01-12,Pre,9244.56,235
T1034,Midwest,Control,CAT06,Toys,2026-01-19,Pre,9313.19,221
T1034,Midwest,Control,CAT06,Toys,2026-01-26,Pre,9800.34,237
T1034,Midwest,Control,CAT06,Toys,2026-02-02,Pre,9741.41,355
T1034,Midwest,Control,CAT06,Toys,2026-02-09,Pre,10933.33,258
T1034,Midwest,Control,CAT06,Toys,2026-02-16,Pre,9907.97,274
T1034,Midwest,Control,CAT06,Toys,2026-02-23,Pre,9373.32,252
T1034,Midwest,Control,CAT06,Toys,2026-03-02,Pre,10114.37,330
T1034,Midwest,Control,CAT06,Toys,2026-03-09,Pre,10348.96,305
T1034,Midwest,Control,CAT06,Toys,2026-03-16,Pre,10267.13,333
T1034,Midwest,Control,CAT06,Toys,2026-03-23,Pre,9487.7,398
T1034,Midwest,Control,CAT06,Toys,2026-03-30,Pre,11324.13,620
T1034,Midwest,Control,CAT06,Toys,2026-04-06,Post,9065.9,464
T1034,Midwest,Control,CAT06,Toys,2026-04-13,Post,10413.97,262
T1034,Midwest,Control,CAT06,Toys,2026-04-20,Post,9611.85,239
T1034,Midwest,Control,CAT06,Toys,2026-04-27,Post,11180.62,351
T1034,Midwest,Control,CAT06,Toys,2026-05-04,Post,10778.78,256
T1034,Midwest,Control,CAT06,Toys,2026-05-11,Post,10708.54,394
T1034,Midwest,Control,CAT06,Toys,2026-05-18,Post,10356.08,232
T1034,Midwest,Control,CAT06,Toys,2026-05-25,Post,11590.86,283
T1034,Midwest,Control,CAT06,Toys,2026-06-01,Post,10431.28,313
T1034,Midwest,Control,CAT06,Toys,2026-06-08,Post,12024.41,289
T1034,Midwest,Control,CAT06,Toys,2026-06-15,Post,10069.71,251
T1034,Midwest,Control,CAT06,Toys,2026-06-22,Post,10746.71,509
T1034,Midwest,Control,CAT06,Toys,2026-06-29,Post,11334.57,255
T1034,Midwest,Control,CAT07,Hardlines,2026-01-05,Pre,15775.28,692
T1034,Midwest,Control,CAT07,Hardlines,2026-01-12,Pre,15229.72,429
T1034,Midwest,Control,CAT07,Hardlines,2026-01-19,Pre,13627.43,341
T1034,Midwest,Control,CAT07,Hardlines,2026-01-26,Pre,15597.4,515
T1034,Midwest,Control,CAT07,Hardlines,2026-02-02,Pre,15081.51,359
T1034,Midwest,Control,CAT07,Hardlines,2026-02-09,Pre,14888.39,426
T1034,Midwest,Control,CAT07,Hardlines,2026-02-16,Pre,16482.87,472
T1034,Midwest,Control,CAT07,Hardlines,2026-02-23,Pre,13702.95,367
T1034,Midwest,Control,CAT07,Hardlines,2026-03-02,Pre,15694.03,767
T1034,Midwest,Control,CAT07,Hardlines,2026-03-09,Pre,13027.69,397
T1034,Midwest,Control,CAT07,Hardlines,2026-03-16,Pre,16415.27,426
T1034,Midwest,Control,CAT07,Hardlines,2026-03-23,Pre,16817.61,416
T1034,Midwest,Control,CAT07,Hardlines,2026-03-30,Pre,16136.3,416
T1034,Midwest,Control,CAT07,Hardlines,2026-04-06,Post,15513.76,480
T1034,Midwest,Control,CAT07,Hardlines,2026-04-13,Post,17609.84,500
T1034,Midwest,Control,CAT07,Hardlines,2026-04-20,Post,17766.1,450
T1034,Midwest,Control,CAT07,Hardlines,2026-04-27,Post,16593.38,378
T1034,Midwest,Control,CAT07,Hardlines,2026-05-04,Post,18100.28,526
T1034,Midwest,Control,CAT07,Hardlines,2026-05-11,Post,15375.0,642
T1034,Midwest,Control,CAT07,Hardlines,2026-05-18,Post,16250.89,569
T1034,Midwest,Control,CAT07,Hardlines,2026-05-25,Post,13926.04,746
T1034,Midwest,Control,CAT07,Hardlines,2026-06-01,Post,15217.75,427
T1034,Midwest,Control,CAT07,Hardlines,2026-06-08,Post,15183.42,621
T1034,Midwest,Control,CAT07,Hardlines,2026-06-15,Post,17228.47,420
T1034,Midwest,Control,CAT07,Hardlines,2026-06-22,Post,15456.52,553
T1034,Midwest,Control,CAT07,Hardlines,2026-06-29,Post,14600.95,342
T1034,Midwest,Control,CAT08,Softlines,2026-01-05,Pre,11407.67,352
T1034,Midwest,Control,CAT08,Softlines,2026-01-12,Pre,11549.87,268
T1034,Midwest,Control,CAT08,Softlines,2026-01-19,Pre,10970.0,374
T1034,Midwest,Control,CAT08,Softlines,2026-01-26,Pre,12176.7,365
T1034,Midwest,Control,CAT08,Softlines,2026-02-02,Pre,12377.05,312
T1034,Midwest,Control,CAT08,Softlines,2026-02-09,Pre,10914.4,327
T1034,Midwest,Control,CAT08,Softlines,2026-02-16,Pre,12830.11,557
T1034,Midwest,Control,CAT08,Softlines,2026-02-23,Pre,11529.93,392
T1034,Midwest,Control,CAT08,Softlines,2026-03-02,Pre,11859.24,605
T1034,Midwest,Control,CAT08,Softlines,2026-03-09,Pre,12786.53,405
T1034,Midwest,Control,CAT08,Softlines,2026-03-16,Pre,11958.44,359
T1034,Midwest,Control,CAT08,Softlines,2026-03-23,Pre,11527.42,465
T1034,Midwest,Control,CAT08,Softlines,2026-03-30,Pre,12558.03,431
T1034,Midwest,Control,CAT08,Softlines,2026-04-06,Post,13522.84,310
T1034,Midwest,Control,CAT08,Softlines,2026-04-13,Post,13449.49,446
T1034,Midwest,Control,CAT08,Softlines,2026-04-20,Post,12109.29,580
T1034,Midwest,Control,CAT08,Softlines,2026-04-27,Post,11875.32,270
T1034,Midwest,Control,CAT08,Softlines,2026-05-04,Post,12079.03,277
T1034,Midwest,Control,CAT08,Softlines,2026-05-11,Post,13664.01,307
T1034,Midwest,Control,CAT08,Softlines,2026-05-18,Post,12155.9,511
T1034,Midwest,Control,CAT08,Softlines,2026-05-25,Post,14326.03,362
T1034,Midwest,Control,CAT08,Softlines,2026-06-01,Post,13366.83,485
T1034,Midwest,Control,CAT08,Softlines,2026-06-08,Post,12932.13,588
T1034,Midwest,Control,CAT08,Softlines,2026-06-15,Post,12461.09,446
T1034,Midwest,Control,CAT08,Softlines,2026-06-22,Post,13145.7,564
T1034,Midwest,Control,CAT08,Softlines,2026-06-29,Post,12140.64,341
T1035,Northeast,Control,CAT01,Grocery & Essentials,2026-01-05,Pre,45194.46,1568
T1035,Northeast,Control,CAT01,Grocery & Essentials,2026-01-12,Pre,41748.44,1474
T1035,Northeast,Control,CAT01,Grocery & Essentials,2026-01-19,Pre,39529.99,2027
T1035,Northeast,Control,CAT01,Grocery & Essentials,2026-01-26,Pre,43861.73,1736
T1035,Northeast,Control,CAT01,Grocery & Essentials,2026-02-02,Pre,44992.06,1355
T1035,Northeast,Control,CAT01,Grocery & Essentials,2026-02-09,Pre,38996.14,1282
T1035,Northeast,Control,CAT01,Grocery & Essentials,2026-02-16,Pre,45919.24,1166
T1035,Northeast,Control,CAT01,Grocery & Essentials,2026-02-23,Pre,45237.84,1018
T1035,Northeast,Control,CAT01,Grocery & Essentials,2026-03-02,Pre,47668.64,2500
T1035,Northeast,Control,CAT01,Grocery & Essentials,2026-03-09,Pre,39701.84,1655
T1035,Northeast,Control,CAT01,Grocery & Essentials,2026-03-16,Pre,43520.92,2188
T1035,Northeast,Control,CAT01,Grocery & Essentials,2026-03-23,Pre,42385.47,1581
T1035,Northeast,Control,CAT01,Grocery & Essentials,2026-03-30,Pre,42897.91,1261
T1035,Northeast,Control,CAT01,Grocery & Essentials,2026-04-06,Post,44969.76,1038
T1035,Northeast,Control,CAT01,Grocery & Essentials,2026-04-13,Post,48605.37,2203
T1035,Northeast,Control,CAT01,Grocery & Essentials,2026-04-20,Post,53216.93,2577
T1035,Northeast,Control,CAT01,Grocery & Essentials,2026-04-27,Post,50584.28,1450
T1035,Northeast,Control,CAT01,Grocery & Essentials,2026-05-04,Post,43805.34,1834
T1035,Northeast,Control,CAT01,Grocery & Essentials,2026-05-11,Post,44539.13,1256
T1035,Northeast,Control,CAT01,Grocery & Essentials,2026-05-18,Post,43063.23,1626
T1035,Northeast,Control,CAT01,Grocery & Essentials,2026-05-25,Post,46201.03,1206
T1035,Northeast,Control,CAT01,Grocery & Essentials,2026-06-01,Post,41172.56,1184
T1035,Northeast,Control,CAT01,Grocery & Essentials,2026-06-08,Post,45699.68,1798
T1035,Northeast,Control,CAT01,Grocery & Essentials,2026-06-15,Post,44668.47,1500
T1035,Northeast,Control,CAT01,Grocery & Essentials,2026-06-22,Post,45712.88,2536
T1035,Northeast,Control,CAT01,Grocery & Essentials,2026-06-29,Post,47010.54,2045
T1035,Northeast,Control,CAT02,Apparel & Accessories,2026-01-05,Pre,18626.14,512
T1035,Northeast,Control,CAT02,Apparel & Accessories,2026-01-12,Pre,18395.22,563
T1035,Northeast,Control,CAT02,Apparel & Accessories,2026-01-19,Pre,18169.02,686
T1035,Northeast,Control,CAT02,Apparel & Accessories,2026-01-26,Pre,18973.56,488
T1035,Northeast,Control,CAT02,Apparel & Accessories,2026-02-02,Pre,18382.85,438
T1035,Northeast,Control,CAT02,Apparel & Accessories,2026-02-09,Pre,18741.06,591
T1035,Northeast,Control,CAT02,Apparel & Accessories,2026-02-16,Pre,18040.11,423
T1035,Northeast,Control,CAT02,Apparel & Accessories,2026-02-23,Pre,19940.41,572
T1035,Northeast,Control,CAT02,Apparel & Accessories,2026-03-02,Pre,18121.72,705
T1035,Northeast,Control,CAT02,Apparel & Accessories,2026-03-09,Pre,16456.14,415
T1035,Northeast,Control,CAT02,Apparel & Accessories,2026-03-16,Pre,17123.72,390
T1035,Northeast,Control,CAT02,Apparel & Accessories,2026-03-23,Pre,19586.38,445
T1035,Northeast,Control,CAT02,Apparel & Accessories,2026-03-30,Pre,18194.58,701
T1035,Northeast,Control,CAT02,Apparel & Accessories,2026-04-06,Post,20273.02,954
T1035,Northeast,Control,CAT02,Apparel & Accessories,2026-04-13,Post,19287.86,870
T1035,Northeast,Control,CAT02,Apparel & Accessories,2026-04-20,Post,20549.99,1031
T1035,Northeast,Control,CAT02,Apparel & Accessories,2026-04-27,Post,17001.75,738
T1035,Northeast,Control,CAT02,Apparel & Accessories,2026-05-04,Post,18744.11,830
T1035,Northeast,Control,CAT02,Apparel & Accessories,2026-05-11,Post,18362.83,422
T1035,Northeast,Control,CAT02,Apparel & Accessories,2026-05-18,Post,23251.24,928
T1035,Northeast,Control,CAT02,Apparel & Accessories,2026-05-25,Post,19163.89,1035
T1035,Northeast,Control,CAT02,Apparel & Accessories,2026-06-01,Post,17830.87,850
T1035,Northeast,Control,CAT02,Apparel & Accessories,2026-06-08,Post,20384.85,980
T1035,Northeast,Control,CAT02,Apparel & Accessories,2026-06-15,Post,18596.93,485
T1035,Northeast,Control,CAT02,Apparel & Accessories,2026-06-22,Post,21405.6,589
T1035,Northeast,Control,CAT02,Apparel & Accessories,2026-06-29,Post,21739.84,519
T1035,Northeast,Control,CAT03,Home,2026-01-05,Pre,20949.66,531
T1035,Northeast,Control,CAT03,Home,2026-01-12,Pre,25252.28,569
T1035,Northeast,Control,CAT03,Home,2026-01-19,Pre,21430.88,1004
T1035,Northeast,Control,CAT03,Home,2026-01-26,Pre,23021.38,575
T1035,Northeast,Control,CAT03,Home,2026-02-02,Pre,24305.01,1082
T1035,Northeast,Control,CAT03,Home,2026-02-09,Pre,23387.26,1053
T1035,Northeast,Control,CAT03,Home,2026-02-16,Pre,22210.51,767
T1035,Northeast,Control,CAT03,Home,2026-02-23,Pre,20920.76,1021
T1035,Northeast,Control,CAT03,Home,2026-03-02,Pre,25878.27,813
T1035,Northeast,Control,CAT03,Home,2026-03-09,Pre,23794.28,1030
T1035,Northeast,Control,CAT03,Home,2026-03-16,Pre,26495.44,1137
T1035,Northeast,Control,CAT03,Home,2026-03-23,Pre,20552.66,462
T1035,Northeast,Control,CAT03,Home,2026-03-30,Pre,24307.57,609
T1035,Northeast,Control,CAT03,Home,2026-04-06,Post,26516.02,1104
T1035,Northeast,Control,CAT03,Home,2026-04-13,Post,22312.19,775
T1035,Northeast,Control,CAT03,Home,2026-04-20,Post,22507.08,638
T1035,Northeast,Control,CAT03,Home,2026-04-27,Post,23466.77,687
T1035,Northeast,Control,CAT03,Home,2026-05-04,Post,22444.23,806
T1035,Northeast,Control,CAT03,Home,2026-05-11,Post,21324.16,729
T1035,Northeast,Control,CAT03,Home,2026-05-18,Post,23005.23,608
T1035,Northeast,Control,CAT03,Home,2026-05-25,Post,25024.56,826
T1035,Northeast,Control,CAT03,Home,2026-06-01,Post,22231.86,591
T1035,Northeast,Control,CAT03,Home,2026-06-08,Post,22476.8,837
T1035,Northeast,Control,CAT03,Home,2026-06-15,Post,23447.36,545
T1035,Northeast,Control,CAT03,Home,2026-06-22,Post,22858.9,898
T1035,Northeast,Control,CAT03,Home,2026-06-29,Post,23709.32,705
T1035,Northeast,Control,CAT04,Electronics,2026-01-05,Pre,15113.76,370
T1035,Northeast,Control,CAT04,Electronics,2026-01-12,Pre,14102.48,778
T1035,Northeast,Control,CAT04,Electronics,2026-01-19,Pre,14780.15,609
T1035,Northeast,Control,CAT04,Electronics,2026-01-26,Pre,15389.04,443
T1035,Northeast,Control,CAT04,Electronics,2026-02-02,Pre,14596.43,345
T1035,Northeast,Control,CAT04,Electronics,2026-02-09,Pre,14152.82,598
T1035,Northeast,Control,CAT04,Electronics,2026-02-16,Pre,14783.27,451
T1035,Northeast,Control,CAT04,Electronics,2026-02-23,Pre,15260.65,477
T1035,Northeast,Control,CAT04,Electronics,2026-03-02,Pre,13948.36,473
T1035,Northeast,Control,CAT04,Electronics,2026-03-09,Pre,16384.76,538
T1035,Northeast,Control,CAT04,Electronics,2026-03-16,Pre,15494.89,692
T1035,Northeast,Control,CAT04,Electronics,2026-03-23,Pre,15077.57,357
T1035,Northeast,Control,CAT04,Electronics,2026-03-30,Pre,14307.19,694
T1035,Northeast,Control,CAT04,Electronics,2026-04-06,Post,16484.83,908
T1035,Northeast,Control,CAT04,Electronics,2026-04-13,Post,17404.75,482
T1035,Northeast,Control,CAT04,Electronics,2026-04-20,Post,15495.04,380
T1035,Northeast,Control,CAT04,Electronics,2026-04-27,Post,18351.33,508
T1035,Northeast,Control,CAT04,Electronics,2026-05-04,Post,16187.8,444
T1035,Northeast,Control,CAT04,Electronics,2026-05-11,Post,16289.24,409
T1035,Northeast,Control,CAT04,Electronics,2026-05-18,Post,17338.04,666
T1035,Northeast,Control,CAT04,Electronics,2026-05-25,Post,16985.36,407
T1035,Northeast,Control,CAT04,Electronics,2026-06-01,Post,15151.4,348
T1035,Northeast,Control,CAT04,Electronics,2026-06-08,Post,15864.12,418
T1035,Northeast,Control,CAT04,Electronics,2026-06-15,Post,17807.19,407
T1035,Northeast,Control,CAT04,Electronics,2026-06-22,Post,17261.42,626
T1035,Northeast,Control,CAT04,Electronics,2026-06-29,Post,18985.92,747
T1035,Northeast,Control,CAT05,Beauty & Personal Care,2026-01-05,Pre,12460.5,294
T1035,Northeast,Control,CAT05,Beauty & Personal Care,2026-01-12,Pre,12680.26,607
T1035,Northeast,Control,CAT05,Beauty & Personal Care,2026-01-19,Pre,11639.24,484
T1035,Northeast,Control,CAT05,Beauty & Personal Care,2026-01-26,Pre,13328.34,385
T1035,Northeast,Control,CAT05,Beauty & Personal Care,2026-02-02,Pre,10533.03,343
T1035,Northeast,Control,CAT05,Beauty & Personal Care,2026-02-09,Pre,12543.16,305
T1035,Northeast,Control,CAT05,Beauty & Personal Care,2026-02-16,Pre,12960.1,544
T1035,Northeast,Control,CAT05,Beauty & Personal Care,2026-02-23,Pre,12749.74,317
T1035,Northeast,Control,CAT05,Beauty & Personal Care,2026-03-02,Pre,12520.84,284
T1035,Northeast,Control,CAT05,Beauty & Personal Care,2026-03-09,Pre,12471.61,481
T1035,Northeast,Control,CAT05,Beauty & Personal Care,2026-03-16,Pre,12653.47,563
T1035,Northeast,Control,CAT05,Beauty & Personal Care,2026-03-23,Pre,11790.77,356
T1035,Northeast,Control,CAT05,Beauty & Personal Care,2026-03-30,Pre,12993.15,530
T1035,Northeast,Control,CAT05,Beauty & Personal Care,2026-04-06,Post,12156.46,439
T1035,Northeast,Control,CAT05,Beauty & Personal Care,2026-04-13,Post,12349.96,283
T1035,Northeast,Control,CAT05,Beauty & Personal Care,2026-04-20,Post,11880.65,300
T1035,Northeast,Control,CAT05,Beauty & Personal Care,2026-04-27,Post,15598.77,635
T1035,Northeast,Control,CAT05,Beauty & Personal Care,2026-05-04,Post,13176.18,445
T1035,Northeast,Control,CAT05,Beauty & Personal Care,2026-05-11,Post,11846.78,440
T1035,Northeast,Control,CAT05,Beauty & Personal Care,2026-05-18,Post,13178.38,367
T1035,Northeast,Control,CAT05,Beauty & Personal Care,2026-05-25,Post,14212.15,435
T1035,Northeast,Control,CAT05,Beauty & Personal Care,2026-06-01,Post,13429.12,423
T1035,Northeast,Control,CAT05,Beauty & Personal Care,2026-06-08,Post,13176.32,315
T1035,Northeast,Control,CAT05,Beauty & Personal Care,2026-06-15,Post,12548.96,661
T1035,Northeast,Control,CAT05,Beauty & Personal Care,2026-06-22,Post,13579.33,344
T1035,Northeast,Control,CAT05,Beauty & Personal Care,2026-06-29,Post,14071.92,326
T1035,Northeast,Control,CAT06,Toys,2026-01-05,Pre,9601.94,401
T1035,Northeast,Control,CAT06,Toys,2026-01-12,Pre,9268.13,337
T1035,Northeast,Control,CAT06,Toys,2026-01-19,Pre,9303.05,212
T1035,Northeast,Control,CAT06,Toys,2026-01-26,Pre,10106.67,382
T1035,Northeast,Control,CAT06,Toys,2026-02-02,Pre,10065.66,272
T1035,Northeast,Control,CAT06,Toys,2026-02-09,Pre,9173.49,215
T1035,Northeast,Control,CAT06,Toys,2026-02-16,Pre,10531.78,329
T1035,Northeast,Control,CAT06,Toys,2026-02-23,Pre,8530.36,198
T1035,Northeast,Control,CAT06,Toys,2026-03-02,Pre,9555.83,353
T1035,Northeast,Control,CAT06,Toys,2026-03-09,Pre,9658.81,230
T1035,Northeast,Control,CAT06,Toys,2026-03-16,Pre,8928.56,377
T1035,Northeast,Control,CAT06,Toys,2026-03-23,Pre,8539.93,219
T1035,Northeast,Control,CAT06,Toys,2026-03-30,Pre,9010.53,325
T1035,Northeast,Control,CAT06,Toys,2026-04-06,Post,10233.42,282
T1035,Northeast,Control,CAT06,Toys,2026-04-13,Post,10294.14,264
T1035,Northeast,Control,CAT06,Toys,2026-04-20,Post,10130.28,252
T1035,Northeast,Control,CAT06,Toys,2026-04-27,Post,9232.15,220
T1035,Northeast,Control,CAT06,Toys,2026-05-04,Post,10420.58,485
T1035,Northeast,Control,CAT06,Toys,2026-05-11,Post,9344.43,388
T1035,Northeast,Control,CAT06,Toys,2026-05-18,Post,10004.94,280
T1035,Northeast,Control,CAT06,Toys,2026-05-25,Post,9850.92,306
T1035,Northeast,Control,CAT06,Toys,2026-06-01,Post,9628.16,361
T1035,Northeast,Control,CAT06,Toys,2026-06-08,Post,10361.12,493
T1035,Northeast,Control,CAT06,Toys,2026-06-15,Post,10541.79,511
T1035,Northeast,Control,CAT06,Toys,2026-06-22,Post,9471.58,279
T1035,Northeast,Control,CAT06,Toys,2026-06-29,Post,10073.8,486
T1035,Northeast,Control,CAT07,Hardlines,2026-01-05,Pre,14960.09,705
T1035,Northeast,Control,CAT07,Hardlines,2026-01-12,Pre,11775.08,428
T1035,Northeast,Control,CAT07,Hardlines,2026-01-19,Pre,14711.8,396
T1035,Northeast,Control,CAT07,Hardlines,2026-01-26,Pre,15162.21,359
T1035,Northeast,Control,CAT07,Hardlines,2026-02-02,Pre,14874.98,570
T1035,Northeast,Control,CAT07,Hardlines,2026-02-09,Pre,14983.48,400
T1035,Northeast,Control,CAT07,Hardlines,2026-02-16,Pre,14456.23,525
T1035,Northeast,Control,CAT07,Hardlines,2026-02-23,Pre,15325.51,450
T1035,Northeast,Control,CAT07,Hardlines,2026-03-02,Pre,13437.62,459
T1035,Northeast,Control,CAT07,Hardlines,2026-03-09,Pre,13861.05,608
T1035,Northeast,Control,CAT07,Hardlines,2026-03-16,Pre,15258.74,354
T1035,Northeast,Control,CAT07,Hardlines,2026-03-23,Pre,15567.65,743
T1035,Northeast,Control,CAT07,Hardlines,2026-03-30,Pre,16097.25,792
T1035,Northeast,Control,CAT07,Hardlines,2026-04-06,Post,16457.1,366
T1035,Northeast,Control,CAT07,Hardlines,2026-04-13,Post,16695.45,661
T1035,Northeast,Control,CAT07,Hardlines,2026-04-20,Post,14320.26,429
T1035,Northeast,Control,CAT07,Hardlines,2026-04-27,Post,14002.63,365
T1035,Northeast,Control,CAT07,Hardlines,2026-05-04,Post,16133.76,463
T1035,Northeast,Control,CAT07,Hardlines,2026-05-11,Post,14767.33,688
T1035,Northeast,Control,CAT07,Hardlines,2026-05-18,Post,15232.05,421
T1035,Northeast,Control,CAT07,Hardlines,2026-05-25,Post,16194.19,409
T1035,Northeast,Control,CAT07,Hardlines,2026-06-01,Post,15611.5,607
T1035,Northeast,Control,CAT07,Hardlines,2026-06-08,Post,16183.49,372
T1035,Northeast,Control,CAT07,Hardlines,2026-06-15,Post,14658.12,336
T1035,Northeast,Control,CAT07,Hardlines,2026-06-22,Post,15908.54,761
T1035,Northeast,Control,CAT07,Hardlines,2026-06-29,Post,15943.39,841
T1035,Northeast,Control,CAT08,Softlines,2026-01-05,Pre,12052.88,279
T1035,Northeast,Control,CAT08,Softlines,2026-01-12,Pre,12292.6,387
T1035,Northeast,Control,CAT08,Softlines,2026-01-19,Pre,10893.91,334
T1035,Northeast,Control,CAT08,Softlines,2026-01-26,Pre,10544.07,442
T1035,Northeast,Control,CAT08,Softlines,2026-02-02,Pre,11923.49,432
T1035,Northeast,Control,CAT08,Softlines,2026-02-09,Pre,10134.43,274
T1035,Northeast,Control,CAT08,Softlines,2026-02-16,Pre,12076.96,428
T1035,Northeast,Control,CAT08,Softlines,2026-02-23,Pre,12190.92,342
T1035,Northeast,Control,CAT08,Softlines,2026-03-02,Pre,11093.01,330
T1035,Northeast,Control,CAT08,Softlines,2026-03-09,Pre,9672.23,391
T1035,Northeast,Control,CAT08,Softlines,2026-03-16,Pre,12426.1,282
T1035,Northeast,Control,CAT08,Softlines,2026-03-23,Pre,12848.82,303
T1035,Northeast,Control,CAT08,Softlines,2026-03-30,Pre,9887.85,230
T1035,Northeast,Control,CAT08,Softlines,2026-04-06,Post,12880.02,320
T1035,Northeast,Control,CAT08,Softlines,2026-04-13,Post,12960.46,402
T1035,Northeast,Control,CAT08,Softlines,2026-04-20,Post,10790.45,596
T1035,Northeast,Control,CAT08,Softlines,2026-04-27,Post,11933.87,273
T1035,Northeast,Control,CAT08,Softlines,2026-05-04,Post,12157.14,317
T1035,Northeast,Control,CAT08,Softlines,2026-05-11,Post,12072.94,458
T1035,Northeast,Control,CAT08,Softlines,2026-05-18,Post,12584.63,653
T1035,Northeast,Control,CAT08,Softlines,2026-05-25,Post,11204.92,367
T1035,Northeast,Control,CAT08,Softlines,2026-06-01,Post,10750.4,452
T1035,Northeast,Control,CAT08,Softlines,2026-06-08,Post,10559.98,504
T1035,Northeast,Control,CAT08,Softlines,2026-06-15,Post,13067.6,374
T1035,Northeast,Control,CAT08,Softlines,2026-06-22,Post,11148.41,433
T1035,Northeast,Control,CAT08,Softlines,2026-06-29,Post,12382.68,313
T1036,Northeast,Test,CAT01,Grocery & Essentials,2026-01-05,Pre,44091.79,1350
T1036,Northeast,Test,CAT01,Grocery & Essentials,2026-01-12,Pre,51938.04,1468
T1036,Northeast,Test,CAT01,Grocery & Essentials,2026-01-19,Pre,43386.83,2288
T1036,Northeast,Test,CAT01,Grocery & Essentials,2026-01-26,Pre,50292.97,1374
T1036,Northeast,Test,CAT01,Grocery & Essentials,2026-02-02,Pre,46035.89,1804
T1036,Northeast,Test,CAT01,Grocery & Essentials,2026-02-09,Pre,40590.88,1113
T1036,Northeast,Test,CAT01,Grocery & Essentials,2026-02-16,Pre,46263.8,1400
T1036,Northeast,Test,CAT01,Grocery & Essentials,2026-02-23,Pre,46261.99,1891
T1036,Northeast,Test,CAT01,Grocery & Essentials,2026-03-02,Pre,46157.94,1934
T1036,Northeast,Test,CAT01,Grocery & Essentials,2026-03-09,Pre,43075.78,1956
T1036,Northeast,Test,CAT01,Grocery & Essentials,2026-03-16,Pre,44833.44,1410
T1036,Northeast,Test,CAT01,Grocery & Essentials,2026-03-23,Pre,47152.82,1367
T1036,Northeast,Test,CAT01,Grocery & Essentials,2026-03-30,Pre,46308.35,1056
T1036,Northeast,Test,CAT01,Grocery & Essentials,2026-04-06,Post,50252.62,2126
T1036,Northeast,Test,CAT01,Grocery & Essentials,2026-04-13,Post,47433.43,1128
T1036,Northeast,Test,CAT01,Grocery & Essentials,2026-04-20,Post,48892.47,1869
T1036,Northeast,Test,CAT01,Grocery & Essentials,2026-04-27,Post,40260.34,2116
T1036,Northeast,Test,CAT01,Grocery & Essentials,2026-05-04,Post,50152.66,1663
T1036,Northeast,Test,CAT01,Grocery & Essentials,2026-05-11,Post,44957.49,1277
T1036,Northeast,Test,CAT01,Grocery & Essentials,2026-05-18,Post,48382.92,2238
T1036,Northeast,Test,CAT01,Grocery & Essentials,2026-05-25,Post,48118.56,1253
T1036,Northeast,Test,CAT01,Grocery & Essentials,2026-06-01,Post,48621.73,1298
T1036,Northeast,Test,CAT01,Grocery & Essentials,2026-06-08,Post,52196.08,1761
T1036,Northeast,Test,CAT01,Grocery & Essentials,2026-06-15,Post,47683.03,2513
T1036,Northeast,Test,CAT01,Grocery & Essentials,2026-06-22,Post,46523.79,1702
T1036,Northeast,Test,CAT01,Grocery & Essentials,2026-06-29,Post,48701.19,1191
T1036,Northeast,Test,CAT02,Apparel & Accessories,2026-01-05,Pre,18736.71,594
T1036,Northeast,Test,CAT02,Apparel & Accessories,2026-01-12,Pre,19575.19,570
T1036,Northeast,Test,CAT02,Apparel & Accessories,2026-01-19,Pre,18532.86,534
T1036,Northeast,Test,CAT02,Apparel & Accessories,2026-01-26,Pre,19048.32,463
T1036,Northeast,Test,CAT02,Apparel & Accessories,2026-02-02,Pre,17681.5,934
T1036,Northeast,Test,CAT02,Apparel & Accessories,2026-02-09,Pre,20887.28,866
T1036,Northeast,Test,CAT02,Apparel & Accessories,2026-02-16,Pre,19953.98,548
T1036,Northeast,Test,CAT02,Apparel & Accessories,2026-02-23,Pre,19108.35,433
T1036,Northeast,Test,CAT02,Apparel & Accessories,2026-03-02,Pre,18740.27,441
T1036,Northeast,Test,CAT02,Apparel & Accessories,2026-03-09,Pre,19209.31,838
T1036,Northeast,Test,CAT02,Apparel & Accessories,2026-03-16,Pre,19225.03,523
T1036,Northeast,Test,CAT02,Apparel & Accessories,2026-03-23,Pre,18094.69,736
T1036,Northeast,Test,CAT02,Apparel & Accessories,2026-03-30,Pre,21528.57,535
T1036,Northeast,Test,CAT02,Apparel & Accessories,2026-04-06,Post,19385.82,552
T1036,Northeast,Test,CAT02,Apparel & Accessories,2026-04-13,Post,20296.18,899
T1036,Northeast,Test,CAT02,Apparel & Accessories,2026-04-20,Post,20790.01,521
T1036,Northeast,Test,CAT02,Apparel & Accessories,2026-04-27,Post,19728.86,516
T1036,Northeast,Test,CAT02,Apparel & Accessories,2026-05-04,Post,21890.49,615
T1036,Northeast,Test,CAT02,Apparel & Accessories,2026-05-11,Post,21258.73,1132
T1036,Northeast,Test,CAT02,Apparel & Accessories,2026-05-18,Post,21166.43,989
T1036,Northeast,Test,CAT02,Apparel & Accessories,2026-05-25,Post,21013.72,482
T1036,Northeast,Test,CAT02,Apparel & Accessories,2026-06-01,Post,18850.14,757
T1036,Northeast,Test,CAT02,Apparel & Accessories,2026-06-08,Post,19628.62,965
T1036,Northeast,Test,CAT02,Apparel & Accessories,2026-06-15,Post,21228.26,711
T1036,Northeast,Test,CAT02,Apparel & Accessories,2026-06-22,Post,20366.22,486
T1036,Northeast,Test,CAT02,Apparel & Accessories,2026-06-29,Post,20737.42,467
T1036,Northeast,Test,CAT03,Home,2026-01-05,Pre,23263.05,669
T1036,Northeast,Test,CAT03,Home,2026-01-12,Pre,19744.64,463
T1036,Northeast,Test,CAT03,Home,2026-01-19,Pre,24252.62,926
T1036,Northeast,Test,CAT03,Home,2026-01-26,Pre,25457.66,726
T1036,Northeast,Test,CAT03,Home,2026-02-02,Pre,25756.91,751
T1036,Northeast,Test,CAT03,Home,2026-02-09,Pre,25352.64,963
T1036,Northeast,Test,CAT03,Home,2026-02-16,Pre,23735.87,534
T1036,Northeast,Test,CAT03,Home,2026-02-23,Pre,24253.76,818
T1036,Northeast,Test,CAT03,Home,2026-03-02,Pre,21571.42,628
T1036,Northeast,Test,CAT03,Home,2026-03-09,Pre,22656.56,1094
T1036,Northeast,Test,CAT03,Home,2026-03-16,Pre,23486.05,756
T1036,Northeast,Test,CAT03,Home,2026-03-23,Pre,22334.51,541
T1036,Northeast,Test,CAT03,Home,2026-03-30,Pre,23617.6,573
T1036,Northeast,Test,CAT03,Home,2026-04-06,Post,24398.81,560
T1036,Northeast,Test,CAT03,Home,2026-04-13,Post,25927.81,970
T1036,Northeast,Test,CAT03,Home,2026-04-20,Post,25005.98,581
T1036,Northeast,Test,CAT03,Home,2026-04-27,Post,29115.12,995
T1036,Northeast,Test,CAT03,Home,2026-05-04,Post,24474.26,1082
T1036,Northeast,Test,CAT03,Home,2026-05-11,Post,23856.94,587
T1036,Northeast,Test,CAT03,Home,2026-05-18,Post,23536.52,860
T1036,Northeast,Test,CAT03,Home,2026-05-25,Post,24036.7,1131
T1036,Northeast,Test,CAT03,Home,2026-06-01,Post,23048.21,698
T1036,Northeast,Test,CAT03,Home,2026-06-08,Post,24744.23,643
T1036,Northeast,Test,CAT03,Home,2026-06-15,Post,27352.0,1361
T1036,Northeast,Test,CAT03,Home,2026-06-22,Post,26497.66,818
T1036,Northeast,Test,CAT03,Home,2026-06-29,Post,26493.57,830
T1036,Northeast,Test,CAT04,Electronics,2026-01-05,Pre,15518.4,395
T1036,Northeast,Test,CAT04,Electronics,2026-01-12,Pre,16678.3,662
T1036,Northeast,Test,CAT04,Electronics,2026-01-19,Pre,15386.29,780
T1036,Northeast,Test,CAT04,Electronics,2026-01-26,Pre,16633.74,656
T1036,Northeast,Test,CAT04,Electronics,2026-02-02,Pre,15304.69,341
T1036,Northeast,Test,CAT04,Electronics,2026-02-09,Pre,16231.08,510
T1036,Northeast,Test,CAT04,Electronics,2026-02-16,Pre,16294.25,630
T1036,Northeast,Test,CAT04,Electronics,2026-02-23,Pre,16162.9,393
T1036,Northeast,Test,CAT04,Electronics,2026-03-02,Pre,17726.5,473
T1036,Northeast,Test,CAT04,Electronics,2026-03-09,Pre,17927.29,991
T1036,Northeast,Test,CAT04,Electronics,2026-03-16,Pre,17210.03,811
T1036,Northeast,Test,CAT04,Electronics,2026-03-23,Pre,17655.41,432
T1036,Northeast,Test,CAT04,Electronics,2026-03-30,Pre,17273.93,386
T1036,Northeast,Test,CAT04,Electronics,2026-04-06,Post,18141.41,979
T1036,Northeast,Test,CAT04,Electronics,2026-04-13,Post,17544.46,736
T1036,Northeast,Test,CAT04,Electronics,2026-04-20,Post,17784.07,395
T1036,Northeast,Test,CAT04,Electronics,2026-04-27,Post,20913.48,533
T1036,Northeast,Test,CAT04,Electronics,2026-05-04,Post,17781.17,409
T1036,Northeast,Test,CAT04,Electronics,2026-05-11,Post,18599.29,508
T1036,Northeast,Test,CAT04,Electronics,2026-05-18,Post,17777.5,980
T1036,Northeast,Test,CAT04,Electronics,2026-05-25,Post,20944.85,629
T1036,Northeast,Test,CAT04,Electronics,2026-06-01,Post,19662.82,519
T1036,Northeast,Test,CAT04,Electronics,2026-06-08,Post,17863.59,960
T1036,Northeast,Test,CAT04,Electronics,2026-06-15,Post,18479.36,517
T1036,Northeast,Test,CAT04,Electronics,2026-06-22,Post,21108.56,476
T1036,Northeast,Test,CAT04,Electronics,2026-06-29,Post,19171.24,618
T1036,Northeast,Test,CAT05,Beauty & Personal Care,2026-01-05,Pre,12915.83,691
T1036,Northeast,Test,CAT05,Beauty & Personal Care,2026-01-12,Pre,13316.15,342
T1036,Northeast,Test,CAT05,Beauty & Personal Care,2026-01-19,Pre,13193.82,412
T1036,Northeast,Test,CAT05,Beauty & Personal Care,2026-01-26,Pre,13550.16,485
T1036,Northeast,Test,CAT05,Beauty & Personal Care,2026-02-02,Pre,11920.03,401
T1036,Northeast,Test,CAT05,Beauty & Personal Care,2026-02-09,Pre,12829.93,343
T1036,Northeast,Test,CAT05,Beauty & Personal Care,2026-02-16,Pre,12305.08,310
T1036,Northeast,Test,CAT05,Beauty & Personal Care,2026-02-23,Pre,14326.46,331
T1036,Northeast,Test,CAT05,Beauty & Personal Care,2026-03-02,Pre,11858.68,632
T1036,Northeast,Test,CAT05,Beauty & Personal Care,2026-03-09,Pre,14627.66,679
T1036,Northeast,Test,CAT05,Beauty & Personal Care,2026-03-16,Pre,13097.78,300
T1036,Northeast,Test,CAT05,Beauty & Personal Care,2026-03-23,Pre,13994.38,432
T1036,Northeast,Test,CAT05,Beauty & Personal Care,2026-03-30,Pre,12694.92,429
T1036,Northeast,Test,CAT05,Beauty & Personal Care,2026-04-06,Post,12019.46,279
T1036,Northeast,Test,CAT05,Beauty & Personal Care,2026-04-13,Post,14671.67,554
T1036,Northeast,Test,CAT05,Beauty & Personal Care,2026-04-20,Post,13795.87,307
T1036,Northeast,Test,CAT05,Beauty & Personal Care,2026-04-27,Post,12300.06,448
T1036,Northeast,Test,CAT05,Beauty & Personal Care,2026-05-04,Post,13324.87,335
T1036,Northeast,Test,CAT05,Beauty & Personal Care,2026-05-11,Post,13304.07,301
T1036,Northeast,Test,CAT05,Beauty & Personal Care,2026-05-18,Post,13969.25,362
T1036,Northeast,Test,CAT05,Beauty & Personal Care,2026-05-25,Post,12667.05,342
T1036,Northeast,Test,CAT05,Beauty & Personal Care,2026-06-01,Post,12512.12,445
T1036,Northeast,Test,CAT05,Beauty & Personal Care,2026-06-08,Post,13811.7,475
T1036,Northeast,Test,CAT05,Beauty & Personal Care,2026-06-15,Post,12858.25,360
T1036,Northeast,Test,CAT05,Beauty & Personal Care,2026-06-22,Post,15263.78,493
T1036,Northeast,Test,CAT05,Beauty & Personal Care,2026-06-29,Post,14640.2,510
T1036,Northeast,Test,CAT06,Toys,2026-01-05,Pre,9960.54,410
T1036,Northeast,Test,CAT06,Toys,2026-01-12,Pre,8172.99,394
T1036,Northeast,Test,CAT06,Toys,2026-01-19,Pre,9183.01,208
T1036,Northeast,Test,CAT06,Toys,2026-01-26,Pre,9346.7,221
T1036,Northeast,Test,CAT06,Toys,2026-02-02,Pre,8874.19,251
T1036,Northeast,Test,CAT06,Toys,2026-02-09,Pre,10015.82,530
T1036,Northeast,Test,CAT06,Toys,2026-02-16,Pre,9957.03,386
T1036,Northeast,Test,CAT06,Toys,2026-02-23,Pre,10209.17,281
T1036,Northeast,Test,CAT06,Toys,2026-03-02,Pre,10456.03,242
T1036,Northeast,Test,CAT06,Toys,2026-03-09,Pre,10457.03,238
T1036,Northeast,Test,CAT06,Toys,2026-03-16,Pre,11695.49,427
T1036,Northeast,Test,CAT06,Toys,2026-03-23,Pre,9826.49,361
T1036,Northeast,Test,CAT06,Toys,2026-03-30,Pre,9744.36,250
T1036,Northeast,Test,CAT06,Toys,2026-04-06,Post,10320.38,451
T1036,Northeast,Test,CAT06,Toys,2026-04-13,Post,10836.23,558
T1036,Northeast,Test,CAT06,Toys,2026-04-20,Post,8892.18,409
T1036,Northeast,Test,CAT06,Toys,2026-04-27,Post,9482.99,233
T1036,Northeast,Test,CAT06,Toys,2026-05-04,Post,9664.14,240
T1036,Northeast,Test,CAT06,Toys,2026-05-11,Post,10160.31,304
T1036,Northeast,Test,CAT06,Toys,2026-05-18,Post,9806.39,348
T1036,Northeast,Test,CAT06,Toys,2026-05-25,Post,10955.1,252
T1036,Northeast,Test,CAT06,Toys,2026-06-01,Post,10372.96,411
T1036,Northeast,Test,CAT06,Toys,2026-06-08,Post,10172.51,232
T1036,Northeast,Test,CAT06,Toys,2026-06-15,Post,10625.04,265
T1036,Northeast,Test,CAT06,Toys,2026-06-22,Post,9008.03,406
T1036,Northeast,Test,CAT06,Toys,2026-06-29,Post,10665.67,590
T1036,Northeast,Test,CAT07,Hardlines,2026-01-05,Pre,13764.38,676
T1036,Northeast,Test,CAT07,Hardlines,2026-01-12,Pre,15626.78,449
T1036,Northeast,Test,CAT07,Hardlines,2026-01-19,Pre,13026.5,323
T1036,Northeast,Test,CAT07,Hardlines,2026-01-26,Pre,15388.78,544
T1036,Northeast,Test,CAT07,Hardlines,2026-02-02,Pre,14010.41,398
T1036,Northeast,Test,CAT07,Hardlines,2026-02-09,Pre,16306.33,811
T1036,Northeast,Test,CAT07,Hardlines,2026-02-16,Pre,13434.89,507
T1036,Northeast,Test,CAT07,Hardlines,2026-02-23,Pre,15117.23,356
T1036,Northeast,Test,CAT07,Hardlines,2026-03-02,Pre,15888.56,420
T1036,Northeast,Test,CAT07,Hardlines,2026-03-09,Pre,15561.19,537
T1036,Northeast,Test,CAT07,Hardlines,2026-03-16,Pre,15614.12,630
T1036,Northeast,Test,CAT07,Hardlines,2026-03-23,Pre,13988.45,575
T1036,Northeast,Test,CAT07,Hardlines,2026-03-30,Pre,13980.05,763
T1036,Northeast,Test,CAT07,Hardlines,2026-04-06,Post,15751.07,638
T1036,Northeast,Test,CAT07,Hardlines,2026-04-13,Post,15637.06,468
T1036,Northeast,Test,CAT07,Hardlines,2026-04-20,Post,14448.1,433
T1036,Northeast,Test,CAT07,Hardlines,2026-04-27,Post,14446.35,489
T1036,Northeast,Test,CAT07,Hardlines,2026-05-04,Post,15549.75,415
T1036,Northeast,Test,CAT07,Hardlines,2026-05-11,Post,15303.41,597
T1036,Northeast,Test,CAT07,Hardlines,2026-05-18,Post,17931.53,515
T1036,Northeast,Test,CAT07,Hardlines,2026-05-25,Post,17342.26,632
T1036,Northeast,Test,CAT07,Hardlines,2026-06-01,Post,16826.66,508
T1036,Northeast,Test,CAT07,Hardlines,2026-06-08,Post,17630.53,907
T1036,Northeast,Test,CAT07,Hardlines,2026-06-15,Post,15293.54,587
T1036,Northeast,Test,CAT07,Hardlines,2026-06-22,Post,15502.82,419
T1036,Northeast,Test,CAT07,Hardlines,2026-06-29,Post,17465.48,537
T1036,Northeast,Test,CAT08,Softlines,2026-01-05,Pre,11551.87,376
T1036,Northeast,Test,CAT08,Softlines,2026-01-12,Pre,11647.26,580
T1036,Northeast,Test,CAT08,Softlines,2026-01-19,Pre,10704.28,566
T1036,Northeast,Test,CAT08,Softlines,2026-01-26,Pre,12581.56,338
T1036,Northeast,Test,CAT08,Softlines,2026-02-02,Pre,12180.25,485
T1036,Northeast,Test,CAT08,Softlines,2026-02-09,Pre,11530.0,307
T1036,Northeast,Test,CAT08,Softlines,2026-02-16,Pre,11386.41,576
T1036,Northeast,Test,CAT08,Softlines,2026-02-23,Pre,12929.56,547
T1036,Northeast,Test,CAT08,Softlines,2026-03-02,Pre,11365.6,543
T1036,Northeast,Test,CAT08,Softlines,2026-03-09,Pre,10761.13,347
T1036,Northeast,Test,CAT08,Softlines,2026-03-16,Pre,13135.69,299
T1036,Northeast,Test,CAT08,Softlines,2026-03-23,Pre,13206.3,345
T1036,Northeast,Test,CAT08,Softlines,2026-03-30,Pre,11538.71,321
T1036,Northeast,Test,CAT08,Softlines,2026-04-06,Post,13979.95,579
T1036,Northeast,Test,CAT08,Softlines,2026-04-13,Post,12100.94,275
T1036,Northeast,Test,CAT08,Softlines,2026-04-20,Post,11679.76,474
T1036,Northeast,Test,CAT08,Softlines,2026-04-27,Post,12725.88,341
T1036,Northeast,Test,CAT08,Softlines,2026-05-04,Post,11224.52,375
T1036,Northeast,Test,CAT08,Softlines,2026-05-11,Post,11565.51,479
T1036,Northeast,Test,CAT08,Softlines,2026-05-18,Post,12663.84,534
T1036,Northeast,Test,CAT08,Softlines,2026-05-25,Post,12548.65,342
T1036,Northeast,Test,CAT08,Softlines,2026-06-01,Post,13315.59,296
T1036,Northeast,Test,CAT08,Softlines,2026-06-08,Post,11545.14,304
T1036,Northeast,Test,CAT08,Softlines,2026-06-15,Post,14306.46,404
T1036,Northeast,Test,CAT08,Softlines,2026-06-22,Post,11205.39,249
T1036,Northeast,Test,CAT08,Softlines,2026-06-29,Post,12321.81,273
T1037,Midwest,Test,CAT01,Grocery & Essentials,2026-01-05,Pre,49919.17,1234
T1037,Midwest,Test,CAT01,Grocery & Essentials,2026-01-12,Pre,47531.82,1816
T1037,Midwest,Test,CAT01,Grocery & Essentials,2026-01-19,Pre,52251.65,1271
T1037,Midwest,Test,CAT01,Grocery & Essentials,2026-01-26,Pre,55121.11,2103
T1037,Midwest,Test,CAT01,Grocery & Essentials,2026-02-02,Pre,52109.63,2598
T1037,Midwest,Test,CAT01,Grocery & Essentials,2026-02-09,Pre,49962.43,1598
T1037,Midwest,Test,CAT01,Grocery & Essentials,2026-02-16,Pre,56830.03,2245
T1037,Midwest,Test,CAT01,Grocery & Essentials,2026-02-23,Pre,57210.1,1629
T1037,Midwest,Test,CAT01,Grocery & Essentials,2026-03-02,Pre,52739.11,1956
T1037,Midwest,Test,CAT01,Grocery & Essentials,2026-03-09,Pre,55192.69,1420
T1037,Midwest,Test,CAT01,Grocery & Essentials,2026-03-16,Pre,57686.81,1920
T1037,Midwest,Test,CAT01,Grocery & Essentials,2026-03-23,Pre,56817.93,1528
T1037,Midwest,Test,CAT01,Grocery & Essentials,2026-03-30,Pre,55720.7,1268
T1037,Midwest,Test,CAT01,Grocery & Essentials,2026-04-06,Post,57083.43,1503
T1037,Midwest,Test,CAT01,Grocery & Essentials,2026-04-13,Post,56527.87,1920
T1037,Midwest,Test,CAT01,Grocery & Essentials,2026-04-20,Post,55163.16,2380
T1037,Midwest,Test,CAT01,Grocery & Essentials,2026-04-27,Post,50817.48,1815
T1037,Midwest,Test,CAT01,Grocery & Essentials,2026-05-04,Post,51787.9,1187
T1037,Midwest,Test,CAT01,Grocery & Essentials,2026-05-11,Post,57558.41,1424
T1037,Midwest,Test,CAT01,Grocery & Essentials,2026-05-18,Post,54115.7,2882
T1037,Midwest,Test,CAT01,Grocery & Essentials,2026-05-25,Post,57839.46,1954
T1037,Midwest,Test,CAT01,Grocery & Essentials,2026-06-01,Post,51682.23,1939
T1037,Midwest,Test,CAT01,Grocery & Essentials,2026-06-08,Post,53619.77,1723
T1037,Midwest,Test,CAT01,Grocery & Essentials,2026-06-15,Post,56007.47,2044
T1037,Midwest,Test,CAT01,Grocery & Essentials,2026-06-22,Post,48508.97,2462
T1037,Midwest,Test,CAT01,Grocery & Essentials,2026-06-29,Post,53728.82,1455
T1037,Midwest,Test,CAT02,Apparel & Accessories,2026-01-05,Pre,21301.86,516
T1037,Midwest,Test,CAT02,Apparel & Accessories,2026-01-12,Pre,22645.22,697
T1037,Midwest,Test,CAT02,Apparel & Accessories,2026-01-19,Pre,22063.78,1215
T1037,Midwest,Test,CAT02,Apparel & Accessories,2026-01-26,Pre,22909.7,887
T1037,Midwest,Test,CAT02,Apparel & Accessories,2026-02-02,Pre,22715.47,512
T1037,Midwest,Test,CAT02,Apparel & Accessories,2026-02-09,Pre,22263.9,1179
T1037,Midwest,Test,CAT02,Apparel & Accessories,2026-02-16,Pre,21822.92,830
T1037,Midwest,Test,CAT02,Apparel & Accessories,2026-02-23,Pre,23037.06,796
T1037,Midwest,Test,CAT02,Apparel & Accessories,2026-03-02,Pre,25004.34,680
T1037,Midwest,Test,CAT02,Apparel & Accessories,2026-03-09,Pre,22069.84,839
T1037,Midwest,Test,CAT02,Apparel & Accessories,2026-03-16,Pre,26233.3,760
T1037,Midwest,Test,CAT02,Apparel & Accessories,2026-03-23,Pre,23426.06,1059
T1037,Midwest,Test,CAT02,Apparel & Accessories,2026-03-30,Pre,24774.07,597
T1037,Midwest,Test,CAT02,Apparel & Accessories,2026-04-06,Post,24038.19,590
T1037,Midwest,Test,CAT02,Apparel & Accessories,2026-04-13,Post,24372.03,620
T1037,Midwest,Test,CAT02,Apparel & Accessories,2026-04-20,Post,22177.87,1190
T1037,Midwest,Test,CAT02,Apparel & Accessories,2026-04-27,Post,22920.37,974
T1037,Midwest,Test,CAT02,Apparel & Accessories,2026-05-04,Post,21119.55,490
T1037,Midwest,Test,CAT02,Apparel & Accessories,2026-05-11,Post,23527.09,905
T1037,Midwest,Test,CAT02,Apparel & Accessories,2026-05-18,Post,24995.24,1330
T1037,Midwest,Test,CAT02,Apparel & Accessories,2026-05-25,Post,23714.45,684
T1037,Midwest,Test,CAT02,Apparel & Accessories,2026-06-01,Post,25726.28,614
T1037,Midwest,Test,CAT02,Apparel & Accessories,2026-06-08,Post,23588.9,826
T1037,Midwest,Test,CAT02,Apparel & Accessories,2026-06-15,Post,23164.65,1236
T1037,Midwest,Test,CAT02,Apparel & Accessories,2026-06-22,Post,23541.62,867
T1037,Midwest,Test,CAT02,Apparel & Accessories,2026-06-29,Post,25724.96,885
T1037,Midwest,Test,CAT03,Home,2026-01-05,Pre,30287.75,729
T1037,Midwest,Test,CAT03,Home,2026-01-12,Pre,31195.77,1376
T1037,Midwest,Test,CAT03,Home,2026-01-19,Pre,28594.73,869
T1037,Midwest,Test,CAT03,Home,2026-01-26,Pre,29255.91,1251
T1037,Midwest,Test,CAT03,Home,2026-02-02,Pre,24908.06,665
T1037,Midwest,Test,CAT03,Home,2026-02-09,Pre,25437.89,1243
T1037,Midwest,Test,CAT03,Home,2026-02-16,Pre,26260.2,1063
T1037,Midwest,Test,CAT03,Home,2026-02-23,Pre,30577.72,1263
T1037,Midwest,Test,CAT03,Home,2026-03-02,Pre,30663.96,1087
T1037,Midwest,Test,CAT03,Home,2026-03-09,Pre,32740.53,1080
T1037,Midwest,Test,CAT03,Home,2026-03-16,Pre,26630.29,1071
T1037,Midwest,Test,CAT03,Home,2026-03-23,Pre,28226.71,663
T1037,Midwest,Test,CAT03,Home,2026-03-30,Pre,25318.3,1106
T1037,Midwest,Test,CAT03,Home,2026-04-06,Post,25961.1,745
T1037,Midwest,Test,CAT03,Home,2026-04-13,Post,28164.27,1386
T1037,Midwest,Test,CAT03,Home,2026-04-20,Post,27221.52,792
T1037,Midwest,Test,CAT03,Home,2026-04-27,Post,27346.01,1094
T1037,Midwest,Test,CAT03,Home,2026-05-04,Post,27891.54,708
T1037,Midwest,Test,CAT03,Home,2026-05-11,Post,32152.5,1108
T1037,Midwest,Test,CAT03,Home,2026-05-18,Post,31518.54,737
T1037,Midwest,Test,CAT03,Home,2026-05-25,Post,27410.1,750
T1037,Midwest,Test,CAT03,Home,2026-06-01,Post,31688.11,1233
T1037,Midwest,Test,CAT03,Home,2026-06-08,Post,28088.17,654
T1037,Midwest,Test,CAT03,Home,2026-06-15,Post,26747.92,872
T1037,Midwest,Test,CAT03,Home,2026-06-22,Post,28554.42,1521
T1037,Midwest,Test,CAT03,Home,2026-06-29,Post,30522.36,895
T1037,Midwest,Test,CAT04,Electronics,2026-01-05,Pre,17430.86,399
T1037,Midwest,Test,CAT04,Electronics,2026-01-12,Pre,19393.91,762
T1037,Midwest,Test,CAT04,Electronics,2026-01-19,Pre,17988.89,402
T1037,Midwest,Test,CAT04,Electronics,2026-01-26,Pre,19240.8,621
T1037,Midwest,Test,CAT04,Electronics,2026-02-02,Pre,17567.4,529
T1037,Midwest,Test,CAT04,Electronics,2026-02-09,Pre,18926.93,822
T1037,Midwest,Test,CAT04,Electronics,2026-02-16,Pre,17885.46,724
T1037,Midwest,Test,CAT04,Electronics,2026-02-23,Pre,18730.6,711
T1037,Midwest,Test,CAT04,Electronics,2026-03-02,Pre,21718.33,651
T1037,Midwest,Test,CAT04,Electronics,2026-03-09,Pre,18649.01,426
T1037,Midwest,Test,CAT04,Electronics,2026-03-16,Pre,17658.6,502
T1037,Midwest,Test,CAT04,Electronics,2026-03-23,Pre,19455.16,513
T1037,Midwest,Test,CAT04,Electronics,2026-03-30,Pre,19552.49,827
T1037,Midwest,Test,CAT04,Electronics,2026-04-06,Post,23112.19,643
T1037,Midwest,Test,CAT04,Electronics,2026-04-13,Post,22394.22,635
T1037,Midwest,Test,CAT04,Electronics,2026-04-20,Post,23690.12,740
T1037,Midwest,Test,CAT04,Electronics,2026-04-27,Post,22150.37,745
T1037,Midwest,Test,CAT04,Electronics,2026-05-04,Post,24337.64,577
T1037,Midwest,Test,CAT04,Electronics,2026-05-11,Post,25464.78,1172
T1037,Midwest,Test,CAT04,Electronics,2026-05-18,Post,21696.28,735
T1037,Midwest,Test,CAT04,Electronics,2026-05-25,Post,27302.03,671
T1037,Midwest,Test,CAT04,Electronics,2026-06-01,Post,19377.14,443
T1037,Midwest,Test,CAT04,Electronics,2026-06-08,Post,24235.49,584
T1037,Midwest,Test,CAT04,Electronics,2026-06-15,Post,23163.68,854
T1037,Midwest,Test,CAT04,Electronics,2026-06-22,Post,24140.51,846
T1037,Midwest,Test,CAT04,Electronics,2026-06-29,Post,25719.18,696
T1037,Midwest,Test,CAT05,Beauty & Personal Care,2026-01-05,Pre,16356.23,821
T1037,Midwest,Test,CAT05,Beauty & Personal Care,2026-01-12,Pre,15453.9,708
T1037,Midwest,Test,CAT05,Beauty & Personal Care,2026-01-19,Pre,16770.43,823
T1037,Midwest,Test,CAT05,Beauty & Personal Care,2026-01-26,Pre,16396.22,412
T1037,Midwest,Test,CAT05,Beauty & Personal Care,2026-02-02,Pre,16306.2,388
T1037,Midwest,Test,CAT05,Beauty & Personal Care,2026-02-09,Pre,13881.87,724
T1037,Midwest,Test,CAT05,Beauty & Personal Care,2026-02-16,Pre,16356.11,640
T1037,Midwest,Test,CAT05,Beauty & Personal Care,2026-02-23,Pre,14657.36,645
T1037,Midwest,Test,CAT05,Beauty & Personal Care,2026-03-02,Pre,16075.25,394
T1037,Midwest,Test,CAT05,Beauty & Personal Care,2026-03-09,Pre,13128.91,293
T1037,Midwest,Test,CAT05,Beauty & Personal Care,2026-03-16,Pre,15724.0,439
T1037,Midwest,Test,CAT05,Beauty & Personal Care,2026-03-23,Pre,15087.27,705
T1037,Midwest,Test,CAT05,Beauty & Personal Care,2026-03-30,Pre,15832.67,365
T1037,Midwest,Test,CAT05,Beauty & Personal Care,2026-04-06,Post,14797.36,764
T1037,Midwest,Test,CAT05,Beauty & Personal Care,2026-04-13,Post,14030.87,352
T1037,Midwest,Test,CAT05,Beauty & Personal Care,2026-04-20,Post,15391.21,501
T1037,Midwest,Test,CAT05,Beauty & Personal Care,2026-04-27,Post,18049.98,497
T1037,Midwest,Test,CAT05,Beauty & Personal Care,2026-05-04,Post,14660.87,460
T1037,Midwest,Test,CAT05,Beauty & Personal Care,2026-05-11,Post,15120.2,479
T1037,Midwest,Test,CAT05,Beauty & Personal Care,2026-05-18,Post,16214.01,641
T1037,Midwest,Test,CAT05,Beauty & Personal Care,2026-05-25,Post,15959.54,539
T1037,Midwest,Test,CAT05,Beauty & Personal Care,2026-06-01,Post,16886.55,757
T1037,Midwest,Test,CAT05,Beauty & Personal Care,2026-06-08,Post,15655.74,651
T1037,Midwest,Test,CAT05,Beauty & Personal Care,2026-06-15,Post,16139.81,697
T1037,Midwest,Test,CAT05,Beauty & Personal Care,2026-06-22,Post,17740.72,595
T1037,Midwest,Test,CAT05,Beauty & Personal Care,2026-06-29,Post,17190.61,412
T1037,Midwest,Test,CAT06,Toys,2026-01-05,Pre,11129.85,347
T1037,Midwest,Test,CAT06,Toys,2026-01-12,Pre,9522.1,216
T1037,Midwest,Test,CAT06,Toys,2026-01-19,Pre,11462.26,309
T1037,Midwest,Test,CAT06,Toys,2026-01-26,Pre,11221.47,265
T1037,Midwest,Test,CAT06,Toys,2026-02-02,Pre,10263.57,507
T1037,Midwest,Test,CAT06,Toys,2026-02-09,Pre,9426.93,254
T1037,Midwest,Test,CAT06,Toys,2026-02-16,Pre,12730.12,436
T1037,Midwest,Test,CAT06,Toys,2026-02-23,Pre,10766.23,271
T1037,Midwest,Test,CAT06,Toys,2026-03-02,Pre,11194.07,477
T1037,Midwest,Test,CAT06,Toys,2026-03-09,Pre,13645.67,625
T1037,Midwest,Test,CAT06,Toys,2026-03-16,Pre,10745.58,318
T1037,Midwest,Test,CAT06,Toys,2026-03-23,Pre,11530.43,525
T1037,Midwest,Test,CAT06,Toys,2026-03-30,Pre,12784.6,511
T1037,Midwest,Test,CAT06,Toys,2026-04-06,Post,13288.71,307
T1037,Midwest,Test,CAT06,Toys,2026-04-13,Post,12158.47,318
T1037,Midwest,Test,CAT06,Toys,2026-04-20,Post,12842.21,611
T1037,Midwest,Test,CAT06,Toys,2026-04-27,Post,11668.99,370
T1037,Midwest,Test,CAT06,Toys,2026-05-04,Post,9867.87,304
T1037,Midwest,Test,CAT06,Toys,2026-05-11,Post,12900.43,484
T1037,Midwest,Test,CAT06,Toys,2026-05-18,Post,11956.82,343
T1037,Midwest,Test,CAT06,Toys,2026-05-25,Post,11749.81,395
T1037,Midwest,Test,CAT06,Toys,2026-06-01,Post,11721.93,260
T1037,Midwest,Test,CAT06,Toys,2026-06-08,Post,12693.76,684
T1037,Midwest,Test,CAT06,Toys,2026-06-15,Post,12729.81,500
T1037,Midwest,Test,CAT06,Toys,2026-06-22,Post,12203.44,327
T1037,Midwest,Test,CAT06,Toys,2026-06-29,Post,12621.84,327
T1037,Midwest,Test,CAT07,Hardlines,2026-01-05,Pre,16051.31,500
T1037,Midwest,Test,CAT07,Hardlines,2026-01-12,Pre,17145.48,732
T1037,Midwest,Test,CAT07,Hardlines,2026-01-19,Pre,16228.07,387
T1037,Midwest,Test,CAT07,Hardlines,2026-01-26,Pre,16255.95,611
T1037,Midwest,Test,CAT07,Hardlines,2026-02-02,Pre,18011.71,614
T1037,Midwest,Test,CAT07,Hardlines,2026-02-09,Pre,17731.45,612
T1037,Midwest,Test,CAT07,Hardlines,2026-02-16,Pre,17193.02,614
T1037,Midwest,Test,CAT07,Hardlines,2026-02-23,Pre,17495.72,415
T1037,Midwest,Test,CAT07,Hardlines,2026-03-02,Pre,18401.51,519
T1037,Midwest,Test,CAT07,Hardlines,2026-03-09,Pre,18829.64,838
T1037,Midwest,Test,CAT07,Hardlines,2026-03-16,Pre,18680.53,964
T1037,Midwest,Test,CAT07,Hardlines,2026-03-23,Pre,16797.93,373
T1037,Midwest,Test,CAT07,Hardlines,2026-03-30,Pre,16094.33,390
T1037,Midwest,Test,CAT07,Hardlines,2026-04-06,Post,15461.55,508
T1037,Midwest,Test,CAT07,Hardlines,2026-04-13,Post,17309.7,738
T1037,Midwest,Test,CAT07,Hardlines,2026-04-20,Post,15592.33,438
T1037,Midwest,Test,CAT07,Hardlines,2026-04-27,Post,20387.47,499
T1037,Midwest,Test,CAT07,Hardlines,2026-05-04,Post,18135.16,584
T1037,Midwest,Test,CAT07,Hardlines,2026-05-11,Post,16917.34,848
T1037,Midwest,Test,CAT07,Hardlines,2026-05-18,Post,18256.63,624
T1037,Midwest,Test,CAT07,Hardlines,2026-05-25,Post,16326.83,498
T1037,Midwest,Test,CAT07,Hardlines,2026-06-01,Post,17132.64,405
T1037,Midwest,Test,CAT07,Hardlines,2026-06-08,Post,18365.7,458
T1037,Midwest,Test,CAT07,Hardlines,2026-06-15,Post,18222.6,583
T1037,Midwest,Test,CAT07,Hardlines,2026-06-22,Post,18490.39,705
T1037,Midwest,Test,CAT07,Hardlines,2026-06-29,Post,19657.86,509
T1037,Midwest,Test,CAT08,Softlines,2026-01-05,Pre,14523.48,655
T1037,Midwest,Test,CAT08,Softlines,2026-01-12,Pre,13773.11,383
T1037,Midwest,Test,CAT08,Softlines,2026-01-19,Pre,14696.06,455
T1037,Midwest,Test,CAT08,Softlines,2026-01-26,Pre,13289.25,429
T1037,Midwest,Test,CAT08,Softlines,2026-02-02,Pre,14956.86,502
T1037,Midwest,Test,CAT08,Softlines,2026-02-09,Pre,14008.01,313
T1037,Midwest,Test,CAT08,Softlines,2026-02-16,Pre,14777.41,429
T1037,Midwest,Test,CAT08,Softlines,2026-02-23,Pre,13517.88,363
T1037,Midwest,Test,CAT08,Softlines,2026-03-02,Pre,14128.0,527
T1037,Midwest,Test,CAT08,Softlines,2026-03-09,Pre,16158.87,869
T1037,Midwest,Test,CAT08,Softlines,2026-03-16,Pre,14230.14,589
T1037,Midwest,Test,CAT08,Softlines,2026-03-23,Pre,15152.86,357
T1037,Midwest,Test,CAT08,Softlines,2026-03-30,Pre,15345.49,413
T1037,Midwest,Test,CAT08,Softlines,2026-04-06,Post,14927.02,348
T1037,Midwest,Test,CAT08,Softlines,2026-04-13,Post,15167.49,537
T1037,Midwest,Test,CAT08,Softlines,2026-04-20,Post,13941.49,328
T1037,Midwest,Test,CAT08,Softlines,2026-04-27,Post,13673.47,338
T1037,Midwest,Test,CAT08,Softlines,2026-05-04,Post,13522.35,382
T1037,Midwest,Test,CAT08,Softlines,2026-05-11,Post,15002.25,720
T1037,Midwest,Test,CAT08,Softlines,2026-05-18,Post,14693.33,573
T1037,Midwest,Test,CAT08,Softlines,2026-05-25,Post,15040.23,399
T1037,Midwest,Test,CAT08,Softlines,2026-06-01,Post,13569.4,439
T1037,Midwest,Test,CAT08,Softlines,2026-06-08,Post,14124.9,378
T1037,Midwest,Test,CAT08,Softlines,2026-06-15,Post,15817.49,375
T1037,Midwest,Test,CAT08,Softlines,2026-06-22,Post,15123.24,557
T1037,Midwest,Test,CAT08,Softlines,2026-06-29,Post,15114.38,358
T1038,Midwest,Control,CAT01,Grocery & Essentials,2026-01-05,Pre,37643.79,1421
T1038,Midwest,Control,CAT01,Grocery & Essentials,2026-01-12,Pre,36903.82,1004
T1038,Midwest,Control,CAT01,Grocery & Essentials,2026-01-19,Pre,39973.39,1442
T1038,Midwest,Control,CAT01,Grocery & Essentials,2026-01-26,Pre,37684.3,1335
T1038,Midwest,Control,CAT01,Grocery & Essentials,2026-02-02,Pre,35926.54,1510
T1038,Midwest,Control,CAT01,Grocery & Essentials,2026-02-09,Pre,33732.14,1059
T1038,Midwest,Control,CAT01,Grocery & Essentials,2026-02-16,Pre,37100.48,919
T1038,Midwest,Control,CAT01,Grocery & Essentials,2026-02-23,Pre,40983.98,1078
T1038,Midwest,Control,CAT01,Grocery & Essentials,2026-03-02,Pre,39834.1,998
T1038,Midwest,Control,CAT01,Grocery & Essentials,2026-03-09,Pre,39629.2,1190
T1038,Midwest,Control,CAT01,Grocery & Essentials,2026-03-16,Pre,41269.16,933
T1038,Midwest,Control,CAT01,Grocery & Essentials,2026-03-23,Pre,40820.15,1175
T1038,Midwest,Control,CAT01,Grocery & Essentials,2026-03-30,Pre,41731.56,1321
T1038,Midwest,Control,CAT01,Grocery & Essentials,2026-04-06,Post,38396.04,1261
T1038,Midwest,Control,CAT01,Grocery & Essentials,2026-04-13,Post,37503.23,1142
T1038,Midwest,Control,CAT01,Grocery & Essentials,2026-04-20,Post,37542.25,1791
T1038,Midwest,Control,CAT01,Grocery & Essentials,2026-04-27,Post,38938.12,1039
T1038,Midwest,Control,CAT01,Grocery & Essentials,2026-05-04,Post,39512.86,885
T1038,Midwest,Control,CAT01,Grocery & Essentials,2026-05-11,Post,39290.87,964
T1038,Midwest,Control,CAT01,Grocery & Essentials,2026-05-18,Post,40650.65,1887
T1038,Midwest,Control,CAT01,Grocery & Essentials,2026-05-25,Post,45654.09,1519
T1038,Midwest,Control,CAT01,Grocery & Essentials,2026-06-01,Post,41836.83,1632
T1038,Midwest,Control,CAT01,Grocery & Essentials,2026-06-08,Post,41750.81,1272
T1038,Midwest,Control,CAT01,Grocery & Essentials,2026-06-15,Post,33774.91,1323
T1038,Midwest,Control,CAT01,Grocery & Essentials,2026-06-22,Post,39562.01,1484
T1038,Midwest,Control,CAT01,Grocery & Essentials,2026-06-29,Post,39609.04,1863
T1038,Midwest,Control,CAT02,Apparel & Accessories,2026-01-05,Pre,13669.68,404
T1038,Midwest,Control,CAT02,Apparel & Accessories,2026-01-12,Pre,16216.92,521
T1038,Midwest,Control,CAT02,Apparel & Accessories,2026-01-19,Pre,15134.99,369
T1038,Midwest,Control,CAT02,Apparel & Accessories,2026-01-26,Pre,15523.54,388
T1038,Midwest,Control,CAT02,Apparel & Accessories,2026-02-02,Pre,17064.6,550
T1038,Midwest,Control,CAT02,Apparel & Accessories,2026-02-09,Pre,15798.95,677
T1038,Midwest,Control,CAT02,Apparel & Accessories,2026-02-16,Pre,14463.6,722
T1038,Midwest,Control,CAT02,Apparel & Accessories,2026-02-23,Pre,15176.74,453
T1038,Midwest,Control,CAT02,Apparel & Accessories,2026-03-02,Pre,16466.95,413
T1038,Midwest,Control,CAT02,Apparel & Accessories,2026-03-09,Pre,16792.22,648
T1038,Midwest,Control,CAT02,Apparel & Accessories,2026-03-16,Pre,15968.3,549
T1038,Midwest,Control,CAT02,Apparel & Accessories,2026-03-23,Pre,16164.92,561
T1038,Midwest,Control,CAT02,Apparel & Accessories,2026-03-30,Pre,18574.65,416
T1038,Midwest,Control,CAT02,Apparel & Accessories,2026-04-06,Post,14301.36,339
T1038,Midwest,Control,CAT02,Apparel & Accessories,2026-04-13,Post,16215.86,516
T1038,Midwest,Control,CAT02,Apparel & Accessories,2026-04-20,Post,15360.57,495
T1038,Midwest,Control,CAT02,Apparel & Accessories,2026-04-27,Post,17687.36,572
T1038,Midwest,Control,CAT02,Apparel & Accessories,2026-05-04,Post,18627.89,535
T1038,Midwest,Control,CAT02,Apparel & Accessories,2026-05-11,Post,17135.92,387
T1038,Midwest,Control,CAT02,Apparel & Accessories,2026-05-18,Post,15224.14,749
T1038,Midwest,Control,CAT02,Apparel & Accessories,2026-05-25,Post,18422.36,569
T1038,Midwest,Control,CAT02,Apparel & Accessories,2026-06-01,Post,17055.63,927
T1038,Midwest,Control,CAT02,Apparel & Accessories,2026-06-08,Post,16955.35,612
T1038,Midwest,Control,CAT02,Apparel & Accessories,2026-06-15,Post,17699.34,557
T1038,Midwest,Control,CAT02,Apparel & Accessories,2026-06-22,Post,15707.34,432
T1038,Midwest,Control,CAT02,Apparel & Accessories,2026-06-29,Post,16697.79,523
T1038,Midwest,Control,CAT03,Home,2026-01-05,Pre,18955.77,973
T1038,Midwest,Control,CAT03,Home,2026-01-12,Pre,19495.45,520
T1038,Midwest,Control,CAT03,Home,2026-01-19,Pre,19710.54,893
T1038,Midwest,Control,CAT03,Home,2026-01-26,Pre,20045.23,750
T1038,Midwest,Control,CAT03,Home,2026-02-02,Pre,18591.28,918
T1038,Midwest,Control,CAT03,Home,2026-02-09,Pre,17150.48,898
T1038,Midwest,Control,CAT03,Home,2026-02-16,Pre,19205.53,464
T1038,Midwest,Control,CAT03,Home,2026-02-23,Pre,19443.38,487
T1038,Midwest,Control,CAT03,Home,2026-03-02,Pre,17301.19,919
T1038,Midwest,Control,CAT03,Home,2026-03-09,Pre,18637.76,414
T1038,Midwest,Control,CAT03,Home,2026-03-16,Pre,18959.7,599
T1038,Midwest,Control,CAT03,Home,2026-03-23,Pre,20141.37,542
T1038,Midwest,Control,CAT03,Home,2026-03-30,Pre,19303.01,802
T1038,Midwest,Control,CAT03,Home,2026-04-06,Post,20238.18,720
T1038,Midwest,Control,CAT03,Home,2026-04-13,Post,19392.47,850
T1038,Midwest,Control,CAT03,Home,2026-04-20,Post,21105.1,569
T1038,Midwest,Control,CAT03,Home,2026-04-27,Post,18943.1,775
T1038,Midwest,Control,CAT03,Home,2026-05-04,Post,20359.95,967
T1038,Midwest,Control,CAT03,Home,2026-05-11,Post,20504.67,979
T1038,Midwest,Control,CAT03,Home,2026-05-18,Post,21799.64,853
T1038,Midwest,Control,CAT03,Home,2026-05-25,Post,20108.99,489
T1038,Midwest,Control,CAT03,Home,2026-06-01,Post,23083.31,846
T1038,Midwest,Control,CAT03,Home,2026-06-08,Post,23099.8,644
T1038,Midwest,Control,CAT03,Home,2026-06-15,Post,19526.24,485
T1038,Midwest,Control,CAT03,Home,2026-06-22,Post,20851.29,499
T1038,Midwest,Control,CAT03,Home,2026-06-29,Post,19148.21,490
T1038,Midwest,Control,CAT04,Electronics,2026-01-05,Pre,13429.72,440
T1038,Midwest,Control,CAT04,Electronics,2026-01-12,Pre,12596.62,350
T1038,Midwest,Control,CAT04,Electronics,2026-01-19,Pre,13203.89,358
T1038,Midwest,Control,CAT04,Electronics,2026-01-26,Pre,12917.86,395
T1038,Midwest,Control,CAT04,Electronics,2026-02-02,Pre,15793.76,848
T1038,Midwest,Control,CAT04,Electronics,2026-02-09,Pre,13121.73,589
T1038,Midwest,Control,CAT04,Electronics,2026-02-16,Pre,13092.71,606
T1038,Midwest,Control,CAT04,Electronics,2026-02-23,Pre,14267.46,495
T1038,Midwest,Control,CAT04,Electronics,2026-03-02,Pre,14470.2,363
T1038,Midwest,Control,CAT04,Electronics,2026-03-09,Pre,13705.03,468
T1038,Midwest,Control,CAT04,Electronics,2026-03-16,Pre,14612.4,526
T1038,Midwest,Control,CAT04,Electronics,2026-03-23,Pre,15992.57,443
T1038,Midwest,Control,CAT04,Electronics,2026-03-30,Pre,13328.6,482
T1038,Midwest,Control,CAT04,Electronics,2026-04-06,Post,12581.41,487
T1038,Midwest,Control,CAT04,Electronics,2026-04-13,Post,15956.62,362
T1038,Midwest,Control,CAT04,Electronics,2026-04-20,Post,14156.77,361
T1038,Midwest,Control,CAT04,Electronics,2026-04-27,Post,14844.26,475
T1038,Midwest,Control,CAT04,Electronics,2026-05-04,Post,15407.64,392
T1038,Midwest,Control,CAT04,Electronics,2026-05-11,Post,14494.57,613
T1038,Midwest,Control,CAT04,Electronics,2026-05-18,Post,14009.65,470
T1038,Midwest,Control,CAT04,Electronics,2026-05-25,Post,13294.17,298
T1038,Midwest,Control,CAT04,Electronics,2026-06-01,Post,15371.67,483
T1038,Midwest,Control,CAT04,Electronics,2026-06-08,Post,14445.07,684
T1038,Midwest,Control,CAT04,Electronics,2026-06-15,Post,12539.42,353
T1038,Midwest,Control,CAT04,Electronics,2026-06-22,Post,16308.64,505
T1038,Midwest,Control,CAT04,Electronics,2026-06-29,Post,13208.61,310
T1038,Midwest,Control,CAT05,Beauty & Personal Care,2026-01-05,Pre,11176.57,399
T1038,Midwest,Control,CAT05,Beauty & Personal Care,2026-01-12,Pre,10601.72,247
T1038,Midwest,Control,CAT05,Beauty & Personal Care,2026-01-19,Pre,9305.71,327
T1038,Midwest,Control,CAT05,Beauty & Personal Care,2026-01-26,Pre,10455.08,370
T1038,Midwest,Control,CAT05,Beauty & Personal Care,2026-02-02,Pre,10339.3,299
T1038,Midwest,Control,CAT05,Beauty & Personal Care,2026-02-09,Pre,9555.9,274
T1038,Midwest,Control,CAT05,Beauty & Personal Care,2026-02-16,Pre,10999.62,278
T1038,Midwest,Control,CAT05,Beauty & Personal Care,2026-02-23,Pre,11367.78,449
T1038,Midwest,Control,CAT05,Beauty & Personal Care,2026-03-02,Pre,10712.42,285
T1038,Midwest,Control,CAT05,Beauty & Personal Care,2026-03-09,Pre,10523.43,266
T1038,Midwest,Control,CAT05,Beauty & Personal Care,2026-03-16,Pre,11231.31,509
T1038,Midwest,Control,CAT05,Beauty & Personal Care,2026-03-23,Pre,8899.1,301
T1038,Midwest,Control,CAT05,Beauty & Personal Care,2026-03-30,Pre,10562.08,453
T1038,Midwest,Control,CAT05,Beauty & Personal Care,2026-04-06,Post,10655.79,246
T1038,Midwest,Control,CAT05,Beauty & Personal Care,2026-04-13,Post,10986.13,545
T1038,Midwest,Control,CAT05,Beauty & Personal Care,2026-04-20,Post,9889.18,277
T1038,Midwest,Control,CAT05,Beauty & Personal Care,2026-04-27,Post,9591.94,325
T1038,Midwest,Control,CAT05,Beauty & Personal Care,2026-05-04,Post,10324.65,337
T1038,Midwest,Control,CAT05,Beauty & Personal Care,2026-05-11,Post,11502.47,352
T1038,Midwest,Control,CAT05,Beauty & Personal Care,2026-05-18,Post,10886.19,348
T1038,Midwest,Control,CAT05,Beauty & Personal Care,2026-05-25,Post,10436.0,318
T1038,Midwest,Control,CAT05,Beauty & Personal Care,2026-06-01,Post,12739.66,575
T1038,Midwest,Control,CAT05,Beauty & Personal Care,2026-06-08,Post,11050.95,434
T1038,Midwest,Control,CAT05,Beauty & Personal Care,2026-06-15,Post,11365.44,404
T1038,Midwest,Control,CAT05,Beauty & Personal Care,2026-06-22,Post,12419.31,347
T1038,Midwest,Control,CAT05,Beauty & Personal Care,2026-06-29,Post,11561.97,519
T1038,Midwest,Control,CAT06,Toys,2026-01-05,Pre,8093.74,272
T1038,Midwest,Control,CAT06,Toys,2026-01-12,Pre,7390.28,318
T1038,Midwest,Control,CAT06,Toys,2026-01-19,Pre,7897.79,197
T1038,Midwest,Control,CAT06,Toys,2026-01-26,Pre,8829.23,272
T1038,Midwest,Control,CAT06,Toys,2026-02-02,Pre,8147.73,259
T1038,Midwest,Control,CAT06,Toys,2026-02-09,Pre,8095.17,186
T1038,Midwest,Control,CAT06,Toys,2026-02-16,Pre,7853.13,178
T1038,Midwest,Control,CAT06,Toys,2026-02-23,Pre,7313.57,182
T1038,Midwest,Control,CAT06,Toys,2026-03-02,Pre,8698.69,245
T1038,Midwest,Control,CAT06,Toys,2026-03-09,Pre,8042.16,232
T1038,Midwest,Control,CAT06,Toys,2026-03-16,Pre,7727.75,229
T1038,Midwest,Control,CAT06,Toys,2026-03-23,Pre,7373.25,168
T1038,Midwest,Control,CAT06,Toys,2026-03-30,Pre,8347.3,252
T1038,Midwest,Control,CAT06,Toys,2026-04-06,Post,7562.3,236
T1038,Midwest,Control,CAT06,Toys,2026-04-13,Post,8906.83,245
T1038,Midwest,Control,CAT06,Toys,2026-04-20,Post,7907.79,251
T1038,Midwest,Control,CAT06,Toys,2026-04-27,Post,8349.28,259
T1038,Midwest,Control,CAT06,Toys,2026-05-04,Post,8552.77,208
T1038,Midwest,Control,CAT06,Toys,2026-05-11,Post,8514.18,221
T1038,Midwest,Control,CAT06,Toys,2026-05-18,Post,8926.1,469
T1038,Midwest,Control,CAT06,Toys,2026-05-25,Post,8107.27,181
T1038,Midwest,Control,CAT06,Toys,2026-06-01,Post,8465.74,231
T1038,Midwest,Control,CAT06,Toys,2026-06-08,Post,8840.0,401
T1038,Midwest,Control,CAT06,Toys,2026-06-15,Post,9454.98,218
T1038,Midwest,Control,CAT06,Toys,2026-06-22,Post,9044.26,413
T1038,Midwest,Control,CAT06,Toys,2026-06-29,Post,9197.35,218
T1038,Midwest,Control,CAT07,Hardlines,2026-01-05,Pre,11870.72,399
T1038,Midwest,Control,CAT07,Hardlines,2026-01-12,Pre,12524.07,657
T1038,Midwest,Control,CAT07,Hardlines,2026-01-19,Pre,13422.0,325
T1038,Midwest,Control,CAT07,Hardlines,2026-01-26,Pre,12251.28,548
T1038,Midwest,Control,CAT07,Hardlines,2026-02-02,Pre,12679.08,382
T1038,Midwest,Control,CAT07,Hardlines,2026-02-09,Pre,11027.54,588
T1038,Midwest,Control,CAT07,Hardlines,2026-02-16,Pre,13030.5,530
T1038,Midwest,Control,CAT07,Hardlines,2026-02-23,Pre,12681.76,383
T1038,Midwest,Control,CAT07,Hardlines,2026-03-02,Pre,13069.29,385
T1038,Midwest,Control,CAT07,Hardlines,2026-03-09,Pre,12318.23,368
T1038,Midwest,Control,CAT07,Hardlines,2026-03-16,Pre,11061.56,371
T1038,Midwest,Control,CAT07,Hardlines,2026-03-23,Pre,13329.92,426
T1038,Midwest,Control,CAT07,Hardlines,2026-03-30,Pre,12105.99,405
T1038,Midwest,Control,CAT07,Hardlines,2026-04-06,Post,11455.41,304
T1038,Midwest,Control,CAT07,Hardlines,2026-04-13,Post,12964.02,304
T1038,Midwest,Control,CAT07,Hardlines,2026-04-20,Post,14415.45,402
T1038,Midwest,Control,CAT07,Hardlines,2026-04-27,Post,12163.37,282
T1038,Midwest,Control,CAT07,Hardlines,2026-05-04,Post,12370.95,302
T1038,Midwest,Control,CAT07,Hardlines,2026-05-11,Post,13736.57,320
T1038,Midwest,Control,CAT07,Hardlines,2026-05-18,Post,12875.03,309
T1038,Midwest,Control,CAT07,Hardlines,2026-05-25,Post,13786.08,325
T1038,Midwest,Control,CAT07,Hardlines,2026-06-01,Post,12922.44,493
T1038,Midwest,Control,CAT07,Hardlines,2026-06-08,Post,12825.37,706
T1038,Midwest,Control,CAT07,Hardlines,2026-06-15,Post,12524.42,336
T1038,Midwest,Control,CAT07,Hardlines,2026-06-22,Post,13603.16,352
T1038,Midwest,Control,CAT07,Hardlines,2026-06-29,Post,12610.79,496
T1038,Midwest,Control,CAT08,Softlines,2026-01-05,Pre,9223.6,428
T1038,Midwest,Control,CAT08,Softlines,2026-01-12,Pre,10337.7,249
T1038,Midwest,Control,CAT08,Softlines,2026-01-19,Pre,11104.39,350
T1038,Midwest,Control,CAT08,Softlines,2026-01-26,Pre,9955.23,364
T1038,Midwest,Control,CAT08,Softlines,2026-02-02,Pre,10491.24,399
T1038,Midwest,Control,CAT08,Softlines,2026-02-09,Pre,9483.7,363
T1038,Midwest,Control,CAT08,Softlines,2026-02-16,Pre,9606.99,240
T1038,Midwest,Control,CAT08,Softlines,2026-02-23,Pre,9948.16,399
T1038,Midwest,Control,CAT08,Softlines,2026-03-02,Pre,9376.1,419
T1038,Midwest,Control,CAT08,Softlines,2026-03-09,Pre,9586.18,246
T1038,Midwest,Control,CAT08,Softlines,2026-03-16,Pre,10404.98,535
T1038,Midwest,Control,CAT08,Softlines,2026-03-23,Pre,9981.21,252
T1038,Midwest,Control,CAT08,Softlines,2026-03-30,Pre,9902.33,402
T1038,Midwest,Control,CAT08,Softlines,2026-04-06,Post,9906.7,531
T1038,Midwest,Control,CAT08,Softlines,2026-04-13,Post,9362.59,235
T1038,Midwest,Control,CAT08,Softlines,2026-04-20,Post,10231.07,501
T1038,Midwest,Control,CAT08,Softlines,2026-04-27,Post,9667.29,232
T1038,Midwest,Control,CAT08,Softlines,2026-05-04,Post,9066.07,317
T1038,Midwest,Control,CAT08,Softlines,2026-05-11,Post,9413.14,480
T1038,Midwest,Control,CAT08,Softlines,2026-05-18,Post,10145.8,233
T1038,Midwest,Control,CAT08,Softlines,2026-05-25,Post,10741.32,351
T1038,Midwest,Control,CAT08,Softlines,2026-06-01,Post,10975.36,299
T1038,Midwest,Control,CAT08,Softlines,2026-06-08,Post,9398.21,260
T1038,Midwest,Control,CAT08,Softlines,2026-06-15,Post,10782.82,410
T1038,Midwest,Control,CAT08,Softlines,2026-06-22,Post,11765.63,493
T1038,Midwest,Control,CAT08,Softlines,2026-06-29,Post,11177.71,322
T1039,South,Test,CAT01,Grocery & Essentials,2026-01-05,Pre,36877.77,1472
T1039,South,Test,CAT01,Grocery & Essentials,2026-01-12,Pre,35369.34,838
T1039,South,Test,CAT01,Grocery & Essentials,2026-01-19,Pre,33354.25,850
T1039,South,Test,CAT01,Grocery & Essentials,2026-01-26,Pre,37783.52,1404
T1039,South,Test,CAT01,Grocery & Essentials,2026-02-02,Pre,41215.89,1748
T1039,South,Test,CAT01,Grocery & Essentials,2026-02-09,Pre,43971.39,1134
T1039,South,Test,CAT01,Grocery & Essentials,2026-02-16,Pre,39190.35,872
T1039,South,Test,CAT01,Grocery & Essentials,2026-02-23,Pre,37013.83,1244
T1039,South,Test,CAT01,Grocery & Essentials,2026-03-02,Pre,39305.47,2149
T1039,South,Test,CAT01,Grocery & Essentials,2026-03-09,Pre,39614.48,960
T1039,South,Test,CAT01,Grocery & Essentials,2026-03-16,Pre,38880.22,1663
T1039,South,Test,CAT01,Grocery & Essentials,2026-03-23,Pre,42284.69,1003
T1039,South,Test,CAT01,Grocery & Essentials,2026-03-30,Pre,43763.7,1166
T1039,South,Test,CAT01,Grocery & Essentials,2026-04-06,Post,36903.3,1314
T1039,South,Test,CAT01,Grocery & Essentials,2026-04-13,Post,41355.27,1067
T1039,South,Test,CAT01,Grocery & Essentials,2026-04-20,Post,39743.24,1340
T1039,South,Test,CAT01,Grocery & Essentials,2026-04-27,Post,40823.68,1876
T1039,South,Test,CAT01,Grocery & Essentials,2026-05-04,Post,40254.8,1911
T1039,South,Test,CAT01,Grocery & Essentials,2026-05-11,Post,41097.2,1122
T1039,South,Test,CAT01,Grocery & Essentials,2026-05-18,Post,37704.72,994
T1039,South,Test,CAT01,Grocery & Essentials,2026-05-25,Post,46824.54,1044
T1039,South,Test,CAT01,Grocery & Essentials,2026-06-01,Post,42657.88,1688
T1039,South,Test,CAT01,Grocery & Essentials,2026-06-08,Post,40749.95,1840
T1039,South,Test,CAT01,Grocery & Essentials,2026-06-15,Post,39893.07,1921
T1039,South,Test,CAT01,Grocery & Essentials,2026-06-22,Post,35374.19,1094
T1039,South,Test,CAT01,Grocery & Essentials,2026-06-29,Post,43725.0,1282
T1039,South,Test,CAT02,Apparel & Accessories,2026-01-05,Pre,15859.99,474
T1039,South,Test,CAT02,Apparel & Accessories,2026-01-12,Pre,17916.94,883
T1039,South,Test,CAT02,Apparel & Accessories,2026-01-19,Pre,14703.05,433
T1039,South,Test,CAT02,Apparel & Accessories,2026-01-26,Pre,14567.74,328
T1039,South,Test,CAT02,Apparel & Accessories,2026-02-02,Pre,15273.37,374
T1039,South,Test,CAT02,Apparel & Accessories,2026-02-09,Pre,16094.34,568
T1039,South,Test,CAT02,Apparel & Accessories,2026-02-16,Pre,15413.52,671
T1039,South,Test,CAT02,Apparel & Accessories,2026-02-23,Pre,18760.21,465
T1039,South,Test,CAT02,Apparel & Accessories,2026-03-02,Pre,18657.23,456
T1039,South,Test,CAT02,Apparel & Accessories,2026-03-09,Pre,16731.61,766
T1039,South,Test,CAT02,Apparel & Accessories,2026-03-16,Pre,17235.02,559
T1039,South,Test,CAT02,Apparel & Accessories,2026-03-23,Pre,17454.2,769
T1039,South,Test,CAT02,Apparel & Accessories,2026-03-30,Pre,16406.66,449
T1039,South,Test,CAT02,Apparel & Accessories,2026-04-06,Post,15833.34,377
T1039,South,Test,CAT02,Apparel & Accessories,2026-04-13,Post,20472.57,541
T1039,South,Test,CAT02,Apparel & Accessories,2026-04-20,Post,17378.09,607
T1039,South,Test,CAT02,Apparel & Accessories,2026-04-27,Post,16889.52,519
T1039,South,Test,CAT02,Apparel & Accessories,2026-05-04,Post,17338.31,392
T1039,South,Test,CAT02,Apparel & Accessories,2026-05-11,Post,17561.3,863
T1039,South,Test,CAT02,Apparel & Accessories,2026-05-18,Post,19814.33,899
T1039,South,Test,CAT02,Apparel & Accessories,2026-05-25,Post,18116.3,473
T1039,South,Test,CAT02,Apparel & Accessories,2026-06-01,Post,17044.21,390
T1039,South,Test,CAT02,Apparel & Accessories,2026-06-08,Post,18697.11,794
T1039,South,Test,CAT02,Apparel & Accessories,2026-06-15,Post,18132.2,925
T1039,South,Test,CAT02,Apparel & Accessories,2026-06-22,Post,16748.59,537
T1039,South,Test,CAT02,Apparel & Accessories,2026-06-29,Post,16795.96,549
T1039,South,Test,CAT03,Home,2026-01-05,Pre,18412.11,490
T1039,South,Test,CAT03,Home,2026-01-12,Pre,18843.63,708
T1039,South,Test,CAT03,Home,2026-01-19,Pre,18882.61,517
T1039,South,Test,CAT03,Home,2026-01-26,Pre,20517.65,1106
T1039,South,Test,CAT03,Home,2026-02-02,Pre,18495.69,481
T1039,South,Test,CAT03,Home,2026-02-09,Pre,18500.46,556
T1039,South,Test,CAT03,Home,2026-02-16,Pre,21357.65,997
T1039,South,Test,CAT03,Home,2026-02-23,Pre,20653.31,471
T1039,South,Test,CAT03,Home,2026-03-02,Pre,20122.3,868
T1039,South,Test,CAT03,Home,2026-03-09,Pre,21253.76,692
T1039,South,Test,CAT03,Home,2026-03-16,Pre,20202.26,776
T1039,South,Test,CAT03,Home,2026-03-23,Pre,19572.15,871
T1039,South,Test,CAT03,Home,2026-03-30,Pre,21963.78,630
T1039,South,Test,CAT03,Home,2026-04-06,Post,22085.82,1188
T1039,South,Test,CAT03,Home,2026-04-13,Post,20444.35,657
T1039,South,Test,CAT03,Home,2026-04-20,Post,21436.67,774
T1039,South,Test,CAT03,Home,2026-04-27,Post,18153.33,957
T1039,South,Test,CAT03,Home,2026-05-04,Post,21446.51,542
T1039,South,Test,CAT03,Home,2026-05-11,Post,23407.19,548
T1039,South,Test,CAT03,Home,2026-05-18,Post,20843.89,618
T1039,South,Test,CAT03,Home,2026-05-25,Post,23625.96,619
T1039,South,Test,CAT03,Home,2026-06-01,Post,22763.55,686
T1039,South,Test,CAT03,Home,2026-06-08,Post,20624.59,751
T1039,South,Test,CAT03,Home,2026-06-15,Post,21465.79,487
T1039,South,Test,CAT03,Home,2026-06-22,Post,21110.82,963
T1039,South,Test,CAT03,Home,2026-06-29,Post,18675.94,616
T1039,South,Test,CAT04,Electronics,2026-01-05,Pre,12965.7,594
T1039,South,Test,CAT04,Electronics,2026-01-12,Pre,13029.8,353
T1039,South,Test,CAT04,Electronics,2026-01-19,Pre,12880.35,626
T1039,South,Test,CAT04,Electronics,2026-01-26,Pre,13094.71,461
T1039,South,Test,CAT04,Electronics,2026-02-02,Pre,13360.97,420
T1039,South,Test,CAT04,Electronics,2026-02-09,Pre,14113.54,384
T1039,South,Test,CAT04,Electronics,2026-02-16,Pre,13154.79,424
T1039,South,Test,CAT04,Electronics,2026-02-23,Pre,15049.08,372
T1039,South,Test,CAT04,Electronics,2026-03-02,Pre,12945.73,448
T1039,South,Test,CAT04,Electronics,2026-03-09,Pre,14967.71,336
T1039,South,Test,CAT04,Electronics,2026-03-16,Pre,14225.59,357
T1039,South,Test,CAT04,Electronics,2026-03-23,Pre,12845.81,307
T1039,South,Test,CAT04,Electronics,2026-03-30,Pre,13757.5,529
T1039,South,Test,CAT04,Electronics,2026-04-06,Post,18057.69,799
T1039,South,Test,CAT04,Electronics,2026-04-13,Post,15390.45,830
T1039,South,Test,CAT04,Electronics,2026-04-20,Post,16602.04,506
T1039,South,Test,CAT04,Electronics,2026-04-27,Post,15333.55,380
T1039,South,Test,CAT04,Electronics,2026-05-04,Post,15685.12,565
T1039,South,Test,CAT04,Electronics,2026-05-11,Post,15650.04,371
T1039,South,Test,CAT04,Electronics,2026-05-18,Post,17258.51,670
T1039,South,Test,CAT04,Electronics,2026-05-25,Post,17158.56,836
T1039,South,Test,CAT04,Electronics,2026-06-01,Post,17267.19,837
T1039,South,Test,CAT04,Electronics,2026-06-08,Post,14601.9,551
T1039,South,Test,CAT04,Electronics,2026-06-15,Post,16357.1,370
T1039,South,Test,CAT04,Electronics,2026-06-22,Post,16204.46,393
T1039,South,Test,CAT04,Electronics,2026-06-29,Post,18744.72,593
T1039,South,Test,CAT05,Beauty & Personal Care,2026-01-05,Pre,9156.55,506
T1039,South,Test,CAT05,Beauty & Personal Care,2026-01-12,Pre,10475.69,310
T1039,South,Test,CAT05,Beauty & Personal Care,2026-01-19,Pre,10517.36,278
T1039,South,Test,CAT05,Beauty & Personal Care,2026-01-26,Pre,10102.96,257
T1039,South,Test,CAT05,Beauty & Personal Care,2026-02-02,Pre,10725.85,266
T1039,South,Test,CAT05,Beauty & Personal Care,2026-02-09,Pre,11252.04,587
T1039,South,Test,CAT05,Beauty & Personal Care,2026-02-16,Pre,11217.89,287
T1039,South,Test,CAT05,Beauty & Personal Care,2026-02-23,Pre,10360.39,409
T1039,South,Test,CAT05,Beauty & Personal Care,2026-03-02,Pre,12347.61,276
T1039,South,Test,CAT05,Beauty & Personal Care,2026-03-09,Pre,11522.62,264
T1039,South,Test,CAT05,Beauty & Personal Care,2026-03-16,Pre,12328.23,333
T1039,South,Test,CAT05,Beauty & Personal Care,2026-03-23,Pre,11306.13,557
T1039,South,Test,CAT05,Beauty & Personal Care,2026-03-30,Pre,10690.42,476
T1039,South,Test,CAT05,Beauty & Personal Care,2026-04-06,Post,10255.53,493
T1039,South,Test,CAT05,Beauty & Personal Care,2026-04-13,Post,11714.18,273
T1039,South,Test,CAT05,Beauty & Personal Care,2026-04-20,Post,11615.88,502
T1039,South,Test,CAT05,Beauty & Personal Care,2026-04-27,Post,12237.56,535
T1039,South,Test,CAT05,Beauty & Personal Care,2026-05-04,Post,8965.85,277
T1039,South,Test,CAT05,Beauty & Personal Care,2026-05-11,Post,10812.71,294
T1039,South,Test,CAT05,Beauty & Personal Care,2026-05-18,Post,12341.14,305
T1039,South,Test,CAT05,Beauty & Personal Care,2026-05-25,Post,13032.93,534
T1039,South,Test,CAT05,Beauty & Personal Care,2026-06-01,Post,13085.12,314
T1039,South,Test,CAT05,Beauty & Personal Care,2026-06-08,Post,12901.35,368
T1039,South,Test,CAT05,Beauty & Personal Care,2026-06-15,Post,10683.6,238
T1039,South,Test,CAT05,Beauty & Personal Care,2026-06-22,Post,11838.44,360
T1039,South,Test,CAT05,Beauty & Personal Care,2026-06-29,Post,11373.85,257
T1039,South,Test,CAT06,Toys,2026-01-05,Pre,6685.18,169
T1039,South,Test,CAT06,Toys,2026-01-12,Pre,8042.06,272
T1039,South,Test,CAT06,Toys,2026-01-19,Pre,8740.2,233
T1039,South,Test,CAT06,Toys,2026-01-26,Pre,8539.45,403
T1039,South,Test,CAT06,Toys,2026-02-02,Pre,9540.3,252
T1039,South,Test,CAT06,Toys,2026-02-09,Pre,7962.27,217
T1039,South,Test,CAT06,Toys,2026-02-16,Pre,9316.69,338
T1039,South,Test,CAT06,Toys,2026-02-23,Pre,8278.66,294
T1039,South,Test,CAT06,Toys,2026-03-02,Pre,7781.12,226
T1039,South,Test,CAT06,Toys,2026-03-09,Pre,8562.9,227
T1039,South,Test,CAT06,Toys,2026-03-16,Pre,8759.66,215
T1039,South,Test,CAT06,Toys,2026-03-23,Pre,9218.56,280
T1039,South,Test,CAT06,Toys,2026-03-30,Pre,8178.52,304
T1039,South,Test,CAT06,Toys,2026-04-06,Post,8694.95,416
T1039,South,Test,CAT06,Toys,2026-04-13,Post,8565.23,241
T1039,South,Test,CAT06,Toys,2026-04-20,Post,8378.8,333
T1039,South,Test,CAT06,Toys,2026-04-27,Post,9601.78,431
T1039,South,Test,CAT06,Toys,2026-05-04,Post,9004.74,269
T1039,South,Test,CAT06,Toys,2026-05-11,Post,7395.43,258
T1039,South,Test,CAT06,Toys,2026-05-18,Post,8903.58,212
T1039,South,Test,CAT06,Toys,2026-05-25,Post,7798.64,218
T1039,South,Test,CAT06,Toys,2026-06-01,Post,8906.08,375
T1039,South,Test,CAT06,Toys,2026-06-08,Post,7943.93,188
T1039,South,Test,CAT06,Toys,2026-06-15,Post,9210.16,221
T1039,South,Test,CAT06,Toys,2026-06-22,Post,7906.17,203
T1039,South,Test,CAT06,Toys,2026-06-29,Post,8325.09,262
T1039,South,Test,CAT07,Hardlines,2026-01-05,Pre,13325.58,569
T1039,South,Test,CAT07,Hardlines,2026-01-12,Pre,12652.33,475
T1039,South,Test,CAT07,Hardlines,2026-01-19,Pre,11518.16,569
T1039,South,Test,CAT07,Hardlines,2026-01-26,Pre,14136.13,363
T1039,South,Test,CAT07,Hardlines,2026-02-02,Pre,12441.13,507
T1039,South,Test,CAT07,Hardlines,2026-02-09,Pre,12630.65,338
T1039,South,Test,CAT07,Hardlines,2026-02-16,Pre,12758.72,441
T1039,South,Test,CAT07,Hardlines,2026-02-23,Pre,13565.94,312
T1039,South,Test,CAT07,Hardlines,2026-03-02,Pre,12703.41,552
T1039,South,Test,CAT07,Hardlines,2026-03-09,Pre,12943.54,317
T1039,South,Test,CAT07,Hardlines,2026-03-16,Pre,14178.75,443
T1039,South,Test,CAT07,Hardlines,2026-03-23,Pre,14099.03,378
T1039,South,Test,CAT07,Hardlines,2026-03-30,Pre,13037.33,494
T1039,South,Test,CAT07,Hardlines,2026-04-06,Post,13118.36,541
T1039,South,Test,CAT07,Hardlines,2026-04-13,Post,11035.46,524
T1039,South,Test,CAT07,Hardlines,2026-04-20,Post,13530.15,337
T1039,South,Test,CAT07,Hardlines,2026-04-27,Post,14217.23,703
T1039,South,Test,CAT07,Hardlines,2026-05-04,Post,13098.21,473
T1039,South,Test,CAT07,Hardlines,2026-05-11,Post,14798.51,421
T1039,South,Test,CAT07,Hardlines,2026-05-18,Post,15297.09,341
T1039,South,Test,CAT07,Hardlines,2026-05-25,Post,12026.0,327
T1039,South,Test,CAT07,Hardlines,2026-06-01,Post,12820.89,409
T1039,South,Test,CAT07,Hardlines,2026-06-08,Post,14928.43,547
T1039,South,Test,CAT07,Hardlines,2026-06-15,Post,14548.95,418
T1039,South,Test,CAT07,Hardlines,2026-06-22,Post,12153.69,573
T1039,South,Test,CAT07,Hardlines,2026-06-29,Post,12352.4,325
T1039,South,Test,CAT08,Softlines,2026-01-05,Pre,10320.0,570
T1039,South,Test,CAT08,Softlines,2026-01-12,Pre,10203.62,261
T1039,South,Test,CAT08,Softlines,2026-01-19,Pre,9796.0,319
T1039,South,Test,CAT08,Softlines,2026-01-26,Pre,10947.89,307
T1039,South,Test,CAT08,Softlines,2026-02-02,Pre,9595.0,342
T1039,South,Test,CAT08,Softlines,2026-02-09,Pre,8631.5,460
T1039,South,Test,CAT08,Softlines,2026-02-16,Pre,10617.12,246
T1039,South,Test,CAT08,Softlines,2026-02-23,Pre,10824.73,596
T1039,South,Test,CAT08,Softlines,2026-03-02,Pre,9784.77,431
T1039,South,Test,CAT08,Softlines,2026-03-09,Pre,9436.66,259
T1039,South,Test,CAT08,Softlines,2026-03-16,Pre,8829.6,273
T1039,South,Test,CAT08,Softlines,2026-03-23,Pre,10323.26,444
T1039,South,Test,CAT08,Softlines,2026-03-30,Pre,10612.88,580
T1039,South,Test,CAT08,Softlines,2026-04-06,Post,11136.19,376
T1039,South,Test,CAT08,Softlines,2026-04-13,Post,10739.85,422
T1039,South,Test,CAT08,Softlines,2026-04-20,Post,10104.04,401
T1039,South,Test,CAT08,Softlines,2026-04-27,Post,10671.08,332
T1039,South,Test,CAT08,Softlines,2026-05-04,Post,11347.39,271
T1039,South,Test,CAT08,Softlines,2026-05-11,Post,10845.82,408
T1039,South,Test,CAT08,Softlines,2026-05-18,Post,11307.48,273
T1039,South,Test,CAT08,Softlines,2026-05-25,Post,9869.52,266
T1039,South,Test,CAT08,Softlines,2026-06-01,Post,11207.83,481
T1039,South,Test,CAT08,Softlines,2026-06-08,Post,11066.65,349
T1039,South,Test,CAT08,Softlines,2026-06-15,Post,10554.17,281
T1039,South,Test,CAT08,Softlines,2026-06-22,Post,11660.82,410
T1039,South,Test,CAT08,Softlines,2026-06-29,Post,12416.91,670
T1040,Midwest,Control,CAT01,Grocery & Essentials,2026-01-05,Pre,33917.86,1629
T1040,Midwest,Control,CAT01,Grocery & Essentials,2026-01-12,Pre,37597.9,1147
T1040,Midwest,Control,CAT01,Grocery & Essentials,2026-01-19,Pre,40731.21,1285
T1040,Midwest,Control,CAT01,Grocery & Essentials,2026-01-26,Pre,41332.06,1928
T1040,Midwest,Control,CAT01,Grocery & Essentials,2026-02-02,Pre,39219.35,1468
T1040,Midwest,Control,CAT01,Grocery & Essentials,2026-02-09,Pre,43253.7,1063
T1040,Midwest,Control,CAT01,Grocery & Essentials,2026-02-16,Pre,40323.72,998
T1040,Midwest,Control,CAT01,Grocery & Essentials,2026-02-23,Pre,41814.54,1194
T1040,Midwest,Control,CAT01,Grocery & Essentials,2026-03-02,Pre,39823.39,1808
T1040,Midwest,Control,CAT01,Grocery & Essentials,2026-03-09,Pre,43850.16,1558
T1040,Midwest,Control,CAT01,Grocery & Essentials,2026-03-16,Pre,45637.72,1352
T1040,Midwest,Control,CAT01,Grocery & Essentials,2026-03-23,Pre,40323.42,1583
T1040,Midwest,Control,CAT01,Grocery & Essentials,2026-03-30,Pre,42012.69,1387
T1040,Midwest,Control,CAT01,Grocery & Essentials,2026-04-06,Post,40984.51,2272
T1040,Midwest,Control,CAT01,Grocery & Essentials,2026-04-13,Post,41652.07,1268
T1040,Midwest,Control,CAT01,Grocery & Essentials,2026-04-20,Post,42029.46,1951
T1040,Midwest,Control,CAT01,Grocery & Essentials,2026-04-27,Post,45539.93,1412
T1040,Midwest,Control,CAT01,Grocery & Essentials,2026-05-04,Post,48701.07,1166
T1040,Midwest,Control,CAT01,Grocery & Essentials,2026-05-11,Post,44116.95,2308
T1040,Midwest,Control,CAT01,Grocery & Essentials,2026-05-18,Post,45565.1,2156
T1040,Midwest,Control,CAT01,Grocery & Essentials,2026-05-25,Post,42979.57,2235
T1040,Midwest,Control,CAT01,Grocery & Essentials,2026-06-01,Post,43127.42,2324
T1040,Midwest,Control,CAT01,Grocery & Essentials,2026-06-08,Post,39640.83,1558
T1040,Midwest,Control,CAT01,Grocery & Essentials,2026-06-15,Post,46657.69,1558
T1040,Midwest,Control,CAT01,Grocery & Essentials,2026-06-22,Post,38454.13,1224
T1040,Midwest,Control,CAT01,Grocery & Essentials,2026-06-29,Post,39774.37,1054
T1040,Midwest,Control,CAT02,Apparel & Accessories,2026-01-05,Pre,17167.94,435
T1040,Midwest,Control,CAT02,Apparel & Accessories,2026-01-12,Pre,18746.7,601
T1040,Midwest,Control,CAT02,Apparel & Accessories,2026-01-19,Pre,17372.49,558
T1040,Midwest,Control,CAT02,Apparel & Accessories,2026-01-26,Pre,15973.04,402
T1040,Midwest,Control,CAT02,Apparel & Accessories,2026-02-02,Pre,16454.82,853
T1040,Midwest,Control,CAT02,Apparel & Accessories,2026-02-09,Pre,15194.01,416
T1040,Midwest,Control,CAT02,Apparel & Accessories,2026-02-16,Pre,15256.07,343
T1040,Midwest,Control,CAT02,Apparel & Accessories,2026-02-23,Pre,17601.78,642
T1040,Midwest,Control,CAT02,Apparel & Accessories,2026-03-02,Pre,17855.36,951
T1040,Midwest,Control,CAT02,Apparel & Accessories,2026-03-09,Pre,16165.66,381
T1040,Midwest,Control,CAT02,Apparel & Accessories,2026-03-16,Pre,17152.67,420
T1040,Midwest,Control,CAT02,Apparel & Accessories,2026-03-23,Pre,16133.54,773
T1040,Midwest,Control,CAT02,Apparel & Accessories,2026-03-30,Pre,18866.95,488
T1040,Midwest,Control,CAT02,Apparel & Accessories,2026-04-06,Post,19575.57,795
T1040,Midwest,Control,CAT02,Apparel & Accessories,2026-04-13,Post,17704.7,512
T1040,Midwest,Control,CAT02,Apparel & Accessories,2026-04-20,Post,19784.21,738
T1040,Midwest,Control,CAT02,Apparel & Accessories,2026-04-27,Post,15812.55,419
T1040,Midwest,Control,CAT02,Apparel & Accessories,2026-05-04,Post,19285.76,440
T1040,Midwest,Control,CAT02,Apparel & Accessories,2026-05-11,Post,17869.34,726
T1040,Midwest,Control,CAT02,Apparel & Accessories,2026-05-18,Post,17640.4,591
T1040,Midwest,Control,CAT02,Apparel & Accessories,2026-05-25,Post,19914.04,509
T1040,Midwest,Control,CAT02,Apparel & Accessories,2026-06-01,Post,16955.16,518
T1040,Midwest,Control,CAT02,Apparel & Accessories,2026-06-08,Post,18914.25,537
T1040,Midwest,Control,CAT02,Apparel & Accessories,2026-06-15,Post,19316.19,1036
T1040,Midwest,Control,CAT02,Apparel & Accessories,2026-06-22,Post,18276.37,424
T1040,Midwest,Control,CAT02,Apparel & Accessories,2026-06-29,Post,18546.46,550
T1040,Midwest,Control,CAT03,Home,2026-01-05,Pre,20723.4,903
T1040,Midwest,Control,CAT03,Home,2026-01-12,Pre,21031.22,920
T1040,Midwest,Control,CAT03,Home,2026-01-19,Pre,21466.01,839
T1040,Midwest,Control,CAT03,Home,2026-01-26,Pre,18299.49,583
T1040,Midwest,Control,CAT03,Home,2026-02-02,Pre,22356.19,1019
T1040,Midwest,Control,CAT03,Home,2026-02-09,Pre,20573.73,1056
T1040,Midwest,Control,CAT03,Home,2026-02-16,Pre,23476.39,675
T1040,Midwest,Control,CAT03,Home,2026-02-23,Pre,22165.19,559
T1040,Midwest,Control,CAT03,Home,2026-03-02,Pre,19742.87,721
T1040,Midwest,Control,CAT03,Home,2026-03-09,Pre,21856.14,655
T1040,Midwest,Control,CAT03,Home,2026-03-16,Pre,22759.16,847
T1040,Midwest,Control,CAT03,Home,2026-03-23,Pre,20862.22,478
T1040,Midwest,Control,CAT03,Home,2026-03-30,Pre,19947.34,788
T1040,Midwest,Control,CAT03,Home,2026-04-06,Post,19796.67,522
T1040,Midwest,Control,CAT03,Home,2026-04-13,Post,19387.32,540
T1040,Midwest,Control,CAT03,Home,2026-04-20,Post,18510.68,464
T1040,Midwest,Control,CAT03,Home,2026-04-27,Post,21490.1,490
T1040,Midwest,Control,CAT03,Home,2026-05-04,Post,20165.78,578
T1040,Midwest,Control,CAT03,Home,2026-05-11,Post,20829.96,952
T1040,Midwest,Control,CAT03,Home,2026-05-18,Post,24714.38,632
T1040,Midwest,Control,CAT03,Home,2026-05-25,Post,22630.68,514
T1040,Midwest,Control,CAT03,Home,2026-06-01,Post,20695.29,592
T1040,Midwest,Control,CAT03,Home,2026-06-08,Post,25830.78,841
T1040,Midwest,Control,CAT03,Home,2026-06-15,Post,22617.42,593
T1040,Midwest,Control,CAT03,Home,2026-06-22,Post,17869.97,539
T1040,Midwest,Control,CAT03,Home,2026-06-29,Post,25924.02,898
T1040,Midwest,Control,CAT04,Electronics,2026-01-05,Pre,15355.36,688
T1040,Midwest,Control,CAT04,Electronics,2026-01-12,Pre,11547.0,268
T1040,Midwest,Control,CAT04,Electronics,2026-01-19,Pre,14269.33,436
T1040,Midwest,Control,CAT04,Electronics,2026-01-26,Pre,13928.4,419
T1040,Midwest,Control,CAT04,Electronics,2026-02-02,Pre,14914.17,382
T1040,Midwest,Control,CAT04,Electronics,2026-02-09,Pre,14351.47,451
T1040,Midwest,Control,CAT04,Electronics,2026-02-16,Pre,13740.04,320
T1040,Midwest,Control,CAT04,Electronics,2026-02-23,Pre,13735.41,657
T1040,Midwest,Control,CAT04,Electronics,2026-03-02,Pre,15320.91,505
T1040,Midwest,Control,CAT04,Electronics,2026-03-09,Pre,13483.58,643
T1040,Midwest,Control,CAT04,Electronics,2026-03-16,Pre,15423.68,566
T1040,Midwest,Control,CAT04,Electronics,2026-03-23,Pre,14517.47,408
T1040,Midwest,Control,CAT04,Electronics,2026-03-30,Pre,12955.23,330
T1040,Midwest,Control,CAT04,Electronics,2026-04-06,Post,15692.56,391
T1040,Midwest,Control,CAT04,Electronics,2026-04-13,Post,13768.18,405
T1040,Midwest,Control,CAT04,Electronics,2026-04-20,Post,13943.72,404
T1040,Midwest,Control,CAT04,Electronics,2026-04-27,Post,14542.92,435
T1040,Midwest,Control,CAT04,Electronics,2026-05-04,Post,14756.32,524
T1040,Midwest,Control,CAT04,Electronics,2026-05-11,Post,15182.36,497
T1040,Midwest,Control,CAT04,Electronics,2026-05-18,Post,15988.4,537
T1040,Midwest,Control,CAT04,Electronics,2026-05-25,Post,16008.16,554
T1040,Midwest,Control,CAT04,Electronics,2026-06-01,Post,14453.31,346
T1040,Midwest,Control,CAT04,Electronics,2026-06-08,Post,14538.8,521
T1040,Midwest,Control,CAT04,Electronics,2026-06-15,Post,16095.66,419
T1040,Midwest,Control,CAT04,Electronics,2026-06-22,Post,14116.54,575
T1040,Midwest,Control,CAT04,Electronics,2026-06-29,Post,15295.58,396
T1040,Midwest,Control,CAT05,Beauty & Personal Care,2026-01-05,Pre,12213.89,528
T1040,Midwest,Control,CAT05,Beauty & Personal Care,2026-01-12,Pre,10815.74,279
T1040,Midwest,Control,CAT05,Beauty & Personal Care,2026-01-19,Pre,10083.18,441
T1040,Midwest,Control,CAT05,Beauty & Personal Care,2026-01-26,Pre,10555.8,385
T1040,Midwest,Control,CAT05,Beauty & Personal Care,2026-02-02,Pre,10642.91,272
T1040,Midwest,Control,CAT05,Beauty & Personal Care,2026-02-09,Pre,10579.01,473
T1040,Midwest,Control,CAT05,Beauty & Personal Care,2026-02-16,Pre,11160.19,515
T1040,Midwest,Control,CAT05,Beauty & Personal Care,2026-02-23,Pre,13193.48,458
T1040,Midwest,Control,CAT05,Beauty & Personal Care,2026-03-02,Pre,11852.76,604
T1040,Midwest,Control,CAT05,Beauty & Personal Care,2026-03-09,Pre,11365.08,270
T1040,Midwest,Control,CAT05,Beauty & Personal Care,2026-03-16,Pre,11475.98,324
T1040,Midwest,Control,CAT05,Beauty & Personal Care,2026-03-23,Pre,11031.17,276
T1040,Midwest,Control,CAT05,Beauty & Personal Care,2026-03-30,Pre,11561.21,333
T1040,Midwest,Control,CAT05,Beauty & Personal Care,2026-04-06,Post,12805.54,456
T1040,Midwest,Control,CAT05,Beauty & Personal Care,2026-04-13,Post,11774.43,325
T1040,Midwest,Control,CAT05,Beauty & Personal Care,2026-04-20,Post,12563.61,551
T1040,Midwest,Control,CAT05,Beauty & Personal Care,2026-04-27,Post,12485.64,316
T1040,Midwest,Control,CAT05,Beauty & Personal Care,2026-05-04,Post,13654.89,422
T1040,Midwest,Control,CAT05,Beauty & Personal Care,2026-05-11,Post,12562.9,686
T1040,Midwest,Control,CAT05,Beauty & Personal Care,2026-05-18,Post,13679.14,470
T1040,Midwest,Control,CAT05,Beauty & Personal Care,2026-05-25,Post,12870.65,289
T1040,Midwest,Control,CAT05,Beauty & Personal Care,2026-06-01,Post,12282.24,454
T1040,Midwest,Control,CAT05,Beauty & Personal Care,2026-06-08,Post,11428.53,254
T1040,Midwest,Control,CAT05,Beauty & Personal Care,2026-06-15,Post,12937.27,650
T1040,Midwest,Control,CAT05,Beauty & Personal Care,2026-06-22,Post,13065.14,594
T1040,Midwest,Control,CAT05,Beauty & Personal Care,2026-06-29,Post,13138.84,422
T1040,Midwest,Control,CAT06,Toys,2026-01-05,Pre,6838.2,206
T1040,Midwest,Control,CAT06,Toys,2026-01-12,Pre,8097.43,297
T1040,Midwest,Control,CAT06,Toys,2026-01-19,Pre,8674.82,199
T1040,Midwest,Control,CAT06,Toys,2026-01-26,Pre,8203.77,266
T1040,Midwest,Control,CAT06,Toys,2026-02-02,Pre,8141.78,333
T1040,Midwest,Control,CAT06,Toys,2026-02-09,Pre,8080.92,383
T1040,Midwest,Control,CAT06,Toys,2026-02-16,Pre,7610.65,239
T1040,Midwest,Control,CAT06,Toys,2026-02-23,Pre,8812.95,411
T1040,Midwest,Control,CAT06,Toys,2026-03-02,Pre,8230.65,282
T1040,Midwest,Control,CAT06,Toys,2026-03-09,Pre,8371.38,257
T1040,Midwest,Control,CAT06,Toys,2026-03-16,Pre,8556.74,249
T1040,Midwest,Control,CAT06,Toys,2026-03-23,Pre,9051.14,251
T1040,Midwest,Control,CAT06,Toys,2026-03-30,Pre,8888.75,361
T1040,Midwest,Control,CAT06,Toys,2026-04-06,Post,8893.23,378
T1040,Midwest,Control,CAT06,Toys,2026-04-13,Post,7464.3,321
T1040,Midwest,Control,CAT06,Toys,2026-04-20,Post,9436.21,259
T1040,Midwest,Control,CAT06,Toys,2026-04-27,Post,9930.6,267
T1040,Midwest,Control,CAT06,Toys,2026-05-04,Post,9011.02,214
T1040,Midwest,Control,CAT06,Toys,2026-05-11,Post,8264.63,209
T1040,Midwest,Control,CAT06,Toys,2026-05-18,Post,8637.93,214
T1040,Midwest,Control,CAT06,Toys,2026-05-25,Post,8351.36,197
T1040,Midwest,Control,CAT06,Toys,2026-06-01,Post,10022.06,430
T1040,Midwest,Control,CAT06,Toys,2026-06-08,Post,8788.28,200
T1040,Midwest,Control,CAT06,Toys,2026-06-15,Post,9243.24,292
T1040,Midwest,Control,CAT06,Toys,2026-06-22,Post,8991.94,401
T1040,Midwest,Control,CAT06,Toys,2026-06-29,Post,9504.66,298
T1040,Midwest,Control,CAT07,Hardlines,2026-01-05,Pre,12199.6,411
T1040,Midwest,Control,CAT07,Hardlines,2026-01-12,Pre,13182.86,678
T1040,Midwest,Control,CAT07,Hardlines,2026-01-19,Pre,12673.89,621
T1040,Midwest,Control,CAT07,Hardlines,2026-01-26,Pre,14148.53,603
T1040,Midwest,Control,CAT07,Hardlines,2026-02-02,Pre,11243.79,330
T1040,Midwest,Control,CAT07,Hardlines,2026-02-09,Pre,12920.37,512
T1040,Midwest,Control,CAT07,Hardlines,2026-02-16,Pre,14212.41,516
T1040,Midwest,Control,CAT07,Hardlines,2026-02-23,Pre,14142.72,652
T1040,Midwest,Control,CAT07,Hardlines,2026-03-02,Pre,11988.95,505
T1040,Midwest,Control,CAT07,Hardlines,2026-03-09,Pre,14136.52,519
T1040,Midwest,Control,CAT07,Hardlines,2026-03-16,Pre,12606.89,395
T1040,Midwest,Control,CAT07,Hardlines,2026-03-23,Pre,12897.17,380
T1040,Midwest,Control,CAT07,Hardlines,2026-03-30,Pre,14485.86,505
T1040,Midwest,Control,CAT07,Hardlines,2026-04-06,Post,13306.59,358
T1040,Midwest,Control,CAT07,Hardlines,2026-04-13,Post,12211.9,298
T1040,Midwest,Control,CAT07,Hardlines,2026-04-20,Post,12625.81,359
T1040,Midwest,Control,CAT07,Hardlines,2026-04-27,Post,13820.11,320
T1040,Midwest,Control,CAT07,Hardlines,2026-05-04,Post,13478.21,456
T1040,Midwest,Control,CAT07,Hardlines,2026-05-11,Post,13511.42,393
T1040,Midwest,Control,CAT07,Hardlines,2026-05-18,Post,14444.29,575
T1040,Midwest,Control,CAT07,Hardlines,2026-05-25,Post,14306.4,788
T1040,Midwest,Control,CAT07,Hardlines,2026-06-01,Post,13746.76,309
T1040,Midwest,Control,CAT07,Hardlines,2026-06-08,Post,14986.69,480
T1040,Midwest,Control,CAT07,Hardlines,2026-06-15,Post,14668.06,533
T1040,Midwest,Control,CAT07,Hardlines,2026-06-22,Post,14456.63,385
T1040,Midwest,Control,CAT07,Hardlines,2026-06-29,Post,13728.73,352
T1040,Midwest,Control,CAT08,Softlines,2026-01-05,Pre,10945.39,467
T1040,Midwest,Control,CAT08,Softlines,2026-01-12,Pre,9934.64,247
T1040,Midwest,Control,CAT08,Softlines,2026-01-19,Pre,10035.86,306
T1040,Midwest,Control,CAT08,Softlines,2026-01-26,Pre,11455.53,281
T1040,Midwest,Control,CAT08,Softlines,2026-02-02,Pre,9711.83,222
T1040,Midwest,Control,CAT08,Softlines,2026-02-09,Pre,9741.13,219
T1040,Midwest,Control,CAT08,Softlines,2026-02-16,Pre,10222.13,293
T1040,Midwest,Control,CAT08,Softlines,2026-02-23,Pre,9680.74,310
T1040,Midwest,Control,CAT08,Softlines,2026-03-02,Pre,9735.35,405
T1040,Midwest,Control,CAT08,Softlines,2026-03-09,Pre,11700.68,316
T1040,Midwest,Control,CAT08,Softlines,2026-03-16,Pre,10370.35,280
T1040,Midwest,Control,CAT08,Softlines,2026-03-23,Pre,10844.94,427
T1040,Midwest,Control,CAT08,Softlines,2026-03-30,Pre,9624.59,404
T1040,Midwest,Control,CAT08,Softlines,2026-04-06,Post,9997.33,223
T1040,Midwest,Control,CAT08,Softlines,2026-04-13,Post,12051.33,417
T1040,Midwest,Control,CAT08,Softlines,2026-04-20,Post,9988.49,256
T1040,Midwest,Control,CAT08,Softlines,2026-04-27,Post,11077.08,256
T1040,Midwest,Control,CAT08,Softlines,2026-05-04,Post,8879.07,416
T1040,Midwest,Control,CAT08,Softlines,2026-05-11,Post,9795.58,320
T1040,Midwest,Control,CAT08,Softlines,2026-05-18,Post,10717.52,469
T1040,Midwest,Control,CAT08,Softlines,2026-05-25,Post,11662.35,518
T1040,Midwest,Control,CAT08,Softlines,2026-06-01,Post,11019.47,364
T1040,Midwest,Control,CAT08,Softlines,2026-06-08,Post,10902.54,254
T1040,Midwest,Control,CAT08,Softlines,2026-06-15,Post,11590.46,355
T1040,Midwest,Control,CAT08,Softlines,2026-06-22,Post,11295.49,370
T1040,Midwest,Control,CAT08,Softlines,2026-06-29,Post,9868.34,226
T1041,West,Test,CAT01,Grocery & Essentials,2026-01-05,Pre,43626.51,1118
T1041,West,Test,CAT01,Grocery & Essentials,2026-01-12,Pre,50320.22,1199
T1041,West,Test,CAT01,Grocery & Essentials,2026-01-19,Pre,40409.22,2144
T1041,West,Test,CAT01,Grocery & Essentials,2026-01-26,Pre,46716.4,1472
T1041,West,Test,CAT01,Grocery & Essentials,2026-02-02,Pre,48529.15,1649
T1041,West,Test,CAT01,Grocery & Essentials,2026-02-09,Pre,46439.22,1726
T1041,West,Test,CAT01,Grocery & Essentials,2026-02-16,Pre,45625.06,1352
T1041,West,Test,CAT01,Grocery & Essentials,2026-02-23,Pre,46319.5,1409
T1041,West,Test,CAT01,Grocery & Essentials,2026-03-02,Pre,48788.77,1657
T1041,West,Test,CAT01,Grocery & Essentials,2026-03-09,Pre,46349.96,1916
T1041,West,Test,CAT01,Grocery & Essentials,2026-03-16,Pre,50066.44,1980
T1041,West,Test,CAT01,Grocery & Essentials,2026-03-23,Pre,50025.52,1916
T1041,West,Test,CAT01,Grocery & Essentials,2026-03-30,Pre,41069.93,1542
T1041,West,Test,CAT01,Grocery & Essentials,2026-04-06,Post,50896.76,1208
T1041,West,Test,CAT01,Grocery & Essentials,2026-04-13,Post,48085.02,1085
T1041,West,Test,CAT01,Grocery & Essentials,2026-04-20,Post,42061.89,1754
T1041,West,Test,CAT01,Grocery & Essentials,2026-04-27,Post,48205.97,2100
T1041,West,Test,CAT01,Grocery & Essentials,2026-05-04,Post,46793.23,2203
T1041,West,Test,CAT01,Grocery & Essentials,2026-05-11,Post,52326.32,2719
T1041,West,Test,CAT01,Grocery & Essentials,2026-05-18,Post,53502.22,2456
T1041,West,Test,CAT01,Grocery & Essentials,2026-05-25,Post,47531.37,1493
T1041,West,Test,CAT01,Grocery & Essentials,2026-06-01,Post,47104.74,1689
T1041,West,Test,CAT01,Grocery & Essentials,2026-06-08,Post,52738.88,1367
T1041,West,Test,CAT01,Grocery & Essentials,2026-06-15,Post,52374.26,1298
T1041,West,Test,CAT01,Grocery & Essentials,2026-06-22,Post,52323.9,1379
T1041,West,Test,CAT01,Grocery & Essentials,2026-06-29,Post,47504.55,1055
T1041,West,Test,CAT02,Apparel & Accessories,2026-01-05,Pre,19020.34,470
T1041,West,Test,CAT02,Apparel & Accessories,2026-01-12,Pre,18017.21,460
T1041,West,Test,CAT02,Apparel & Accessories,2026-01-19,Pre,17927.89,430
T1041,West,Test,CAT02,Apparel & Accessories,2026-01-26,Pre,22187.45,750
T1041,West,Test,CAT02,Apparel & Accessories,2026-02-02,Pre,17425.51,517
T1041,West,Test,CAT02,Apparel & Accessories,2026-02-09,Pre,22661.44,929
T1041,West,Test,CAT02,Apparel & Accessories,2026-02-16,Pre,20847.63,745
T1041,West,Test,CAT02,Apparel & Accessories,2026-02-23,Pre,20871.78,895
T1041,West,Test,CAT02,Apparel & Accessories,2026-03-02,Pre,20067.97,490
T1041,West,Test,CAT02,Apparel & Accessories,2026-03-09,Pre,19213.37,455
T1041,West,Test,CAT02,Apparel & Accessories,2026-03-16,Pre,16920.77,566
T1041,West,Test,CAT02,Apparel & Accessories,2026-03-23,Pre,20561.91,713
T1041,West,Test,CAT02,Apparel & Accessories,2026-03-30,Pre,18769.53,852
T1041,West,Test,CAT02,Apparel & Accessories,2026-04-06,Post,21206.67,975
T1041,West,Test,CAT02,Apparel & Accessories,2026-04-13,Post,20895.92,517
T1041,West,Test,CAT02,Apparel & Accessories,2026-04-20,Post,20384.27,671
T1041,West,Test,CAT02,Apparel & Accessories,2026-04-27,Post,19513.0,521
T1041,West,Test,CAT02,Apparel & Accessories,2026-05-04,Post,22683.17,783
T1041,West,Test,CAT02,Apparel & Accessories,2026-05-11,Post,20694.65,639
T1041,West,Test,CAT02,Apparel & Accessories,2026-05-18,Post,22089.72,1099
T1041,West,Test,CAT02,Apparel & Accessories,2026-05-25,Post,19283.11,597
T1041,West,Test,CAT02,Apparel & Accessories,2026-06-01,Post,18194.43,516
T1041,West,Test,CAT02,Apparel & Accessories,2026-06-08,Post,23619.48,979
T1041,West,Test,CAT02,Apparel & Accessories,2026-06-15,Post,19107.8,738
T1041,West,Test,CAT02,Apparel & Accessories,2026-06-22,Post,23692.65,671
T1041,West,Test,CAT02,Apparel & Accessories,2026-06-29,Post,18784.46,504
T1041,West,Test,CAT03,Home,2026-01-05,Pre,24247.14,605
T1041,West,Test,CAT03,Home,2026-01-12,Pre,24410.04,749
T1041,West,Test,CAT03,Home,2026-01-19,Pre,23442.8,686
T1041,West,Test,CAT03,Home,2026-01-26,Pre,25378.69,1091
T1041,West,Test,CAT03,Home,2026-02-02,Pre,26044.4,670
T1041,West,Test,CAT03,Home,2026-02-09,Pre,24229.67,570
T1041,West,Test,CAT03,Home,2026-02-16,Pre,25836.08,753
T1041,West,Test,CAT03,Home,2026-02-23,Pre,27746.1,1350
T1041,West,Test,CAT03,Home,2026-03-02,Pre,25226.13,586
T1041,West,Test,CAT03,Home,2026-03-09,Pre,24162.04,778
T1041,West,Test,CAT03,Home,2026-03-16,Pre,24275.91,906
T1041,West,Test,CAT03,Home,2026-03-23,Pre,23973.16,1326
T1041,West,Test,CAT03,Home,2026-03-30,Pre,25059.34,809
T1041,West,Test,CAT03,Home,2026-04-06,Post,24582.06,665
T1041,West,Test,CAT03,Home,2026-04-13,Post,27259.19,968
T1041,West,Test,CAT03,Home,2026-04-20,Post,25632.73,889
T1041,West,Test,CAT03,Home,2026-04-27,Post,24722.43,1039
T1041,West,Test,CAT03,Home,2026-05-04,Post,22917.38,526
T1041,West,Test,CAT03,Home,2026-05-11,Post,27450.05,1246
T1041,West,Test,CAT03,Home,2026-05-18,Post,25284.99,854
T1041,West,Test,CAT03,Home,2026-05-25,Post,28275.1,898
T1041,West,Test,CAT03,Home,2026-06-01,Post,26854.87,1168
T1041,West,Test,CAT03,Home,2026-06-08,Post,26709.76,1471
T1041,West,Test,CAT03,Home,2026-06-15,Post,26422.99,741
T1041,West,Test,CAT03,Home,2026-06-22,Post,26499.89,616
T1041,West,Test,CAT03,Home,2026-06-29,Post,26436.35,699
T1041,West,Test,CAT04,Electronics,2026-01-05,Pre,16470.92,367
T1041,West,Test,CAT04,Electronics,2026-01-12,Pre,17222.07,588
T1041,West,Test,CAT04,Electronics,2026-01-19,Pre,16588.86,579
T1041,West,Test,CAT04,Electronics,2026-01-26,Pre,14157.15,515
T1041,West,Test,CAT04,Electronics,2026-02-02,Pre,18606.45,432
T1041,West,Test,CAT04,Electronics,2026-02-09,Pre,17880.26,569
T1041,West,Test,CAT04,Electronics,2026-02-16,Pre,15581.75,533
T1041,West,Test,CAT04,Electronics,2026-02-23,Pre,16758.44,391
T1041,West,Test,CAT04,Electronics,2026-03-02,Pre,16929.06,580
T1041,West,Test,CAT04,Electronics,2026-03-09,Pre,16201.14,800
T1041,West,Test,CAT04,Electronics,2026-03-16,Pre,18753.32,776
T1041,West,Test,CAT04,Electronics,2026-03-23,Pre,15895.87,753
T1041,West,Test,CAT04,Electronics,2026-03-30,Pre,16789.03,587
T1041,West,Test,CAT04,Electronics,2026-04-06,Post,19696.87,916
T1041,West,Test,CAT04,Electronics,2026-04-13,Post,20853.36,555
T1041,West,Test,CAT04,Electronics,2026-04-20,Post,22961.64,707
T1041,West,Test,CAT04,Electronics,2026-04-27,Post,17245.3,391
T1041,West,Test,CAT04,Electronics,2026-05-04,Post,19459.54,652
T1041,West,Test,CAT04,Electronics,2026-05-11,Post,22110.3,612
T1041,West,Test,CAT04,Electronics,2026-05-18,Post,18820.09,546
T1041,West,Test,CAT04,Electronics,2026-05-25,Post,20556.04,717
T1041,West,Test,CAT04,Electronics,2026-06-01,Post,19914.93,518
T1041,West,Test,CAT04,Electronics,2026-06-08,Post,21220.74,804
T1041,West,Test,CAT04,Electronics,2026-06-15,Post,20762.12,596
T1041,West,Test,CAT04,Electronics,2026-06-22,Post,20444.35,477
T1041,West,Test,CAT04,Electronics,2026-06-29,Post,21438.21,483
T1041,West,Test,CAT05,Beauty & Personal Care,2026-01-05,Pre,14434.42,324
T1041,West,Test,CAT05,Beauty & Personal Care,2026-01-12,Pre,12114.72,282
T1041,West,Test,CAT05,Beauty & Personal Care,2026-01-19,Pre,13315.34,375
T1041,West,Test,CAT05,Beauty & Personal Care,2026-01-26,Pre,12779.21,682
T1041,West,Test,CAT05,Beauty & Personal Care,2026-02-02,Pre,13797.53,377
T1041,West,Test,CAT05,Beauty & Personal Care,2026-02-09,Pre,15596.38,863
T1041,West,Test,CAT05,Beauty & Personal Care,2026-02-16,Pre,14440.55,399
T1041,West,Test,CAT05,Beauty & Personal Care,2026-02-23,Pre,14046.55,643
T1041,West,Test,CAT05,Beauty & Personal Care,2026-03-02,Pre,14369.24,407
T1041,West,Test,CAT05,Beauty & Personal Care,2026-03-09,Pre,15086.76,366
T1041,West,Test,CAT05,Beauty & Personal Care,2026-03-16,Pre,14569.15,671
T1041,West,Test,CAT05,Beauty & Personal Care,2026-03-23,Pre,12736.25,285
T1041,West,Test,CAT05,Beauty & Personal Care,2026-03-30,Pre,15547.84,375
T1041,West,Test,CAT05,Beauty & Personal Care,2026-04-06,Post,13989.91,328
T1041,West,Test,CAT05,Beauty & Personal Care,2026-04-13,Post,14300.34,689
T1041,West,Test,CAT05,Beauty & Personal Care,2026-04-20,Post,15198.51,393
T1041,West,Test,CAT05,Beauty & Personal Care,2026-04-27,Post,16204.35,534
T1041,West,Test,CAT05,Beauty & Personal Care,2026-05-04,Post,13683.97,691
T1041,West,Test,CAT05,Beauty & Personal Care,2026-05-11,Post,15307.19,357
T1041,West,Test,CAT05,Beauty & Personal Care,2026-05-18,Post,13728.77,386
T1041,West,Test,CAT05,Beauty & Personal Care,2026-05-25,Post,14539.89,345
T1041,West,Test,CAT05,Beauty & Personal Care,2026-06-01,Post,12926.56,552
T1041,West,Test,CAT05,Beauty & Personal Care,2026-06-08,Post,13887.22,339
T1041,West,Test,CAT05,Beauty & Personal Care,2026-06-15,Post,14649.57,431
T1041,West,Test,CAT05,Beauty & Personal Care,2026-06-22,Post,15032.65,454
T1041,West,Test,CAT05,Beauty & Personal Care,2026-06-29,Post,15026.29,592
T1041,West,Test,CAT06,Toys,2026-01-05,Pre,10605.81,438
T1041,West,Test,CAT06,Toys,2026-01-12,Pre,9704.48,329
T1041,West,Test,CAT06,Toys,2026-01-19,Pre,9927.05,303
T1041,West,Test,CAT06,Toys,2026-01-26,Pre,9999.52,241
T1041,West,Test,CAT06,Toys,2026-02-02,Pre,9869.24,480
T1041,West,Test,CAT06,Toys,2026-02-09,Pre,9510.65,285
T1041,West,Test,CAT06,Toys,2026-02-16,Pre,10217.98,241
T1041,West,Test,CAT06,Toys,2026-02-23,Pre,10769.9,521
T1041,West,Test,CAT06,Toys,2026-03-02,Pre,10466.44,300
T1041,West,Test,CAT06,Toys,2026-03-09,Pre,9977.65,231
T1041,West,Test,CAT06,Toys,2026-03-16,Pre,10391.62,232
T1041,West,Test,CAT06,Toys,2026-03-23,Pre,10013.12,472
T1041,West,Test,CAT06,Toys,2026-03-30,Pre,10799.87,536
T1041,West,Test,CAT06,Toys,2026-04-06,Post,11047.37,267
T1041,West,Test,CAT06,Toys,2026-04-13,Post,11108.47,291
T1041,West,Test,CAT06,Toys,2026-04-20,Post,10364.36,250
T1041,West,Test,CAT06,Toys,2026-04-27,Post,10219.47,270
T1041,West,Test,CAT06,Toys,2026-05-04,Post,11327.0,496
T1041,West,Test,CAT06,Toys,2026-05-11,Post,10426.94,242
T1041,West,Test,CAT06,Toys,2026-05-18,Post,10739.4,287
T1041,West,Test,CAT06,Toys,2026-05-25,Post,10945.3,394
T1041,West,Test,CAT06,Toys,2026-06-01,Post,10757.64,355
T1041,West,Test,CAT06,Toys,2026-06-08,Post,11322.24,379
T1041,West,Test,CAT06,Toys,2026-06-15,Post,9837.14,409
T1041,West,Test,CAT06,Toys,2026-06-22,Post,11220.46,266
T1041,West,Test,CAT06,Toys,2026-06-29,Post,12499.68,284
T1041,West,Test,CAT07,Hardlines,2026-01-05,Pre,14633.26,333
T1041,West,Test,CAT07,Hardlines,2026-01-12,Pre,15078.32,625
T1041,West,Test,CAT07,Hardlines,2026-01-19,Pre,15751.58,536
T1041,West,Test,CAT07,Hardlines,2026-01-26,Pre,13943.16,363
T1041,West,Test,CAT07,Hardlines,2026-02-02,Pre,15509.02,568
T1041,West,Test,CAT07,Hardlines,2026-02-09,Pre,15389.28,530
T1041,West,Test,CAT07,Hardlines,2026-02-16,Pre,15688.17,648
T1041,West,Test,CAT07,Hardlines,2026-02-23,Pre,15452.94,395
T1041,West,Test,CAT07,Hardlines,2026-03-02,Pre,16029.78,565
T1041,West,Test,CAT07,Hardlines,2026-03-09,Pre,15419.39,693
T1041,West,Test,CAT07,Hardlines,2026-03-16,Pre,16013.15,677
T1041,West,Test,CAT07,Hardlines,2026-03-23,Pre,16311.52,775
T1041,West,Test,CAT07,Hardlines,2026-03-30,Pre,17334.74,508
T1041,West,Test,CAT07,Hardlines,2026-04-06,Post,17666.61,470
T1041,West,Test,CAT07,Hardlines,2026-04-13,Post,14877.03,409
T1041,West,Test,CAT07,Hardlines,2026-04-20,Post,17630.03,726
T1041,West,Test,CAT07,Hardlines,2026-04-27,Post,15426.24,605
T1041,West,Test,CAT07,Hardlines,2026-05-04,Post,16453.41,588
T1041,West,Test,CAT07,Hardlines,2026-05-11,Post,14833.17,404
T1041,West,Test,CAT07,Hardlines,2026-05-18,Post,14399.86,453
T1041,West,Test,CAT07,Hardlines,2026-05-25,Post,19174.0,607
T1041,West,Test,CAT07,Hardlines,2026-06-01,Post,16729.94,640
T1041,West,Test,CAT07,Hardlines,2026-06-08,Post,16538.03,372
T1041,West,Test,CAT07,Hardlines,2026-06-15,Post,17194.51,518
T1041,West,Test,CAT07,Hardlines,2026-06-22,Post,16685.78,728
T1041,West,Test,CAT07,Hardlines,2026-06-29,Post,17953.41,407
T1041,West,Test,CAT08,Softlines,2026-01-05,Pre,12323.92,470
T1041,West,Test,CAT08,Softlines,2026-01-12,Pre,12724.2,410
T1041,West,Test,CAT08,Softlines,2026-01-19,Pre,11597.34,330
T1041,West,Test,CAT08,Softlines,2026-01-26,Pre,11098.09,253
T1041,West,Test,CAT08,Softlines,2026-02-02,Pre,13132.24,333
T1041,West,Test,CAT08,Softlines,2026-02-09,Pre,12656.12,318
T1041,West,Test,CAT08,Softlines,2026-02-16,Pre,11452.75,279
T1041,West,Test,CAT08,Softlines,2026-02-23,Pre,11509.92,307
T1041,West,Test,CAT08,Softlines,2026-03-02,Pre,12613.27,650
T1041,West,Test,CAT08,Softlines,2026-03-09,Pre,13057.31,416
T1041,West,Test,CAT08,Softlines,2026-03-16,Pre,11841.6,311
T1041,West,Test,CAT08,Softlines,2026-03-23,Pre,13986.7,316
T1041,West,Test,CAT08,Softlines,2026-03-30,Pre,13325.9,339
T1041,West,Test,CAT08,Softlines,2026-04-06,Post,13665.66,305
T1041,West,Test,CAT08,Softlines,2026-04-13,Post,12884.19,502
T1041,West,Test,CAT08,Softlines,2026-04-20,Post,12858.98,291
T1041,West,Test,CAT08,Softlines,2026-04-27,Post,11830.72,296
T1041,West,Test,CAT08,Softlines,2026-05-04,Post,12294.84,324
T1041,West,Test,CAT08,Softlines,2026-05-11,Post,12893.93,299
T1041,West,Test,CAT08,Softlines,2026-05-18,Post,13374.79,473
T1041,West,Test,CAT08,Softlines,2026-05-25,Post,13256.63,696
T1041,West,Test,CAT08,Softlines,2026-06-01,Post,11516.09,284
T1041,West,Test,CAT08,Softlines,2026-06-08,Post,12342.94,426
T1041,West,Test,CAT08,Softlines,2026-06-15,Post,13462.32,424
T1041,West,Test,CAT08,Softlines,2026-06-22,Post,13646.96,387
T1041,West,Test,CAT08,Softlines,2026-06-29,Post,12977.04,467
T1042,South,Test,CAT01,Grocery & Essentials,2026-01-05,Pre,52364.95,1295
T1042,South,Test,CAT01,Grocery & Essentials,2026-01-12,Pre,48943.58,2362
T1042,South,Test,CAT01,Grocery & Essentials,2026-01-19,Pre,47755.25,1670
T1042,South,Test,CAT01,Grocery & Essentials,2026-01-26,Pre,50855.32,1752
T1042,South,Test,CAT01,Grocery & Essentials,2026-02-02,Pre,50444.24,2549
T1042,South,Test,CAT01,Grocery & Essentials,2026-02-09,Pre,56657.09,2727
T1042,South,Test,CAT01,Grocery & Essentials,2026-02-16,Pre,56126.56,2136
T1042,South,Test,CAT01,Grocery & Essentials,2026-02-23,Pre,51310.77,2476
T1042,South,Test,CAT01,Grocery & Essentials,2026-03-02,Pre,52336.5,1896
T1042,South,Test,CAT01,Grocery & Essentials,2026-03-09,Pre,49071.39,1145
T1042,South,Test,CAT01,Grocery & Essentials,2026-03-16,Pre,55584.94,2951
T1042,South,Test,CAT01,Grocery & Essentials,2026-03-23,Pre,52069.56,1345
T1042,South,Test,CAT01,Grocery & Essentials,2026-03-30,Pre,52517.21,2167
T1042,South,Test,CAT01,Grocery & Essentials,2026-04-06,Post,54178.35,1301
T1042,South,Test,CAT01,Grocery & Essentials,2026-04-13,Post,57626.98,2569
T1042,South,Test,CAT01,Grocery & Essentials,2026-04-20,Post,54614.54,2240
T1042,South,Test,CAT01,Grocery & Essentials,2026-04-27,Post,50725.61,1298
T1042,South,Test,CAT01,Grocery & Essentials,2026-05-04,Post,55277.49,1308
T1042,South,Test,CAT01,Grocery & Essentials,2026-05-11,Post,47656.64,1207
T1042,South,Test,CAT01,Grocery & Essentials,2026-05-18,Post,56136.88,2023
T1042,South,Test,CAT01,Grocery & Essentials,2026-05-25,Post,54930.44,1468
T1042,South,Test,CAT01,Grocery & Essentials,2026-06-01,Post,53824.06,1983
T1042,South,Test,CAT01,Grocery & Essentials,2026-06-08,Post,57418.57,1502
T1042,South,Test,CAT01,Grocery & Essentials,2026-06-15,Post,57037.12,1552
T1042,South,Test,CAT01,Grocery & Essentials,2026-06-22,Post,57326.98,1623
T1042,South,Test,CAT01,Grocery & Essentials,2026-06-29,Post,52061.05,2775
T1042,South,Test,CAT02,Apparel & Accessories,2026-01-05,Pre,23330.78,1213
T1042,South,Test,CAT02,Apparel & Accessories,2026-01-12,Pre,19526.39,639
T1042,South,Test,CAT02,Apparel & Accessories,2026-01-19,Pre,21120.87,539
T1042,South,Test,CAT02,Apparel & Accessories,2026-01-26,Pre,21437.71,647
T1042,South,Test,CAT02,Apparel & Accessories,2026-02-02,Pre,23216.62,901
T1042,South,Test,CAT02,Apparel & Accessories,2026-02-09,Pre,22730.08,990
T1042,South,Test,CAT02,Apparel & Accessories,2026-02-16,Pre,21470.89,911
T1042,South,Test,CAT02,Apparel & Accessories,2026-02-23,Pre,21766.64,830
T1042,South,Test,CAT02,Apparel & Accessories,2026-03-02,Pre,19423.9,601
T1042,South,Test,CAT02,Apparel & Accessories,2026-03-09,Pre,24529.43,646
T1042,South,Test,CAT02,Apparel & Accessories,2026-03-16,Pre,23696.7,614
T1042,South,Test,CAT02,Apparel & Accessories,2026-03-23,Pre,25271.42,830
T1042,South,Test,CAT02,Apparel & Accessories,2026-03-30,Pre,21476.7,575
T1042,South,Test,CAT02,Apparel & Accessories,2026-04-06,Post,23164.84,777
T1042,South,Test,CAT02,Apparel & Accessories,2026-04-13,Post,24104.71,663
T1042,South,Test,CAT02,Apparel & Accessories,2026-04-20,Post,21930.21,490
T1042,South,Test,CAT02,Apparel & Accessories,2026-04-27,Post,23910.22,843
T1042,South,Test,CAT02,Apparel & Accessories,2026-05-04,Post,25963.85,1004
T1042,South,Test,CAT02,Apparel & Accessories,2026-05-11,Post,23053.16,616
T1042,South,Test,CAT02,Apparel & Accessories,2026-05-18,Post,25279.19,1006
T1042,South,Test,CAT02,Apparel & Accessories,2026-05-25,Post,21141.92,784
T1042,South,Test,CAT02,Apparel & Accessories,2026-06-01,Post,22065.58,780
T1042,South,Test,CAT02,Apparel & Accessories,2026-06-08,Post,23060.49,756
T1042,South,Test,CAT02,Apparel & Accessories,2026-06-15,Post,21359.32,530
T1042,South,Test,CAT02,Apparel & Accessories,2026-06-22,Post,24499.63,592
T1042,South,Test,CAT02,Apparel & Accessories,2026-06-29,Post,19796.98,720
T1042,South,Test,CAT03,Home,2026-01-05,Pre,26365.54,970
T1042,South,Test,CAT03,Home,2026-01-12,Pre,30532.36,705
T1042,South,Test,CAT03,Home,2026-01-19,Pre,26752.65,983
T1042,South,Test,CAT03,Home,2026-01-26,Pre,28388.42,1219
T1042,South,Test,CAT03,Home,2026-02-02,Pre,29690.43,1381
T1042,South,Test,CAT03,Home,2026-02-09,Pre,25790.21,818
T1042,South,Test,CAT03,Home,2026-02-16,Pre,30164.44,794
T1042,South,Test,CAT03,Home,2026-02-23,Pre,24104.21,950
T1042,South,Test,CAT03,Home,2026-03-02,Pre,27179.31,1102
T1042,South,Test,CAT03,Home,2026-03-09,Pre,28280.2,1058
T1042,South,Test,CAT03,Home,2026-03-16,Pre,31572.65,1337
T1042,South,Test,CAT03,Home,2026-03-23,Pre,29477.11,803
T1042,South,Test,CAT03,Home,2026-03-30,Pre,29174.46,659
T1042,South,Test,CAT03,Home,2026-04-06,Post,26151.49,1438
T1042,South,Test,CAT03,Home,2026-04-13,Post,28544.47,834
T1042,South,Test,CAT03,Home,2026-04-20,Post,31047.23,1043
T1042,South,Test,CAT03,Home,2026-04-27,Post,24791.73,694
T1042,South,Test,CAT03,Home,2026-05-04,Post,29652.21,898
T1042,South,Test,CAT03,Home,2026-05-11,Post,29468.88,1092
T1042,South,Test,CAT03,Home,2026-05-18,Post,26647.22,681
T1042,South,Test,CAT03,Home,2026-05-25,Post,32147.64,725
T1042,South,Test,CAT03,Home,2026-06-01,Post,29008.09,941
T1042,South,Test,CAT03,Home,2026-06-08,Post,31708.55,863
T1042,South,Test,CAT03,Home,2026-06-15,Post,30739.81,986
T1042,South,Test,CAT03,Home,2026-06-22,Post,32269.7,846
T1042,South,Test,CAT03,Home,2026-06-29,Post,27188.58,795
T1042,South,Test,CAT04,Electronics,2026-01-05,Pre,17682.4,699
T1042,South,Test,CAT04,Electronics,2026-01-12,Pre,18942.16,500
T1042,South,Test,CAT04,Electronics,2026-01-19,Pre,19021.45,488
T1042,South,Test,CAT04,Electronics,2026-01-26,Pre,19411.9,644
T1042,South,Test,CAT04,Electronics,2026-02-02,Pre,19796.89,1093
T1042,South,Test,CAT04,Electronics,2026-02-09,Pre,19204.51,784
T1042,South,Test,CAT04,Electronics,2026-02-16,Pre,15799.26,744
T1042,South,Test,CAT04,Electronics,2026-02-23,Pre,21128.02,615
T1042,South,Test,CAT04,Electronics,2026-03-02,Pre,19869.38,583
T1042,South,Test,CAT04,Electronics,2026-03-09,Pre,18654.97,661
T1042,South,Test,CAT04,Electronics,2026-03-16,Pre,21238.66,661
T1042,South,Test,CAT04,Electronics,2026-03-23,Pre,19635.62,716
T1042,South,Test,CAT04,Electronics,2026-03-30,Pre,18342.81,762
T1042,South,Test,CAT04,Electronics,2026-04-06,Post,23896.71,1286
T1042,South,Test,CAT04,Electronics,2026-04-13,Post,20883.52,688
T1042,South,Test,CAT04,Electronics,2026-04-20,Post,20910.5,961
T1042,South,Test,CAT04,Electronics,2026-04-27,Post,23179.36,673
T1042,South,Test,CAT04,Electronics,2026-05-04,Post,20473.27,468
T1042,South,Test,CAT04,Electronics,2026-05-11,Post,21939.56,542
T1042,South,Test,CAT04,Electronics,2026-05-18,Post,25841.61,603
T1042,South,Test,CAT04,Electronics,2026-05-25,Post,24307.69,786
T1042,South,Test,CAT04,Electronics,2026-06-01,Post,20831.36,696
T1042,South,Test,CAT04,Electronics,2026-06-08,Post,19670.48,947
T1042,South,Test,CAT04,Electronics,2026-06-15,Post,23698.07,631
T1042,South,Test,CAT04,Electronics,2026-06-22,Post,29068.42,834
T1042,South,Test,CAT04,Electronics,2026-06-29,Post,23630.21,1282
T1042,South,Test,CAT05,Beauty & Personal Care,2026-01-05,Pre,14651.62,581
T1042,South,Test,CAT05,Beauty & Personal Care,2026-01-12,Pre,15484.7,392
T1042,South,Test,CAT05,Beauty & Personal Care,2026-01-19,Pre,13344.56,312
T1042,South,Test,CAT05,Beauty & Personal Care,2026-01-26,Pre,14108.3,385
T1042,South,Test,CAT05,Beauty & Personal Care,2026-02-02,Pre,14737.23,409
T1042,South,Test,CAT05,Beauty & Personal Care,2026-02-09,Pre,16105.83,371
T1042,South,Test,CAT05,Beauty & Personal Care,2026-02-16,Pre,16221.93,506
T1042,South,Test,CAT05,Beauty & Personal Care,2026-02-23,Pre,14968.46,425
T1042,South,Test,CAT05,Beauty & Personal Care,2026-03-02,Pre,13753.31,420
T1042,South,Test,CAT05,Beauty & Personal Care,2026-03-09,Pre,16081.31,390
T1042,South,Test,CAT05,Beauty & Personal Care,2026-03-16,Pre,13795.35,592
T1042,South,Test,CAT05,Beauty & Personal Care,2026-03-23,Pre,14721.44,617
T1042,South,Test,CAT05,Beauty & Personal Care,2026-03-30,Pre,15592.35,347
T1042,South,Test,CAT05,Beauty & Personal Care,2026-04-06,Post,13845.8,668
T1042,South,Test,CAT05,Beauty & Personal Care,2026-04-13,Post,14658.08,363
T1042,South,Test,CAT05,Beauty & Personal Care,2026-04-20,Post,16631.44,532
T1042,South,Test,CAT05,Beauty & Personal Care,2026-04-27,Post,16411.15,554
T1042,South,Test,CAT05,Beauty & Personal Care,2026-05-04,Post,14355.7,661
T1042,South,Test,CAT05,Beauty & Personal Care,2026-05-11,Post,16081.19,457
T1042,South,Test,CAT05,Beauty & Personal Care,2026-05-18,Post,13877.4,326
T1042,South,Test,CAT05,Beauty & Personal Care,2026-05-25,Post,16528.45,432
T1042,South,Test,CAT05,Beauty & Personal Care,2026-06-01,Post,15138.75,374
T1042,South,Test,CAT05,Beauty & Personal Care,2026-06-08,Post,15707.83,620
T1042,South,Test,CAT05,Beauty & Personal Care,2026-06-15,Post,16108.16,616
T1042,South,Test,CAT05,Beauty & Personal Care,2026-06-22,Post,14793.32,378
T1042,South,Test,CAT05,Beauty & Personal Care,2026-06-29,Post,15279.37,605
T1042,South,Test,CAT06,Toys,2026-01-05,Pre,12302.49,299
T1042,South,Test,CAT06,Toys,2026-01-12,Pre,10816.8,361
T1042,South,Test,CAT06,Toys,2026-01-19,Pre,11195.26,273
T1042,South,Test,CAT06,Toys,2026-01-26,Pre,11252.6,320
T1042,South,Test,CAT06,Toys,2026-02-02,Pre,12202.65,282
T1042,South,Test,CAT06,Toys,2026-02-09,Pre,11851.47,316
T1042,South,Test,CAT06,Toys,2026-02-16,Pre,8986.88,255
T1042,South,Test,CAT06,Toys,2026-02-23,Pre,10443.87,346
T1042,South,Test,CAT06,Toys,2026-03-02,Pre,12510.87,316
T1042,South,Test,CAT06,Toys,2026-03-09,Pre,12892.45,310
T1042,South,Test,CAT06,Toys,2026-03-16,Pre,10561.31,318
T1042,South,Test,CAT06,Toys,2026-03-23,Pre,11198.03,433
T1042,South,Test,CAT06,Toys,2026-03-30,Pre,11425.59,623
T1042,South,Test,CAT06,Toys,2026-04-06,Post,11313.89,421
T1042,South,Test,CAT06,Toys,2026-04-13,Post,12125.23,592
T1042,South,Test,CAT06,Toys,2026-04-20,Post,11482.87,269
T1042,South,Test,CAT06,Toys,2026-04-27,Post,11264.34,405
T1042,South,Test,CAT06,Toys,2026-05-04,Post,12303.01,330
T1042,South,Test,CAT06,Toys,2026-05-11,Post,10177.58,282
T1042,South,Test,CAT06,Toys,2026-05-18,Post,12014.29,313
T1042,South,Test,CAT06,Toys,2026-05-25,Post,12295.41,426
T1042,South,Test,CAT06,Toys,2026-06-01,Post,13076.91,390
T1042,South,Test,CAT06,Toys,2026-06-08,Post,12020.6,269
T1042,South,Test,CAT06,Toys,2026-06-15,Post,10614.59,369
T1042,South,Test,CAT06,Toys,2026-06-22,Post,12159.51,326
T1042,South,Test,CAT06,Toys,2026-06-29,Post,10636.29,298
T1042,South,Test,CAT07,Hardlines,2026-01-05,Pre,17572.65,611
T1042,South,Test,CAT07,Hardlines,2026-01-12,Pre,18586.79,432
T1042,South,Test,CAT07,Hardlines,2026-01-19,Pre,17156.85,524
T1042,South,Test,CAT07,Hardlines,2026-01-26,Pre,17054.78,788
T1042,South,Test,CAT07,Hardlines,2026-02-02,Pre,18333.21,522
T1042,South,Test,CAT07,Hardlines,2026-02-09,Pre,17877.15,405
T1042,South,Test,CAT07,Hardlines,2026-02-16,Pre,18376.32,905
T1042,South,Test,CAT07,Hardlines,2026-02-23,Pre,20436.2,760
T1042,South,Test,CAT07,Hardlines,2026-03-02,Pre,17070.86,649
T1042,South,Test,CAT07,Hardlines,2026-03-09,Pre,18290.01,508
T1042,South,Test,CAT07,Hardlines,2026-03-16,Pre,19637.63,524
T1042,South,Test,CAT07,Hardlines,2026-03-23,Pre,19736.67,518
T1042,South,Test,CAT07,Hardlines,2026-03-30,Pre,18626.32,464
T1042,South,Test,CAT07,Hardlines,2026-04-06,Post,17678.17,826
T1042,South,Test,CAT07,Hardlines,2026-04-13,Post,18932.62,707
T1042,South,Test,CAT07,Hardlines,2026-04-20,Post,19033.2,525
T1042,South,Test,CAT07,Hardlines,2026-04-27,Post,19331.23,864
T1042,South,Test,CAT07,Hardlines,2026-05-04,Post,16946.82,414
T1042,South,Test,CAT07,Hardlines,2026-05-11,Post,20708.22,593
T1042,South,Test,CAT07,Hardlines,2026-05-18,Post,20323.14,765
T1042,South,Test,CAT07,Hardlines,2026-05-25,Post,18422.5,633
T1042,South,Test,CAT07,Hardlines,2026-06-01,Post,20318.26,770
T1042,South,Test,CAT07,Hardlines,2026-06-08,Post,18468.58,538
T1042,South,Test,CAT07,Hardlines,2026-06-15,Post,20822.84,595
T1042,South,Test,CAT07,Hardlines,2026-06-22,Post,18904.62,473
T1042,South,Test,CAT07,Hardlines,2026-06-29,Post,17693.89,458
T1042,South,Test,CAT08,Softlines,2026-01-05,Pre,15445.12,528
T1042,South,Test,CAT08,Softlines,2026-01-12,Pre,14290.25,426
T1042,South,Test,CAT08,Softlines,2026-01-19,Pre,13382.85,376
T1042,South,Test,CAT08,Softlines,2026-01-26,Pre,15259.25,358
T1042,South,Test,CAT08,Softlines,2026-02-02,Pre,14323.49,595
T1042,South,Test,CAT08,Softlines,2026-02-09,Pre,13421.68,553
T1042,South,Test,CAT08,Softlines,2026-02-16,Pre,15455.33,526
T1042,South,Test,CAT08,Softlines,2026-02-23,Pre,14670.29,745
T1042,South,Test,CAT08,Softlines,2026-03-02,Pre,14237.33,692
T1042,South,Test,CAT08,Softlines,2026-03-09,Pre,13976.18,520
T1042,South,Test,CAT08,Softlines,2026-03-16,Pre,13109.7,442
T1042,South,Test,CAT08,Softlines,2026-03-23,Pre,11770.56,597
T1042,South,Test,CAT08,Softlines,2026-03-30,Pre,14846.15,647
T1042,South,Test,CAT08,Softlines,2026-04-06,Post,13066.58,594
T1042,South,Test,CAT08,Softlines,2026-04-13,Post,13310.83,310
T1042,South,Test,CAT08,Softlines,2026-04-20,Post,14121.19,626
T1042,South,Test,CAT08,Softlines,2026-04-27,Post,14199.06,454
T1042,South,Test,CAT08,Softlines,2026-05-04,Post,13581.99,345
T1042,South,Test,CAT08,Softlines,2026-05-11,Post,15185.09,342
T1042,South,Test,CAT08,Softlines,2026-05-18,Post,12838.58,380
T1042,South,Test,CAT08,Softlines,2026-05-25,Post,15276.17,525
T1042,South,Test,CAT08,Softlines,2026-06-01,Post,14323.24,435
T1042,South,Test,CAT08,Softlines,2026-06-08,Post,13787.7,755
T1042,South,Test,CAT08,Softlines,2026-06-15,Post,13112.05,407
T1042,South,Test,CAT08,Softlines,2026-06-22,Post,14956.42,648
T1042,South,Test,CAT08,Softlines,2026-06-29,Post,13589.28,738
T1043,Midwest,Control,CAT01,Grocery & Essentials,2026-01-05,Pre,42573.62,1579
T1043,Midwest,Control,CAT01,Grocery & Essentials,2026-01-12,Pre,42516.65,1768
T1043,Midwest,Control,CAT01,Grocery & Essentials,2026-01-19,Pre,41588.32,1046
T1043,Midwest,Control,CAT01,Grocery & Essentials,2026-01-26,Pre,39863.31,1051
T1043,Midwest,Control,CAT01,Grocery & Essentials,2026-02-02,Pre,39557.16,2092
T1043,Midwest,Control,CAT01,Grocery & Essentials,2026-02-09,Pre,44265.93,1125
T1043,Midwest,Control,CAT01,Grocery & Essentials,2026-02-16,Pre,45065.55,1130
T1043,Midwest,Control,CAT01,Grocery & Essentials,2026-02-23,Pre,47154.03,1052
T1043,Midwest,Control,CAT01,Grocery & Essentials,2026-03-02,Pre,43497.04,2179
T1043,Midwest,Control,CAT01,Grocery & Essentials,2026-03-09,Pre,47045.45,1813
T1043,Midwest,Control,CAT01,Grocery & Essentials,2026-03-16,Pre,36784.68,1287
T1043,Midwest,Control,CAT01,Grocery & Essentials,2026-03-23,Pre,39702.92,942
T1043,Midwest,Control,CAT01,Grocery & Essentials,2026-03-30,Pre,45055.5,1950
T1043,Midwest,Control,CAT01,Grocery & Essentials,2026-04-06,Post,47170.2,1205
T1043,Midwest,Control,CAT01,Grocery & Essentials,2026-04-13,Post,43269.03,1784
T1043,Midwest,Control,CAT01,Grocery & Essentials,2026-04-20,Post,45803.49,1329
T1043,Midwest,Control,CAT01,Grocery & Essentials,2026-04-27,Post,44553.43,2244
T1043,Midwest,Control,CAT01,Grocery & Essentials,2026-05-04,Post,41387.37,1286
T1043,Midwest,Control,CAT01,Grocery & Essentials,2026-05-11,Post,44513.54,2153
T1043,Midwest,Control,CAT01,Grocery & Essentials,2026-05-18,Post,44857.26,1247
T1043,Midwest,Control,CAT01,Grocery & Essentials,2026-05-25,Post,43409.77,1377
T1043,Midwest,Control,CAT01,Grocery & Essentials,2026-06-01,Post,47846.86,1152
T1043,Midwest,Control,CAT01,Grocery & Essentials,2026-06-08,Post,50394.1,1532
T1043,Midwest,Control,CAT01,Grocery & Essentials,2026-06-15,Post,50126.3,1394
T1043,Midwest,Control,CAT01,Grocery & Essentials,2026-06-22,Post,48286.85,1366
T1043,Midwest,Control,CAT01,Grocery & Essentials,2026-06-29,Post,52514.19,2817
T1043,Midwest,Control,CAT02,Apparel & Accessories,2026-01-05,Pre,18577.05,835
T1043,Midwest,Control,CAT02,Apparel & Accessories,2026-01-12,Pre,17966.71,508
T1043,Midwest,Control,CAT02,Apparel & Accessories,2026-01-19,Pre,19787.86,548
T1043,Midwest,Control,CAT02,Apparel & Accessories,2026-01-26,Pre,18954.94,596
T1043,Midwest,Control,CAT02,Apparel & Accessories,2026-02-02,Pre,19335.91,796
T1043,Midwest,Control,CAT02,Apparel & Accessories,2026-02-09,Pre,17711.17,473
T1043,Midwest,Control,CAT02,Apparel & Accessories,2026-02-16,Pre,19055.02,988
T1043,Midwest,Control,CAT02,Apparel & Accessories,2026-02-23,Pre,18422.54,686
T1043,Midwest,Control,CAT02,Apparel & Accessories,2026-03-02,Pre,18618.96,605
T1043,Midwest,Control,CAT02,Apparel & Accessories,2026-03-09,Pre,20254.48,509
T1043,Midwest,Control,CAT02,Apparel & Accessories,2026-03-16,Pre,19511.35,539
T1043,Midwest,Control,CAT02,Apparel & Accessories,2026-03-23,Pre,16617.87,567
T1043,Midwest,Control,CAT02,Apparel & Accessories,2026-03-30,Pre,18419.74,500
T1043,Midwest,Control,CAT02,Apparel & Accessories,2026-04-06,Post,20378.34,806
T1043,Midwest,Control,CAT02,Apparel & Accessories,2026-04-13,Post,21338.72,721
T1043,Midwest,Control,CAT02,Apparel & Accessories,2026-04-20,Post,18839.61,779
T1043,Midwest,Control,CAT02,Apparel & Accessories,2026-04-27,Post,19983.72,505
T1043,Midwest,Control,CAT02,Apparel & Accessories,2026-05-04,Post,22391.06,742
T1043,Midwest,Control,CAT02,Apparel & Accessories,2026-05-11,Post,19636.95,604
T1043,Midwest,Control,CAT02,Apparel & Accessories,2026-05-18,Post,21831.62,518
T1043,Midwest,Control,CAT02,Apparel & Accessories,2026-05-25,Post,20085.34,902
T1043,Midwest,Control,CAT02,Apparel & Accessories,2026-06-01,Post,21365.03,957
T1043,Midwest,Control,CAT02,Apparel & Accessories,2026-06-08,Post,21449.36,544
T1043,Midwest,Control,CAT02,Apparel & Accessories,2026-06-15,Post,21061.2,517
T1043,Midwest,Control,CAT02,Apparel & Accessories,2026-06-22,Post,22926.57,620
T1043,Midwest,Control,CAT02,Apparel & Accessories,2026-06-29,Post,20864.52,866
T1043,Midwest,Control,CAT03,Home,2026-01-05,Pre,22535.52,1074
T1043,Midwest,Control,CAT03,Home,2026-01-12,Pre,22998.64,536
T1043,Midwest,Control,CAT03,Home,2026-01-19,Pre,21341.72,1177
T1043,Midwest,Control,CAT03,Home,2026-01-26,Pre,25203.95,687
T1043,Midwest,Control,CAT03,Home,2026-02-02,Pre,21676.16,1103
T1043,Midwest,Control,CAT03,Home,2026-02-09,Pre,23270.86,1239
T1043,Midwest,Control,CAT03,Home,2026-02-16,Pre,24898.77,571
T1043,Midwest,Control,CAT03,Home,2026-02-23,Pre,22478.73,527
T1043,Midwest,Control,CAT03,Home,2026-03-02,Pre,22846.72,835
T1043,Midwest,Control,CAT03,Home,2026-03-09,Pre,20709.01,748
T1043,Midwest,Control,CAT03,Home,2026-03-16,Pre,21343.02,522
T1043,Midwest,Control,CAT03,Home,2026-03-23,Pre,22670.95,1219
T1043,Midwest,Control,CAT03,Home,2026-03-30,Pre,21092.78,596
T1043,Midwest,Control,CAT03,Home,2026-04-06,Post,25319.29,973
T1043,Midwest,Control,CAT03,Home,2026-04-13,Post,23781.17,988
T1043,Midwest,Control,CAT03,Home,2026-04-20,Post,23500.69,1272
T1043,Midwest,Control,CAT03,Home,2026-04-27,Post,22467.39,860
T1043,Midwest,Control,CAT03,Home,2026-05-04,Post,25735.83,798
T1043,Midwest,Control,CAT03,Home,2026-05-11,Post,25561.08,610
T1043,Midwest,Control,CAT03,Home,2026-05-18,Post,26376.52,635
T1043,Midwest,Control,CAT03,Home,2026-05-25,Post,22630.54,762
T1043,Midwest,Control,CAT03,Home,2026-06-01,Post,26844.38,820
T1043,Midwest,Control,CAT03,Home,2026-06-08,Post,23694.31,807
T1043,Midwest,Control,CAT03,Home,2026-06-15,Post,24548.68,967
T1043,Midwest,Control,CAT03,Home,2026-06-22,Post,24524.57,921
T1043,Midwest,Control,CAT03,Home,2026-06-29,Post,21648.09,494
T1043,Midwest,Control,CAT04,Electronics,2026-01-05,Pre,16196.93,830
T1043,Midwest,Control,CAT04,Electronics,2026-01-12,Pre,14382.3,646
T1043,Midwest,Control,CAT04,Electronics,2026-01-19,Pre,17043.66,938
T1043,Midwest,Control,CAT04,Electronics,2026-01-26,Pre,14552.33,354
T1043,Midwest,Control,CAT04,Electronics,2026-02-02,Pre,17614.85,410
T1043,Midwest,Control,CAT04,Electronics,2026-02-09,Pre,15824.19,352
T1043,Midwest,Control,CAT04,Electronics,2026-02-16,Pre,15970.64,355
T1043,Midwest,Control,CAT04,Electronics,2026-02-23,Pre,16398.26,595
T1043,Midwest,Control,CAT04,Electronics,2026-03-02,Pre,14546.25,519
T1043,Midwest,Control,CAT04,Electronics,2026-03-09,Pre,17363.99,885
T1043,Midwest,Control,CAT04,Electronics,2026-03-16,Pre,16465.7,596
T1043,Midwest,Control,CAT04,Electronics,2026-03-23,Pre,16335.1,500
T1043,Midwest,Control,CAT04,Electronics,2026-03-30,Pre,16646.51,906
T1043,Midwest,Control,CAT04,Electronics,2026-04-06,Post,15409.85,458
T1043,Midwest,Control,CAT04,Electronics,2026-04-13,Post,16217.73,421
T1043,Midwest,Control,CAT04,Electronics,2026-04-20,Post,16892.53,823
T1043,Midwest,Control,CAT04,Electronics,2026-04-27,Post,16857.85,396
T1043,Midwest,Control,CAT04,Electronics,2026-05-04,Post,14000.64,679
T1043,Midwest,Control,CAT04,Electronics,2026-05-11,Post,15024.42,379
T1043,Midwest,Control,CAT04,Electronics,2026-05-18,Post,16929.55,482
T1043,Midwest,Control,CAT04,Electronics,2026-05-25,Post,18882.5,587
T1043,Midwest,Control,CAT04,Electronics,2026-06-01,Post,19012.3,578
T1043,Midwest,Control,CAT04,Electronics,2026-06-08,Post,18112.17,627
T1043,Midwest,Control,CAT04,Electronics,2026-06-15,Post,15624.01,526
T1043,Midwest,Control,CAT04,Electronics,2026-06-22,Post,16942.56,430
T1043,Midwest,Control,CAT04,Electronics,2026-06-29,Post,15825.88,491
T1043,Midwest,Control,CAT05,Beauty & Personal Care,2026-01-05,Pre,11506.04,306
T1043,Midwest,Control,CAT05,Beauty & Personal Care,2026-01-12,Pre,11450.56,358
T1043,Midwest,Control,CAT05,Beauty & Personal Care,2026-01-19,Pre,11610.74,359
T1043,Midwest,Control,CAT05,Beauty & Personal Care,2026-01-26,Pre,13052.11,445
T1043,Midwest,Control,CAT05,Beauty & Personal Care,2026-02-02,Pre,11993.45,562
T1043,Midwest,Control,CAT05,Beauty & Personal Care,2026-02-09,Pre,12115.97,403
T1043,Midwest,Control,CAT05,Beauty & Personal Care,2026-02-16,Pre,13463.06,318
T1043,Midwest,Control,CAT05,Beauty & Personal Care,2026-02-23,Pre,13793.74,666
T1043,Midwest,Control,CAT05,Beauty & Personal Care,2026-03-02,Pre,12341.12,404
T1043,Midwest,Control,CAT05,Beauty & Personal Care,2026-03-09,Pre,12588.83,340
T1043,Midwest,Control,CAT05,Beauty & Personal Care,2026-03-16,Pre,13510.66,430
T1043,Midwest,Control,CAT05,Beauty & Personal Care,2026-03-23,Pre,12047.74,274
T1043,Midwest,Control,CAT05,Beauty & Personal Care,2026-03-30,Pre,11353.15,285
T1043,Midwest,Control,CAT05,Beauty & Personal Care,2026-04-06,Post,14906.31,684
T1043,Midwest,Control,CAT05,Beauty & Personal Care,2026-04-13,Post,13851.72,337
T1043,Midwest,Control,CAT05,Beauty & Personal Care,2026-04-20,Post,13311.07,621
T1043,Midwest,Control,CAT05,Beauty & Personal Care,2026-04-27,Post,12942.77,355
T1043,Midwest,Control,CAT05,Beauty & Personal Care,2026-05-04,Post,14028.13,666
T1043,Midwest,Control,CAT05,Beauty & Personal Care,2026-05-11,Post,13665.29,753
T1043,Midwest,Control,CAT05,Beauty & Personal Care,2026-05-18,Post,11832.76,363
T1043,Midwest,Control,CAT05,Beauty & Personal Care,2026-05-25,Post,12165.25,372
T1043,Midwest,Control,CAT05,Beauty & Personal Care,2026-06-01,Post,14126.57,709
T1043,Midwest,Control,CAT05,Beauty & Personal Care,2026-06-08,Post,12893.37,409
T1043,Midwest,Control,CAT05,Beauty & Personal Care,2026-06-15,Post,14423.5,414
T1043,Midwest,Control,CAT05,Beauty & Personal Care,2026-06-22,Post,13489.85,398
T1043,Midwest,Control,CAT05,Beauty & Personal Care,2026-06-29,Post,14378.1,385
T1043,Midwest,Control,CAT06,Toys,2026-01-05,Pre,8034.88,359
T1043,Midwest,Control,CAT06,Toys,2026-01-12,Pre,8721.97,222
T1043,Midwest,Control,CAT06,Toys,2026-01-19,Pre,8824.79,256
T1043,Midwest,Control,CAT06,Toys,2026-01-26,Pre,9514.9,451
T1043,Midwest,Control,CAT06,Toys,2026-02-02,Pre,9683.57,331
T1043,Midwest,Control,CAT06,Toys,2026-02-09,Pre,10407.49,246
T1043,Midwest,Control,CAT06,Toys,2026-02-16,Pre,10008.77,296
T1043,Midwest,Control,CAT06,Toys,2026-02-23,Pre,9015.0,363
T1043,Midwest,Control,CAT06,Toys,2026-03-02,Pre,9338.06,227
T1043,Midwest,Control,CAT06,Toys,2026-03-09,Pre,9513.81,236
T1043,Midwest,Control,CAT06,Toys,2026-03-16,Pre,9094.88,380
T1043,Midwest,Control,CAT06,Toys,2026-03-23,Pre,9577.82,297
T1043,Midwest,Control,CAT06,Toys,2026-03-30,Pre,10450.39,383
T1043,Midwest,Control,CAT06,Toys,2026-04-06,Post,8237.61,208
T1043,Midwest,Control,CAT06,Toys,2026-04-13,Post,9968.8,460
T1043,Midwest,Control,CAT06,Toys,2026-04-20,Post,8765.01,240
T1043,Midwest,Control,CAT06,Toys,2026-04-27,Post,9989.98,336
T1043,Midwest,Control,CAT06,Toys,2026-05-04,Post,10205.27,504
T1043,Midwest,Control,CAT06,Toys,2026-05-11,Post,10162.18,437
T1043,Midwest,Control,CAT06,Toys,2026-05-18,Post,10785.62,463
T1043,Midwest,Control,CAT06,Toys,2026-05-25,Post,10385.57,302
T1043,Midwest,Control,CAT06,Toys,2026-06-01,Post,10052.08,360
T1043,Midwest,Control,CAT06,Toys,2026-06-08,Post,11006.2,326
T1043,Midwest,Control,CAT06,Toys,2026-06-15,Post,9462.38,246
T1043,Midwest,Control,CAT06,Toys,2026-06-22,Post,10350.97,284
T1043,Midwest,Control,CAT06,Toys,2026-06-29,Post,9013.43,217
T1043,Midwest,Control,CAT07,Hardlines,2026-01-05,Pre,14478.53,322
T1043,Midwest,Control,CAT07,Hardlines,2026-01-12,Pre,14658.66,690
T1043,Midwest,Control,CAT07,Hardlines,2026-01-19,Pre,15814.91,472
T1043,Midwest,Control,CAT07,Hardlines,2026-01-26,Pre,14778.13,366
T1043,Midwest,Control,CAT07,Hardlines,2026-02-02,Pre,13463.58,566
T1043,Midwest,Control,CAT07,Hardlines,2026-02-09,Pre,15011.62,382
T1043,Midwest,Control,CAT07,Hardlines,2026-02-16,Pre,14932.87,520
T1043,Midwest,Control,CAT07,Hardlines,2026-02-23,Pre,15654.87,825
T1043,Midwest,Control,CAT07,Hardlines,2026-03-02,Pre,15138.94,387
T1043,Midwest,Control,CAT07,Hardlines,2026-03-09,Pre,13977.71,763
T1043,Midwest,Control,CAT07,Hardlines,2026-03-16,Pre,14074.86,516
T1043,Midwest,Control,CAT07,Hardlines,2026-03-23,Pre,15700.3,705
T1043,Midwest,Control,CAT07,Hardlines,2026-03-30,Pre,15359.55,666
T1043,Midwest,Control,CAT07,Hardlines,2026-04-06,Post,13484.89,305
T1043,Midwest,Control,CAT07,Hardlines,2026-04-13,Post,15194.9,463
T1043,Midwest,Control,CAT07,Hardlines,2026-04-20,Post,15466.53,686
T1043,Midwest,Control,CAT07,Hardlines,2026-04-27,Post,14308.9,653
T1043,Midwest,Control,CAT07,Hardlines,2026-05-04,Post,17197.04,820
T1043,Midwest,Control,CAT07,Hardlines,2026-05-11,Post,14989.92,645
T1043,Midwest,Control,CAT07,Hardlines,2026-05-18,Post,15324.89,370
T1043,Midwest,Control,CAT07,Hardlines,2026-05-25,Post,16252.52,555
T1043,Midwest,Control,CAT07,Hardlines,2026-06-01,Post,14222.36,763
T1043,Midwest,Control,CAT07,Hardlines,2026-06-08,Post,15710.56,392
T1043,Midwest,Control,CAT07,Hardlines,2026-06-15,Post,18453.92,926
T1043,Midwest,Control,CAT07,Hardlines,2026-06-22,Post,14704.53,464
T1043,Midwest,Control,CAT07,Hardlines,2026-06-29,Post,16085.19,491
T1043,Midwest,Control,CAT08,Softlines,2026-01-05,Pre,11719.17,341
T1043,Midwest,Control,CAT08,Softlines,2026-01-12,Pre,11832.14,405
T1043,Midwest,Control,CAT08,Softlines,2026-01-19,Pre,11348.63,368
T1043,Midwest,Control,CAT08,Softlines,2026-01-26,Pre,10467.92,293
T1043,Midwest,Control,CAT08,Softlines,2026-02-02,Pre,12167.84,664
T1043,Midwest,Control,CAT08,Softlines,2026-02-09,Pre,10264.98,236
T1043,Midwest,Control,CAT08,Softlines,2026-02-16,Pre,11446.1,345
T1043,Midwest,Control,CAT08,Softlines,2026-02-23,Pre,11409.88,266
T1043,Midwest,Control,CAT08,Softlines,2026-03-02,Pre,10733.27,579
T1043,Midwest,Control,CAT08,Softlines,2026-03-09,Pre,11262.74,549
T1043,Midwest,Control,CAT08,Softlines,2026-03-16,Pre,12227.04,361
T1043,Midwest,Control,CAT08,Softlines,2026-03-23,Pre,11669.43,504
T1043,Midwest,Control,CAT08,Softlines,2026-03-30,Pre,10666.99,307
T1043,Midwest,Control,CAT08,Softlines,2026-04-06,Post,12488.86,545
T1043,Midwest,Control,CAT08,Softlines,2026-04-13,Post,13401.05,325
T1043,Midwest,Control,CAT08,Softlines,2026-04-20,Post,10888.86,303
T1043,Midwest,Control,CAT08,Softlines,2026-04-27,Post,11960.0,295
T1043,Midwest,Control,CAT08,Softlines,2026-05-04,Post,12035.28,586
T1043,Midwest,Control,CAT08,Softlines,2026-05-11,Post,10993.41,598
T1043,Midwest,Control,CAT08,Softlines,2026-05-18,Post,13206.51,367
T1043,Midwest,Control,CAT08,Softlines,2026-05-25,Post,12188.49,326
T1043,Midwest,Control,CAT08,Softlines,2026-06-01,Post,13014.01,291
T1043,Midwest,Control,CAT08,Softlines,2026-06-08,Post,12553.91,505
T1043,Midwest,Control,CAT08,Softlines,2026-06-15,Post,13365.7,393
T1043,Midwest,Control,CAT08,Softlines,2026-06-22,Post,12633.53,380
T1043,Midwest,Control,CAT08,Softlines,2026-06-29,Post,12045.43,321
T1044,West,Test,CAT01,Grocery & Essentials,2026-01-05,Pre,44521.45,1093
T1044,West,Test,CAT01,Grocery & Essentials,2026-01-12,Pre,43593.49,1699
T1044,West,Test,CAT01,Grocery & Essentials,2026-01-19,Pre,42678.91,1276
T1044,West,Test,CAT01,Grocery & Essentials,2026-01-26,Pre,49346.72,2209
T1044,West,Test,CAT01,Grocery & Essentials,2026-02-02,Pre,49734.56,1358
T1044,West,Test,CAT01,Grocery & Essentials,2026-02-09,Pre,46796.62,1440
T1044,West,Test,CAT01,Grocery & Essentials,2026-02-16,Pre,51546.44,1911
T1044,West,Test,CAT01,Grocery & Essentials,2026-02-23,Pre,50975.03,1918
T1044,West,Test,CAT01,Grocery & Essentials,2026-03-02,Pre,44079.99,1104
T1044,West,Test,CAT01,Grocery & Essentials,2026-03-09,Pre,52115.48,1162
T1044,West,Test,CAT01,Grocery & Essentials,2026-03-16,Pre,47761.55,1295
T1044,West,Test,CAT01,Grocery & Essentials,2026-03-23,Pre,50400.86,1306
T1044,West,Test,CAT01,Grocery & Essentials,2026-03-30,Pre,48732.54,1531
T1044,West,Test,CAT01,Grocery & Essentials,2026-04-06,Post,45605.74,1049
T1044,West,Test,CAT01,Grocery & Essentials,2026-04-13,Post,46072.88,1025
T1044,West,Test,CAT01,Grocery & Essentials,2026-04-20,Post,49121.98,2714
T1044,West,Test,CAT01,Grocery & Essentials,2026-04-27,Post,51423.04,1360
T1044,West,Test,CAT01,Grocery & Essentials,2026-05-04,Post,53545.26,1906
T1044,West,Test,CAT01,Grocery & Essentials,2026-05-11,Post,46579.55,1962
T1044,West,Test,CAT01,Grocery & Essentials,2026-05-18,Post,52586.28,2173
T1044,West,Test,CAT01,Grocery & Essentials,2026-05-25,Post,54950.59,2005
T1044,West,Test,CAT01,Grocery & Essentials,2026-06-01,Post,42785.12,1308
T1044,West,Test,CAT01,Grocery & Essentials,2026-06-08,Post,51861.28,1737
T1044,West,Test,CAT01,Grocery & Essentials,2026-06-15,Post,55117.96,1680
T1044,West,Test,CAT01,Grocery & Essentials,2026-06-22,Post,48220.1,1294
T1044,West,Test,CAT01,Grocery & Essentials,2026-06-29,Post,52357.39,1682
T1044,West,Test,CAT02,Apparel & Accessories,2026-01-05,Pre,21694.49,696
T1044,West,Test,CAT02,Apparel & Accessories,2026-01-12,Pre,20526.08,809
T1044,West,Test,CAT02,Apparel & Accessories,2026-01-19,Pre,19534.42,668
T1044,West,Test,CAT02,Apparel & Accessories,2026-01-26,Pre,17027.91,477
T1044,West,Test,CAT02,Apparel & Accessories,2026-02-02,Pre,19259.95,908
T1044,West,Test,CAT02,Apparel & Accessories,2026-02-09,Pre,18958.14,586
T1044,West,Test,CAT02,Apparel & Accessories,2026-02-16,Pre,18314.5,778
T1044,West,Test,CAT02,Apparel & Accessories,2026-02-23,Pre,17048.19,613
T1044,West,Test,CAT02,Apparel & Accessories,2026-03-02,Pre,20092.85,645
T1044,West,Test,CAT02,Apparel & Accessories,2026-03-09,Pre,19348.37,971
T1044,West,Test,CAT02,Apparel & Accessories,2026-03-16,Pre,19511.73,749
T1044,West,Test,CAT02,Apparel & Accessories,2026-03-23,Pre,19577.0,754
T1044,West,Test,CAT02,Apparel & Accessories,2026-03-30,Pre,18936.41,800
T1044,West,Test,CAT02,Apparel & Accessories,2026-04-06,Post,22425.84,1216
T1044,West,Test,CAT02,Apparel & Accessories,2026-04-13,Post,20739.54,511
T1044,West,Test,CAT02,Apparel & Accessories,2026-04-20,Post,20947.46,818
T1044,West,Test,CAT02,Apparel & Accessories,2026-04-27,Post,20601.17,559
T1044,West,Test,CAT02,Apparel & Accessories,2026-05-04,Post,21454.97,527
T1044,West,Test,CAT02,Apparel & Accessories,2026-05-11,Post,22840.25,706
T1044,West,Test,CAT02,Apparel & Accessories,2026-05-18,Post,23640.14,600
T1044,West,Test,CAT02,Apparel & Accessories,2026-05-25,Post,24167.1,595
T1044,West,Test,CAT02,Apparel & Accessories,2026-06-01,Post,21654.76,587
T1044,West,Test,CAT02,Apparel & Accessories,2026-06-08,Post,20343.75,468
T1044,West,Test,CAT02,Apparel & Accessories,2026-06-15,Post,21688.22,552
T1044,West,Test,CAT02,Apparel & Accessories,2026-06-22,Post,22808.51,546
T1044,West,Test,CAT02,Apparel & Accessories,2026-06-29,Post,22900.76,558
T1044,West,Test,CAT03,Home,2026-01-05,Pre,25715.25,1155
T1044,West,Test,CAT03,Home,2026-01-12,Pre,26152.71,653
T1044,West,Test,CAT03,Home,2026-01-19,Pre,24081.98,683
T1044,West,Test,CAT03,Home,2026-01-26,Pre,27357.88,648
T1044,West,Test,CAT03,Home,2026-02-02,Pre,25697.6,652
T1044,West,Test,CAT03,Home,2026-02-09,Pre,21319.44,677
T1044,West,Test,CAT03,Home,2026-02-16,Pre,25309.88,646
T1044,West,Test,CAT03,Home,2026-02-23,Pre,25414.44,1217
T1044,West,Test,CAT03,Home,2026-03-02,Pre,22800.97,728
T1044,West,Test,CAT03,Home,2026-03-09,Pre,25580.93,825
T1044,West,Test,CAT03,Home,2026-03-16,Pre,26034.95,820
T1044,West,Test,CAT03,Home,2026-03-23,Pre,24080.36,642
T1044,West,Test,CAT03,Home,2026-03-30,Pre,25327.33,961
T1044,West,Test,CAT03,Home,2026-04-06,Post,24968.73,1030
T1044,West,Test,CAT03,Home,2026-04-13,Post,27832.92,1269
T1044,West,Test,CAT03,Home,2026-04-20,Post,25577.92,1064
T1044,West,Test,CAT03,Home,2026-04-27,Post,28649.66,862
T1044,West,Test,CAT03,Home,2026-05-04,Post,27019.15,864
T1044,West,Test,CAT03,Home,2026-05-11,Post,25838.01,710
T1044,West,Test,CAT03,Home,2026-05-18,Post,27096.39,691
T1044,West,Test,CAT03,Home,2026-05-25,Post,25535.47,768
T1044,West,Test,CAT03,Home,2026-06-01,Post,24641.85,764
T1044,West,Test,CAT03,Home,2026-06-08,Post,26502.61,653
T1044,West,Test,CAT03,Home,2026-06-15,Post,27730.15,896
T1044,West,Test,CAT03,Home,2026-06-22,Post,26457.76,768
T1044,West,Test,CAT03,Home,2026-06-29,Post,23214.92,826
T1044,West,Test,CAT04,Electronics,2026-01-05,Pre,18854.87,583
T1044,West,Test,CAT04,Electronics,2026-01-12,Pre,17410.69,497
T1044,West,Test,CAT04,Electronics,2026-01-19,Pre,16275.44,414
T1044,West,Test,CAT04,Electronics,2026-01-26,Pre,16526.41,412
T1044,West,Test,CAT04,Electronics,2026-02-02,Pre,17138.19,390
T1044,West,Test,CAT04,Electronics,2026-02-09,Pre,16831.72,686
T1044,West,Test,CAT04,Electronics,2026-02-16,Pre,18711.34,594
T1044,West,Test,CAT04,Electronics,2026-02-23,Pre,17357.19,407
T1044,West,Test,CAT04,Electronics,2026-03-02,Pre,17232.72,468
T1044,West,Test,CAT04,Electronics,2026-03-09,Pre,15258.88,567
T1044,West,Test,CAT04,Electronics,2026-03-16,Pre,15275.63,812
T1044,West,Test,CAT04,Electronics,2026-03-23,Pre,18524.82,540
T1044,West,Test,CAT04,Electronics,2026-03-30,Pre,18370.13,545
T1044,West,Test,CAT04,Electronics,2026-04-06,Post,17767.53,465
T1044,West,Test,CAT04,Electronics,2026-04-13,Post,19671.92,509
T1044,West,Test,CAT04,Electronics,2026-04-20,Post,18477.68,422
T1044,West,Test,CAT04,Electronics,2026-04-27,Post,20062.2,822
T1044,West,Test,CAT04,Electronics,2026-05-04,Post,21418.57,575
T1044,West,Test,CAT04,Electronics,2026-05-11,Post,18276.6,468
T1044,West,Test,CAT04,Electronics,2026-05-18,Post,20506.69,1103
T1044,West,Test,CAT04,Electronics,2026-05-25,Post,18500.6,883
T1044,West,Test,CAT04,Electronics,2026-06-01,Post,19475.26,584
T1044,West,Test,CAT04,Electronics,2026-06-08,Post,21348.22,1178
T1044,West,Test,CAT04,Electronics,2026-06-15,Post,19299.02,447
T1044,West,Test,CAT04,Electronics,2026-06-22,Post,21868.58,656
T1044,West,Test,CAT04,Electronics,2026-06-29,Post,21296.24,1029
T1044,West,Test,CAT05,Beauty & Personal Care,2026-01-05,Pre,12486.46,285
T1044,West,Test,CAT05,Beauty & Personal Care,2026-01-12,Pre,13858.44,411
T1044,West,Test,CAT05,Beauty & Personal Care,2026-01-19,Pre,12798.25,663
T1044,West,Test,CAT05,Beauty & Personal Care,2026-01-26,Pre,11993.44,316
T1044,West,Test,CAT05,Beauty & Personal Care,2026-02-02,Pre,12747.9,554
T1044,West,Test,CAT05,Beauty & Personal Care,2026-02-09,Pre,13269.68,712
T1044,West,Test,CAT05,Beauty & Personal Care,2026-02-16,Pre,13177.02,403
T1044,West,Test,CAT05,Beauty & Personal Care,2026-02-23,Pre,13148.74,433
T1044,West,Test,CAT05,Beauty & Personal Care,2026-03-02,Pre,15246.1,397
T1044,West,Test,CAT05,Beauty & Personal Care,2026-03-09,Pre,12938.89,529
T1044,West,Test,CAT05,Beauty & Personal Care,2026-03-16,Pre,15414.14,421
T1044,West,Test,CAT05,Beauty & Personal Care,2026-03-23,Pre,15661.44,615
T1044,West,Test,CAT05,Beauty & Personal Care,2026-03-30,Pre,13875.99,729
T1044,West,Test,CAT05,Beauty & Personal Care,2026-04-06,Post,15930.23,468
T1044,West,Test,CAT05,Beauty & Personal Care,2026-04-13,Post,14051.16,630
T1044,West,Test,CAT05,Beauty & Personal Care,2026-04-20,Post,13688.61,545
T1044,West,Test,CAT05,Beauty & Personal Care,2026-04-27,Post,13688.36,475
T1044,West,Test,CAT05,Beauty & Personal Care,2026-05-04,Post,13977.66,373
T1044,West,Test,CAT05,Beauty & Personal Care,2026-05-11,Post,14428.36,349
T1044,West,Test,CAT05,Beauty & Personal Care,2026-05-18,Post,13570.41,305
T1044,West,Test,CAT05,Beauty & Personal Care,2026-05-25,Post,15481.72,654
T1044,West,Test,CAT05,Beauty & Personal Care,2026-06-01,Post,15037.96,430
T1044,West,Test,CAT05,Beauty & Personal Care,2026-06-08,Post,15402.51,756
T1044,West,Test,CAT05,Beauty & Personal Care,2026-06-15,Post,15125.09,386
T1044,West,Test,CAT05,Beauty & Personal Care,2026-06-22,Post,14327.92,481
T1044,West,Test,CAT05,Beauty & Personal Care,2026-06-29,Post,15265.9,482
T1044,West,Test,CAT06,Toys,2026-01-05,Pre,9441.9,274
T1044,West,Test,CAT06,Toys,2026-01-12,Pre,9130.36,369
T1044,West,Test,CAT06,Toys,2026-01-19,Pre,8989.96,266
T1044,West,Test,CAT06,Toys,2026-01-26,Pre,10818.76,245
T1044,West,Test,CAT06,Toys,2026-02-02,Pre,9937.53,233
T1044,West,Test,CAT06,Toys,2026-02-09,Pre,10021.26,420
T1044,West,Test,CAT06,Toys,2026-02-16,Pre,11631.19,308
T1044,West,Test,CAT06,Toys,2026-02-23,Pre,10358.05,275
T1044,West,Test,CAT06,Toys,2026-03-02,Pre,9986.86,254
T1044,West,Test,CAT06,Toys,2026-03-09,Pre,10255.53,260
T1044,West,Test,CAT06,Toys,2026-03-16,Pre,9981.11,242
T1044,West,Test,CAT06,Toys,2026-03-23,Pre,11796.54,331
T1044,West,Test,CAT06,Toys,2026-03-30,Pre,10633.26,370
T1044,West,Test,CAT06,Toys,2026-04-06,Post,9212.32,259
T1044,West,Test,CAT06,Toys,2026-04-13,Post,10147.68,258
T1044,West,Test,CAT06,Toys,2026-04-20,Post,11082.93,277
T1044,West,Test,CAT06,Toys,2026-04-27,Post,11184.94,462
T1044,West,Test,CAT06,Toys,2026-05-04,Post,10787.13,289
T1044,West,Test,CAT06,Toys,2026-05-11,Post,10904.27,242
T1044,West,Test,CAT06,Toys,2026-05-18,Post,10464.8,432
T1044,West,Test,CAT06,Toys,2026-05-25,Post,10790.58,275
T1044,West,Test,CAT06,Toys,2026-06-01,Post,11109.76,271
T1044,West,Test,CAT06,Toys,2026-06-08,Post,11598.45,336
T1044,West,Test,CAT06,Toys,2026-06-15,Post,9476.91,462
T1044,West,Test,CAT06,Toys,2026-06-22,Post,12984.35,527
T1044,West,Test,CAT06,Toys,2026-06-29,Post,10985.12,263
T1044,West,Test,CAT07,Hardlines,2026-01-05,Pre,15233.34,444
T1044,West,Test,CAT07,Hardlines,2026-01-12,Pre,14525.24,378
T1044,West,Test,CAT07,Hardlines,2026-01-19,Pre,14644.05,491
T1044,West,Test,CAT07,Hardlines,2026-01-26,Pre,18249.99,640
T1044,West,Test,CAT07,Hardlines,2026-02-02,Pre,15841.44,449
T1044,West,Test,CAT07,Hardlines,2026-02-09,Pre,16243.8,854
T1044,West,Test,CAT07,Hardlines,2026-02-16,Pre,17028.33,581
T1044,West,Test,CAT07,Hardlines,2026-02-23,Pre,14305.84,749
T1044,West,Test,CAT07,Hardlines,2026-03-02,Pre,15593.44,435
T1044,West,Test,CAT07,Hardlines,2026-03-09,Pre,16409.69,626
T1044,West,Test,CAT07,Hardlines,2026-03-16,Pre,16481.24,629
T1044,West,Test,CAT07,Hardlines,2026-03-23,Pre,16062.88,526
T1044,West,Test,CAT07,Hardlines,2026-03-30,Pre,16901.12,580
T1044,West,Test,CAT07,Hardlines,2026-04-06,Post,14980.41,510
T1044,West,Test,CAT07,Hardlines,2026-04-13,Post,16883.22,411
T1044,West,Test,CAT07,Hardlines,2026-04-20,Post,16790.98,470
T1044,West,Test,CAT07,Hardlines,2026-04-27,Post,17351.53,448
T1044,West,Test,CAT07,Hardlines,2026-05-04,Post,16805.31,513
T1044,West,Test,CAT07,Hardlines,2026-05-11,Post,17669.67,439
T1044,West,Test,CAT07,Hardlines,2026-05-18,Post,17397.43,498
T1044,West,Test,CAT07,Hardlines,2026-05-25,Post,17633.98,444
T1044,West,Test,CAT07,Hardlines,2026-06-01,Post,16683.36,668
T1044,West,Test,CAT07,Hardlines,2026-06-08,Post,17145.5,555
T1044,West,Test,CAT07,Hardlines,2026-06-15,Post,17445.08,643
T1044,West,Test,CAT07,Hardlines,2026-06-22,Post,15978.84,386
T1044,West,Test,CAT07,Hardlines,2026-06-29,Post,17799.0,417
T1044,West,Test,CAT08,Softlines,2026-01-05,Pre,12400.5,396
T1044,West,Test,CAT08,Softlines,2026-01-12,Pre,11798.13,297
T1044,West,Test,CAT08,Softlines,2026-01-19,Pre,12169.0,430
T1044,West,Test,CAT08,Softlines,2026-01-26,Pre,13273.39,488
T1044,West,Test,CAT08,Softlines,2026-02-02,Pre,11840.41,348
T1044,West,Test,CAT08,Softlines,2026-02-09,Pre,12531.03,303
T1044,West,Test,CAT08,Softlines,2026-02-16,Pre,12518.2,354
T1044,West,Test,CAT08,Softlines,2026-02-23,Pre,9253.3,387
T1044,West,Test,CAT08,Softlines,2026-03-02,Pre,11798.33,627
T1044,West,Test,CAT08,Softlines,2026-03-09,Pre,12257.52,452
T1044,West,Test,CAT08,Softlines,2026-03-16,Pre,12707.73,590
T1044,West,Test,CAT08,Softlines,2026-03-23,Pre,11916.37,474
T1044,West,Test,CAT08,Softlines,2026-03-30,Pre,12564.56,288
T1044,West,Test,CAT08,Softlines,2026-04-06,Post,11455.63,287
T1044,West,Test,CAT08,Softlines,2026-04-13,Post,13334.11,353
T1044,West,Test,CAT08,Softlines,2026-04-20,Post,11932.38,357
T1044,West,Test,CAT08,Softlines,2026-04-27,Post,12695.59,449
T1044,West,Test,CAT08,Softlines,2026-05-04,Post,12645.41,340
T1044,West,Test,CAT08,Softlines,2026-05-11,Post,13579.3,660
T1044,West,Test,CAT08,Softlines,2026-05-18,Post,11201.02,368
T1044,West,Test,CAT08,Softlines,2026-05-25,Post,13889.31,668
T1044,West,Test,CAT08,Softlines,2026-06-01,Post,11084.83,451
T1044,West,Test,CAT08,Softlines,2026-06-08,Post,14573.37,400
T1044,West,Test,CAT08,Softlines,2026-06-15,Post,14573.48,513
T1044,West,Test,CAT08,Softlines,2026-06-22,Post,13460.58,452
T1044,West,Test,CAT08,Softlines,2026-06-29,Post,14144.83,584
T1045,West,Test,CAT01,Grocery & Essentials,2026-01-05,Pre,64967.44,2060
T1045,West,Test,CAT01,Grocery & Essentials,2026-01-12,Pre,72144.65,2341
T1045,West,Test,CAT01,Grocery & Essentials,2026-01-19,Pre,61739.04,3056
T1045,West,Test,CAT01,Grocery & Essentials,2026-01-26,Pre,53327.69,1293
T1045,West,Test,CAT01,Grocery & Essentials,2026-02-02,Pre,56041.56,1350
T1045,West,Test,CAT01,Grocery & Essentials,2026-02-09,Pre,62248.9,1729
T1045,West,Test,CAT01,Grocery & Essentials,2026-02-16,Pre,59857.73,1409
T1045,West,Test,CAT01,Grocery & Essentials,2026-02-23,Pre,64066.22,1614
T1045,West,Test,CAT01,Grocery & Essentials,2026-03-02,Pre,62395.45,2370
T1045,West,Test,CAT01,Grocery & Essentials,2026-03-09,Pre,57507.66,1830
T1045,West,Test,CAT01,Grocery & Essentials,2026-03-16,Pre,60106.87,1481
T1045,West,Test,CAT01,Grocery & Essentials,2026-03-23,Pre,65291.2,1564
T1045,West,Test,CAT01,Grocery & Essentials,2026-03-30,Pre,63617.14,3186
T1045,West,Test,CAT01,Grocery & Essentials,2026-04-06,Post,65615.66,1474
T1045,West,Test,CAT01,Grocery & Essentials,2026-04-13,Post,56811.94,1765
T1045,West,Test,CAT01,Grocery & Essentials,2026-04-20,Post,59118.21,1722
T1045,West,Test,CAT01,Grocery & Essentials,2026-04-27,Post,68241.97,1915
T1045,West,Test,CAT01,Grocery & Essentials,2026-05-04,Post,57611.8,2123
T1045,West,Test,CAT01,Grocery & Essentials,2026-05-11,Post,66570.2,1623
T1045,West,Test,CAT01,Grocery & Essentials,2026-05-18,Post,57584.41,2324
T1045,West,Test,CAT01,Grocery & Essentials,2026-05-25,Post,64332.65,2899
T1045,West,Test,CAT01,Grocery & Essentials,2026-06-01,Post,62005.21,2086
T1045,West,Test,CAT01,Grocery & Essentials,2026-06-08,Post,60335.96,1368
T1045,West,Test,CAT01,Grocery & Essentials,2026-06-15,Post,65411.53,2105
T1045,West,Test,CAT01,Grocery & Essentials,2026-06-22,Post,70033.41,1801
T1045,West,Test,CAT01,Grocery & Essentials,2026-06-29,Post,61913.63,1668
T1045,West,Test,CAT02,Apparel & Accessories,2026-01-05,Pre,21718.01,599
T1045,West,Test,CAT02,Apparel & Accessories,2026-01-12,Pre,25202.66,631
T1045,West,Test,CAT02,Apparel & Accessories,2026-01-19,Pre,23940.35,637
T1045,West,Test,CAT02,Apparel & Accessories,2026-01-26,Pre,27165.4,660
T1045,West,Test,CAT02,Apparel & Accessories,2026-02-02,Pre,24901.6,964
T1045,West,Test,CAT02,Apparel & Accessories,2026-02-09,Pre,24667.17,735
T1045,West,Test,CAT02,Apparel & Accessories,2026-02-16,Pre,25286.41,678
T1045,West,Test,CAT02,Apparel & Accessories,2026-02-23,Pre,28151.03,847
T1045,West,Test,CAT02,Apparel & Accessories,2026-03-02,Pre,26943.47,646
T1045,West,Test,CAT02,Apparel & Accessories,2026-03-09,Pre,24353.83,763
T1045,West,Test,CAT02,Apparel & Accessories,2026-03-16,Pre,23976.49,1184
T1045,West,Test,CAT02,Apparel & Accessories,2026-03-23,Pre,29275.06,1490
T1045,West,Test,CAT02,Apparel & Accessories,2026-03-30,Pre,25302.32,1121
T1045,West,Test,CAT02,Apparel & Accessories,2026-04-06,Post,28872.97,1188
T1045,West,Test,CAT02,Apparel & Accessories,2026-04-13,Post,26432.22,628
T1045,West,Test,CAT02,Apparel & Accessories,2026-04-20,Post,25363.65,1345
T1045,West,Test,CAT02,Apparel & Accessories,2026-04-27,Post,25592.79,653
T1045,West,Test,CAT02,Apparel & Accessories,2026-05-04,Post,26820.89,874
T1045,West,Test,CAT02,Apparel & Accessories,2026-05-11,Post,23210.62,683
T1045,West,Test,CAT02,Apparel & Accessories,2026-05-18,Post,25804.51,623
T1045,West,Test,CAT02,Apparel & Accessories,2026-05-25,Post,31086.42,803
T1045,West,Test,CAT02,Apparel & Accessories,2026-06-01,Post,31906.32,936
T1045,West,Test,CAT02,Apparel & Accessories,2026-06-08,Post,26275.31,1250
T1045,West,Test,CAT02,Apparel & Accessories,2026-06-15,Post,28950.0,827
T1045,West,Test,CAT02,Apparel & Accessories,2026-06-22,Post,28557.75,1103
T1045,West,Test,CAT02,Apparel & Accessories,2026-06-29,Post,25594.18,884
T1045,West,Test,CAT03,Home,2026-01-05,Pre,32442.31,1276
T1045,West,Test,CAT03,Home,2026-01-12,Pre,30253.82,884
T1045,West,Test,CAT03,Home,2026-01-19,Pre,31359.44,1279
T1045,West,Test,CAT03,Home,2026-01-26,Pre,33295.63,1105
T1045,West,Test,CAT03,Home,2026-02-02,Pre,30757.69,683
T1045,West,Test,CAT03,Home,2026-02-09,Pre,30854.79,1197
T1045,West,Test,CAT03,Home,2026-02-16,Pre,32952.77,802
T1045,West,Test,CAT03,Home,2026-02-23,Pre,34561.21,1398
T1045,West,Test,CAT03,Home,2026-03-02,Pre,33073.61,1065
T1045,West,Test,CAT03,Home,2026-03-09,Pre,31444.52,705
T1045,West,Test,CAT03,Home,2026-03-16,Pre,34679.51,1045
T1045,West,Test,CAT03,Home,2026-03-23,Pre,33149.95,995
T1045,West,Test,CAT03,Home,2026-03-30,Pre,35785.78,832
T1045,West,Test,CAT03,Home,2026-04-06,Post,36630.52,1583
T1045,West,Test,CAT03,Home,2026-04-13,Post,33802.45,842
T1045,West,Test,CAT03,Home,2026-04-20,Post,35995.21,1326
T1045,West,Test,CAT03,Home,2026-04-27,Post,36213.78,1423
T1045,West,Test,CAT03,Home,2026-05-04,Post,32906.59,1132
T1045,West,Test,CAT03,Home,2026-05-11,Post,36485.25,981
T1045,West,Test,CAT03,Home,2026-05-18,Post,33584.44,900
T1045,West,Test,CAT03,Home,2026-05-25,Post,35280.16,1701
T1045,West,Test,CAT03,Home,2026-06-01,Post,33592.02,1734
T1045,West,Test,CAT03,Home,2026-06-08,Post,30295.64,700
T1045,West,Test,CAT03,Home,2026-06-15,Post,38847.88,993
T1045,West,Test,CAT03,Home,2026-06-22,Post,35697.27,803
T1045,West,Test,CAT03,Home,2026-06-29,Post,36057.81,1603
T1045,West,Test,CAT04,Electronics,2026-01-05,Pre,21426.87,534
T1045,West,Test,CAT04,Electronics,2026-01-12,Pre,23285.4,563
T1045,West,Test,CAT04,Electronics,2026-01-19,Pre,17126.41,467
T1045,West,Test,CAT04,Electronics,2026-01-26,Pre,21225.55,706
T1045,West,Test,CAT04,Electronics,2026-02-02,Pre,15867.95,439
T1045,West,Test,CAT04,Electronics,2026-02-09,Pre,21493.29,811
T1045,West,Test,CAT04,Electronics,2026-02-16,Pre,20076.84,1109
T1045,West,Test,CAT04,Electronics,2026-02-23,Pre,22187.71,866
T1045,West,Test,CAT04,Electronics,2026-03-02,Pre,23840.29,560
T1045,West,Test,CAT04,Electronics,2026-03-09,Pre,21748.02,600
T1045,West,Test,CAT04,Electronics,2026-03-16,Pre,20194.76,913
T1045,West,Test,CAT04,Electronics,2026-03-23,Pre,23719.6,1126
T1045,West,Test,CAT04,Electronics,2026-03-30,Pre,23010.25,548
T1045,West,Test,CAT04,Electronics,2026-04-06,Post,29100.12,1230
T1045,West,Test,CAT04,Electronics,2026-04-13,Post,27222.12,1039
T1045,West,Test,CAT04,Electronics,2026-04-20,Post,23724.41,1105
T1045,West,Test,CAT04,Electronics,2026-04-27,Post,23004.81,961
T1045,West,Test,CAT04,Electronics,2026-05-04,Post,22726.8,657
T1045,West,Test,CAT04,Electronics,2026-05-11,Post,28632.23,1112
T1045,West,Test,CAT04,Electronics,2026-05-18,Post,27002.3,809
T1045,West,Test,CAT04,Electronics,2026-05-25,Post,23917.01,1207
T1045,West,Test,CAT04,Electronics,2026-06-01,Post,27213.44,1260
T1045,West,Test,CAT04,Electronics,2026-06-08,Post,25302.0,587
T1045,West,Test,CAT04,Electronics,2026-06-15,Post,28806.06,742
T1045,West,Test,CAT04,Electronics,2026-06-22,Post,26024.63,1434
T1045,West,Test,CAT04,Electronics,2026-06-29,Post,29496.73,1271
T1045,West,Test,CAT05,Beauty & Personal Care,2026-01-05,Pre,15069.31,428
T1045,West,Test,CAT05,Beauty & Personal Care,2026-01-12,Pre,18243.63,637
T1045,West,Test,CAT05,Beauty & Personal Care,2026-01-19,Pre,17806.03,661
T1045,West,Test,CAT05,Beauty & Personal Care,2026-01-26,Pre,16380.86,594
T1045,West,Test,CAT05,Beauty & Personal Care,2026-02-02,Pre,16960.66,492
T1045,West,Test,CAT05,Beauty & Personal Care,2026-02-09,Pre,18803.41,880
T1045,West,Test,CAT05,Beauty & Personal Care,2026-02-16,Pre,17436.42,432
T1045,West,Test,CAT05,Beauty & Personal Care,2026-02-23,Pre,17789.75,404
T1045,West,Test,CAT05,Beauty & Personal Care,2026-03-02,Pre,17980.81,593
T1045,West,Test,CAT05,Beauty & Personal Care,2026-03-09,Pre,16875.5,634
T1045,West,Test,CAT05,Beauty & Personal Care,2026-03-16,Pre,17449.23,714
T1045,West,Test,CAT05,Beauty & Personal Care,2026-03-23,Pre,20393.6,569
T1045,West,Test,CAT05,Beauty & Personal Care,2026-03-30,Pre,18743.29,1004
T1045,West,Test,CAT05,Beauty & Personal Care,2026-04-06,Post,15822.51,456
T1045,West,Test,CAT05,Beauty & Personal Care,2026-04-13,Post,16404.9,619
T1045,West,Test,CAT05,Beauty & Personal Care,2026-04-20,Post,18427.81,526
T1045,West,Test,CAT05,Beauty & Personal Care,2026-04-27,Post,16955.57,480
T1045,West,Test,CAT05,Beauty & Personal Care,2026-05-04,Post,16810.73,618
T1045,West,Test,CAT05,Beauty & Personal Care,2026-05-11,Post,18798.97,667
T1045,West,Test,CAT05,Beauty & Personal Care,2026-05-18,Post,17421.42,819
T1045,West,Test,CAT05,Beauty & Personal Care,2026-05-25,Post,16550.88,684
T1045,West,Test,CAT05,Beauty & Personal Care,2026-06-01,Post,18173.21,514
T1045,West,Test,CAT05,Beauty & Personal Care,2026-06-08,Post,19755.08,776
T1045,West,Test,CAT05,Beauty & Personal Care,2026-06-15,Post,18451.08,978
T1045,West,Test,CAT05,Beauty & Personal Care,2026-06-22,Post,19104.22,806
T1045,West,Test,CAT05,Beauty & Personal Care,2026-06-29,Post,18876.88,647
T1045,West,Test,CAT06,Toys,2026-01-05,Pre,12822.03,602
T1045,West,Test,CAT06,Toys,2026-01-12,Pre,12667.88,343
T1045,West,Test,CAT06,Toys,2026-01-19,Pre,13284.82,342
T1045,West,Test,CAT06,Toys,2026-01-26,Pre,13379.7,400
T1045,West,Test,CAT06,Toys,2026-02-02,Pre,14130.51,479
T1045,West,Test,CAT06,Toys,2026-02-09,Pre,12613.8,449
T1045,West,Test,CAT06,Toys,2026-02-16,Pre,13836.52,354
T1045,West,Test,CAT06,Toys,2026-02-23,Pre,13139.33,580
T1045,West,Test,CAT06,Toys,2026-03-02,Pre,13932.72,437
T1045,West,Test,CAT06,Toys,2026-03-09,Pre,13070.01,714
T1045,West,Test,CAT06,Toys,2026-03-16,Pre,13566.32,518
T1045,West,Test,CAT06,Toys,2026-03-23,Pre,13722.65,665
T1045,West,Test,CAT06,Toys,2026-03-30,Pre,12617.09,308
T1045,West,Test,CAT06,Toys,2026-04-06,Post,12377.27,476
T1045,West,Test,CAT06,Toys,2026-04-13,Post,13449.26,666
T1045,West,Test,CAT06,Toys,2026-04-20,Post,14685.45,510
T1045,West,Test,CAT06,Toys,2026-04-27,Post,13826.9,363
T1045,West,Test,CAT06,Toys,2026-05-04,Post,14923.68,689
T1045,West,Test,CAT06,Toys,2026-05-11,Post,14142.64,326
T1045,West,Test,CAT06,Toys,2026-05-18,Post,13280.84,324
T1045,West,Test,CAT06,Toys,2026-05-25,Post,13863.49,375
T1045,West,Test,CAT06,Toys,2026-06-01,Post,14268.37,417
T1045,West,Test,CAT06,Toys,2026-06-08,Post,14816.25,454
T1045,West,Test,CAT06,Toys,2026-06-15,Post,11787.44,339
T1045,West,Test,CAT06,Toys,2026-06-22,Post,12943.12,651
T1045,West,Test,CAT06,Toys,2026-06-29,Post,15028.6,677
T1045,West,Test,CAT07,Hardlines,2026-01-05,Pre,20304.59,951
T1045,West,Test,CAT07,Hardlines,2026-01-12,Pre,21133.29,743
T1045,West,Test,CAT07,Hardlines,2026-01-19,Pre,23839.73,680
T1045,West,Test,CAT07,Hardlines,2026-01-26,Pre,20718.9,561
T1045,West,Test,CAT07,Hardlines,2026-02-02,Pre,17643.73,685
T1045,West,Test,CAT07,Hardlines,2026-02-09,Pre,20119.42,516
T1045,West,Test,CAT07,Hardlines,2026-02-16,Pre,18142.16,422
T1045,West,Test,CAT07,Hardlines,2026-02-23,Pre,19047.36,970
T1045,West,Test,CAT07,Hardlines,2026-03-02,Pre,21630.17,838
T1045,West,Test,CAT07,Hardlines,2026-03-09,Pre,19005.23,427
T1045,West,Test,CAT07,Hardlines,2026-03-16,Pre,21709.04,771
T1045,West,Test,CAT07,Hardlines,2026-03-23,Pre,23498.12,660
T1045,West,Test,CAT07,Hardlines,2026-03-30,Pre,22735.44,648
T1045,West,Test,CAT07,Hardlines,2026-04-06,Post,19796.09,498
T1045,West,Test,CAT07,Hardlines,2026-04-13,Post,20616.91,477
T1045,West,Test,CAT07,Hardlines,2026-04-20,Post,22880.94,724
T1045,West,Test,CAT07,Hardlines,2026-04-27,Post,22708.49,899
T1045,West,Test,CAT07,Hardlines,2026-05-04,Post,19860.25,447
T1045,West,Test,CAT07,Hardlines,2026-05-11,Post,20341.12,464
T1045,West,Test,CAT07,Hardlines,2026-05-18,Post,24144.6,589
T1045,West,Test,CAT07,Hardlines,2026-05-25,Post,21103.6,564
T1045,West,Test,CAT07,Hardlines,2026-06-01,Post,19380.57,551
T1045,West,Test,CAT07,Hardlines,2026-06-08,Post,24399.13,853
T1045,West,Test,CAT07,Hardlines,2026-06-15,Post,25161.21,1096
T1045,West,Test,CAT07,Hardlines,2026-06-22,Post,23531.51,629
T1045,West,Test,CAT07,Hardlines,2026-06-29,Post,21641.67,510
T1045,West,Test,CAT08,Softlines,2026-01-05,Pre,15331.7,785
T1045,West,Test,CAT08,Softlines,2026-01-12,Pre,15446.77,371
T1045,West,Test,CAT08,Softlines,2026-01-19,Pre,17422.56,423
T1045,West,Test,CAT08,Softlines,2026-01-26,Pre,18229.02,441
T1045,West,Test,CAT08,Softlines,2026-02-02,Pre,14366.04,335
T1045,West,Test,CAT08,Softlines,2026-02-09,Pre,17412.85,610
T1045,West,Test,CAT08,Softlines,2026-02-16,Pre,14201.31,362
T1045,West,Test,CAT08,Softlines,2026-02-23,Pre,14557.35,701
T1045,West,Test,CAT08,Softlines,2026-03-02,Pre,18183.07,415
T1045,West,Test,CAT08,Softlines,2026-03-09,Pre,16207.13,741
T1045,West,Test,CAT08,Softlines,2026-03-16,Pre,15791.87,746
T1045,West,Test,CAT08,Softlines,2026-03-23,Pre,15785.81,837
T1045,West,Test,CAT08,Softlines,2026-03-30,Pre,17807.1,667
T1045,West,Test,CAT08,Softlines,2026-04-06,Post,14872.77,564
T1045,West,Test,CAT08,Softlines,2026-04-13,Post,16865.38,653
T1045,West,Test,CAT08,Softlines,2026-04-20,Post,16592.84,507
T1045,West,Test,CAT08,Softlines,2026-04-27,Post,16499.99,408
T1045,West,Test,CAT08,Softlines,2026-05-04,Post,15510.48,416
T1045,West,Test,CAT08,Softlines,2026-05-11,Post,14331.77,396
T1045,West,Test,CAT08,Softlines,2026-05-18,Post,17058.28,869
T1045,West,Test,CAT08,Softlines,2026-05-25,Post,15865.38,595
T1045,West,Test,CAT08,Softlines,2026-06-01,Post,16628.31,380
T1045,West,Test,CAT08,Softlines,2026-06-08,Post,15528.0,475
T1045,West,Test,CAT08,Softlines,2026-06-15,Post,14992.31,431
T1045,West,Test,CAT08,Softlines,2026-06-22,Post,18184.28,413
T1045,West,Test,CAT08,Softlines,2026-06-29,Post,19051.03,987
T1046,Midwest,Control,CAT01,Grocery & Essentials,2026-01-05,Pre,30272.27,754
T1046,Midwest,Control,CAT01,Grocery & Essentials,2026-01-12,Pre,42027.69,1047
T1046,Midwest,Control,CAT01,Grocery & Essentials,2026-01-19,Pre,37001.83,858
T1046,Midwest,Control,CAT01,Grocery & Essentials,2026-01-26,Pre,38692.37,892
T1046,Midwest,Control,CAT01,Grocery & Essentials,2026-02-02,Pre,33773.39,812
T1046,Midwest,Control,CAT01,Grocery & Essentials,2026-02-09,Pre,41955.22,1232
T1046,Midwest,Control,CAT01,Grocery & Essentials,2026-02-16,Pre,37457.08,1077
T1046,Midwest,Control,CAT01,Grocery & Essentials,2026-02-23,Pre,34639.25,1048
T1046,Midwest,Control,CAT01,Grocery & Essentials,2026-03-02,Pre,38264.15,866
T1046,Midwest,Control,CAT01,Grocery & Essentials,2026-03-09,Pre,32147.27,1002
T1046,Midwest,Control,CAT01,Grocery & Essentials,2026-03-16,Pre,40744.19,1884
T1046,Midwest,Control,CAT01,Grocery & Essentials,2026-03-23,Pre,42312.59,950
T1046,Midwest,Control,CAT01,Grocery & Essentials,2026-03-30,Pre,36424.06,1764
T1046,Midwest,Control,CAT01,Grocery & Essentials,2026-04-06,Post,36469.54,1284
T1046,Midwest,Control,CAT01,Grocery & Essentials,2026-04-13,Post,41148.87,1126
T1046,Midwest,Control,CAT01,Grocery & Essentials,2026-04-20,Post,41666.31,1537
T1046,Midwest,Control,CAT01,Grocery & Essentials,2026-04-27,Post,38028.66,1067
T1046,Midwest,Control,CAT01,Grocery & Essentials,2026-05-04,Post,37460.62,1915
T1046,Midwest,Control,CAT01,Grocery & Essentials,2026-05-11,Post,42848.74,1011
T1046,Midwest,Control,CAT01,Grocery & Essentials,2026-05-18,Post,36006.65,1074
T1046,Midwest,Control,CAT01,Grocery & Essentials,2026-05-25,Post,39090.87,872
T1046,Midwest,Control,CAT01,Grocery & Essentials,2026-06-01,Post,33297.02,761
T1046,Midwest,Control,CAT01,Grocery & Essentials,2026-06-08,Post,38094.19,1605
T1046,Midwest,Control,CAT01,Grocery & Essentials,2026-06-15,Post,42504.04,1025
T1046,Midwest,Control,CAT01,Grocery & Essentials,2026-06-22,Post,38582.42,1692
T1046,Midwest,Control,CAT01,Grocery & Essentials,2026-06-29,Post,46876.02,1070
T1046,Midwest,Control,CAT02,Apparel & Accessories,2026-01-05,Pre,17297.9,487
T1046,Midwest,Control,CAT02,Apparel & Accessories,2026-01-12,Pre,15532.65,857
T1046,Midwest,Control,CAT02,Apparel & Accessories,2026-01-19,Pre,16590.97,691
T1046,Midwest,Control,CAT02,Apparel & Accessories,2026-01-26,Pre,15288.06,376
T1046,Midwest,Control,CAT02,Apparel & Accessories,2026-02-02,Pre,16489.23,428
T1046,Midwest,Control,CAT02,Apparel & Accessories,2026-02-09,Pre,15541.93,560
T1046,Midwest,Control,CAT02,Apparel & Accessories,2026-02-16,Pre,15154.36,566
T1046,Midwest,Control,CAT02,Apparel & Accessories,2026-02-23,Pre,17310.56,639
T1046,Midwest,Control,CAT02,Apparel & Accessories,2026-03-02,Pre,15559.81,486
T1046,Midwest,Control,CAT02,Apparel & Accessories,2026-03-09,Pre,15639.71,489
T1046,Midwest,Control,CAT02,Apparel & Accessories,2026-03-16,Pre,16772.55,562
T1046,Midwest,Control,CAT02,Apparel & Accessories,2026-03-23,Pre,17039.77,479
T1046,Midwest,Control,CAT02,Apparel & Accessories,2026-03-30,Pre,15469.83,519
T1046,Midwest,Control,CAT02,Apparel & Accessories,2026-04-06,Post,17444.9,900
T1046,Midwest,Control,CAT02,Apparel & Accessories,2026-04-13,Post,16011.61,680
T1046,Midwest,Control,CAT02,Apparel & Accessories,2026-04-20,Post,15364.13,384
T1046,Midwest,Control,CAT02,Apparel & Accessories,2026-04-27,Post,16660.91,407
T1046,Midwest,Control,CAT02,Apparel & Accessories,2026-05-04,Post,16705.42,765
T1046,Midwest,Control,CAT02,Apparel & Accessories,2026-05-11,Post,14928.76,332
T1046,Midwest,Control,CAT02,Apparel & Accessories,2026-05-18,Post,17735.16,720
T1046,Midwest,Control,CAT02,Apparel & Accessories,2026-05-25,Post,19708.33,674
T1046,Midwest,Control,CAT02,Apparel & Accessories,2026-06-01,Post,17460.34,516
T1046,Midwest,Control,CAT02,Apparel & Accessories,2026-06-08,Post,18106.87,909
T1046,Midwest,Control,CAT02,Apparel & Accessories,2026-06-15,Post,15527.32,376
T1046,Midwest,Control,CAT02,Apparel & Accessories,2026-06-22,Post,19025.59,602
T1046,Midwest,Control,CAT02,Apparel & Accessories,2026-06-29,Post,17417.39,724
T1046,Midwest,Control,CAT03,Home,2026-01-05,Pre,17815.51,619
T1046,Midwest,Control,CAT03,Home,2026-01-12,Pre,21239.56,615
T1046,Midwest,Control,CAT03,Home,2026-01-19,Pre,19566.71,476
T1046,Midwest,Control,CAT03,Home,2026-01-26,Pre,21138.61,1144
T1046,Midwest,Control,CAT03,Home,2026-02-02,Pre,22855.63,850
T1046,Midwest,Control,CAT03,Home,2026-02-09,Pre,17854.34,801
T1046,Midwest,Control,CAT03,Home,2026-02-16,Pre,18922.0,740
T1046,Midwest,Control,CAT03,Home,2026-02-23,Pre,21182.01,670
T1046,Midwest,Control,CAT03,Home,2026-03-02,Pre,20127.63,796
T1046,Midwest,Control,CAT03,Home,2026-03-09,Pre,16944.94,556
T1046,Midwest,Control,CAT03,Home,2026-03-16,Pre,19748.04,712
T1046,Midwest,Control,CAT03,Home,2026-03-23,Pre,20042.94,742
T1046,Midwest,Control,CAT03,Home,2026-03-30,Pre,20344.98,980
T1046,Midwest,Control,CAT03,Home,2026-04-06,Post,19389.88,927
T1046,Midwest,Control,CAT03,Home,2026-04-13,Post,22818.36,663
T1046,Midwest,Control,CAT03,Home,2026-04-20,Post,18423.26,842
T1046,Midwest,Control,CAT03,Home,2026-04-27,Post,21321.49,609
T1046,Midwest,Control,CAT03,Home,2026-05-04,Post,20010.25,565
T1046,Midwest,Control,CAT03,Home,2026-05-11,Post,19983.12,995
T1046,Midwest,Control,CAT03,Home,2026-05-18,Post,23005.78,1209
T1046,Midwest,Control,CAT03,Home,2026-05-25,Post,20655.67,465
T1046,Midwest,Control,CAT03,Home,2026-06-01,Post,21731.16,487
T1046,Midwest,Control,CAT03,Home,2026-06-08,Post,22529.01,1173
T1046,Midwest,Control,CAT03,Home,2026-06-15,Post,21366.87,1151
T1046,Midwest,Control,CAT03,Home,2026-06-22,Post,23458.44,673
T1046,Midwest,Control,CAT03,Home,2026-06-29,Post,19457.65,536
T1046,Midwest,Control,CAT04,Electronics,2026-01-05,Pre,13728.3,716
T1046,Midwest,Control,CAT04,Electronics,2026-01-12,Pre,11398.96,254
T1046,Midwest,Control,CAT04,Electronics,2026-01-19,Pre,15342.01,573
T1046,Midwest,Control,CAT04,Electronics,2026-01-26,Pre,13807.18,309
T1046,Midwest,Control,CAT04,Electronics,2026-02-02,Pre,11847.19,334
T1046,Midwest,Control,CAT04,Electronics,2026-02-09,Pre,14038.67,709
T1046,Midwest,Control,CAT04,Electronics,2026-02-16,Pre,15134.12,430
T1046,Midwest,Control,CAT04,Electronics,2026-02-23,Pre,13321.33,549
T1046,Midwest,Control,CAT04,Electronics,2026-03-02,Pre,13361.65,403
T1046,Midwest,Control,CAT04,Electronics,2026-03-09,Pre,14510.9,646
T1046,Midwest,Control,CAT04,Electronics,2026-03-16,Pre,14367.76,530
T1046,Midwest,Control,CAT04,Electronics,2026-03-23,Pre,13964.22,365
T1046,Midwest,Control,CAT04,Electronics,2026-03-30,Pre,13234.97,717
T1046,Midwest,Control,CAT04,Electronics,2026-04-06,Post,13526.34,698
T1046,Midwest,Control,CAT04,Electronics,2026-04-13,Post,13052.9,505
T1046,Midwest,Control,CAT04,Electronics,2026-04-20,Post,12267.9,445
T1046,Midwest,Control,CAT04,Electronics,2026-04-27,Post,15392.7,346
T1046,Midwest,Control,CAT04,Electronics,2026-05-04,Post,15018.7,347
T1046,Midwest,Control,CAT04,Electronics,2026-05-11,Post,14962.19,449
T1046,Midwest,Control,CAT04,Electronics,2026-05-18,Post,14997.19,410
T1046,Midwest,Control,CAT04,Electronics,2026-05-25,Post,14168.65,774
T1046,Midwest,Control,CAT04,Electronics,2026-06-01,Post,14084.31,504
T1046,Midwest,Control,CAT04,Electronics,2026-06-08,Post,13224.97,456
T1046,Midwest,Control,CAT04,Electronics,2026-06-15,Post,15450.94,548
T1046,Midwest,Control,CAT04,Electronics,2026-06-22,Post,17405.25,595
T1046,Midwest,Control,CAT04,Electronics,2026-06-29,Post,15091.99,367
T1046,Midwest,Control,CAT05,Beauty & Personal Care,2026-01-05,Pre,11438.51,260
T1046,Midwest,Control,CAT05,Beauty & Personal Care,2026-01-12,Pre,11487.69,299
T1046,Midwest,Control,CAT05,Beauty & Personal Care,2026-01-19,Pre,11978.56,489
T1046,Midwest,Control,CAT05,Beauty & Personal Care,2026-01-26,Pre,10129.57,530
T1046,Midwest,Control,CAT05,Beauty & Personal Care,2026-02-02,Pre,9643.42,345
T1046,Midwest,Control,CAT05,Beauty & Personal Care,2026-02-09,Pre,11027.77,272
T1046,Midwest,Control,CAT05,Beauty & Personal Care,2026-02-16,Pre,10816.49,282
T1046,Midwest,Control,CAT05,Beauty & Personal Care,2026-02-23,Pre,12962.67,713
T1046,Midwest,Control,CAT05,Beauty & Personal Care,2026-03-02,Pre,10215.97,302
T1046,Midwest,Control,CAT05,Beauty & Personal Care,2026-03-09,Pre,12599.22,497
T1046,Midwest,Control,CAT05,Beauty & Personal Care,2026-03-16,Pre,10993.34,329
T1046,Midwest,Control,CAT05,Beauty & Personal Care,2026-03-23,Pre,10248.6,516
T1046,Midwest,Control,CAT05,Beauty & Personal Care,2026-03-30,Pre,12546.86,357
T1046,Midwest,Control,CAT05,Beauty & Personal Care,2026-04-06,Post,10541.45,546
T1046,Midwest,Control,CAT05,Beauty & Personal Care,2026-04-13,Post,12084.69,391
T1046,Midwest,Control,CAT05,Beauty & Personal Care,2026-04-20,Post,11484.26,278
T1046,Midwest,Control,CAT05,Beauty & Personal Care,2026-04-27,Post,12935.93,343
T1046,Midwest,Control,CAT05,Beauty & Personal Care,2026-05-04,Post,12415.88,581
T1046,Midwest,Control,CAT05,Beauty & Personal Care,2026-05-11,Post,11310.34,421
T1046,Midwest,Control,CAT05,Beauty & Personal Care,2026-05-18,Post,12887.42,460
T1046,Midwest,Control,CAT05,Beauty & Personal Care,2026-05-25,Post,11960.06,409
T1046,Midwest,Control,CAT05,Beauty & Personal Care,2026-06-01,Post,11621.92,368
T1046,Midwest,Control,CAT05,Beauty & Personal Care,2026-06-08,Post,11768.99,620
T1046,Midwest,Control,CAT05,Beauty & Personal Care,2026-06-15,Post,12533.93,377
T1046,Midwest,Control,CAT05,Beauty & Personal Care,2026-06-22,Post,11521.07,316
T1046,Midwest,Control,CAT05,Beauty & Personal Care,2026-06-29,Post,11321.68,316
T1046,Midwest,Control,CAT06,Toys,2026-01-05,Pre,7588.77,232
T1046,Midwest,Control,CAT06,Toys,2026-01-12,Pre,8256.57,228
T1046,Midwest,Control,CAT06,Toys,2026-01-19,Pre,7687.36,294
T1046,Midwest,Control,CAT06,Toys,2026-01-26,Pre,8721.63,400
T1046,Midwest,Control,CAT06,Toys,2026-02-02,Pre,7996.1,378
T1046,Midwest,Control,CAT06,Toys,2026-02-09,Pre,8520.05,406
T1046,Midwest,Control,CAT06,Toys,2026-02-16,Pre,8967.31,246
T1046,Midwest,Control,CAT06,Toys,2026-02-23,Pre,9183.51,337
T1046,Midwest,Control,CAT06,Toys,2026-03-02,Pre,8421.86,234
T1046,Midwest,Control,CAT06,Toys,2026-03-09,Pre,7127.18,220
T1046,Midwest,Control,CAT06,Toys,2026-03-16,Pre,7184.51,248
T1046,Midwest,Control,CAT06,Toys,2026-03-23,Pre,8978.87,276
T1046,Midwest,Control,CAT06,Toys,2026-03-30,Pre,7837.27,300
T1046,Midwest,Control,CAT06,Toys,2026-04-06,Post,8251.79,193
T1046,Midwest,Control,CAT06,Toys,2026-04-13,Post,9182.82,264
T1046,Midwest,Control,CAT06,Toys,2026-04-20,Post,8190.09,185
T1046,Midwest,Control,CAT06,Toys,2026-04-27,Post,7761.77,315
T1046,Midwest,Control,CAT06,Toys,2026-05-04,Post,8396.79,196
T1046,Midwest,Control,CAT06,Toys,2026-05-11,Post,9080.8,485
T1046,Midwest,Control,CAT06,Toys,2026-05-18,Post,8302.05,216
T1046,Midwest,Control,CAT06,Toys,2026-05-25,Post,9052.15,202
T1046,Midwest,Control,CAT06,Toys,2026-06-01,Post,7925.04,196
T1046,Midwest,Control,CAT06,Toys,2026-06-08,Post,8239.08,432
T1046,Midwest,Control,CAT06,Toys,2026-06-15,Post,8594.42,302
T1046,Midwest,Control,CAT06,Toys,2026-06-22,Post,9625.84,230
T1046,Midwest,Control,CAT06,Toys,2026-06-29,Post,8562.33,219
T1046,Midwest,Control,CAT07,Hardlines,2026-01-05,Pre,11980.88,460
T1046,Midwest,Control,CAT07,Hardlines,2026-01-12,Pre,12032.31,570
T1046,Midwest,Control,CAT07,Hardlines,2026-01-19,Pre,13141.33,370
T1046,Midwest,Control,CAT07,Hardlines,2026-01-26,Pre,13431.15,545
T1046,Midwest,Control,CAT07,Hardlines,2026-02-02,Pre,13832.24,456
T1046,Midwest,Control,CAT07,Hardlines,2026-02-09,Pre,14649.83,354
T1046,Midwest,Control,CAT07,Hardlines,2026-02-16,Pre,13105.79,329
T1046,Midwest,Control,CAT07,Hardlines,2026-02-23,Pre,12207.01,588
T1046,Midwest,Control,CAT07,Hardlines,2026-03-02,Pre,12758.3,339
T1046,Midwest,Control,CAT07,Hardlines,2026-03-09,Pre,12094.81,516
T1046,Midwest,Control,CAT07,Hardlines,2026-03-16,Pre,13129.13,666
T1046,Midwest,Control,CAT07,Hardlines,2026-03-23,Pre,12326.88,397
T1046,Midwest,Control,CAT07,Hardlines,2026-03-30,Pre,14261.27,537
T1046,Midwest,Control,CAT07,Hardlines,2026-04-06,Post,13387.39,735
T1046,Midwest,Control,CAT07,Hardlines,2026-04-13,Post,14707.24,384
T1046,Midwest,Control,CAT07,Hardlines,2026-04-20,Post,14030.15,600
T1046,Midwest,Control,CAT07,Hardlines,2026-04-27,Post,13985.89,356
T1046,Midwest,Control,CAT07,Hardlines,2026-05-04,Post,12112.68,479
T1046,Midwest,Control,CAT07,Hardlines,2026-05-11,Post,13973.85,380
T1046,Midwest,Control,CAT07,Hardlines,2026-05-18,Post,15426.77,769
T1046,Midwest,Control,CAT07,Hardlines,2026-05-25,Post,13104.61,653
T1046,Midwest,Control,CAT07,Hardlines,2026-06-01,Post,14574.04,380
T1046,Midwest,Control,CAT07,Hardlines,2026-06-08,Post,12086.87,669
T1046,Midwest,Control,CAT07,Hardlines,2026-06-15,Post,12615.82,323
T1046,Midwest,Control,CAT07,Hardlines,2026-06-22,Post,13616.62,507
T1046,Midwest,Control,CAT07,Hardlines,2026-06-29,Post,13194.11,628
T1046,Midwest,Control,CAT08,Softlines,2026-01-05,Pre,9267.5,471
T1046,Midwest,Control,CAT08,Softlines,2026-01-12,Pre,9465.4,257
T1046,Midwest,Control,CAT08,Softlines,2026-01-19,Pre,10239.34,291
T1046,Midwest,Control,CAT08,Softlines,2026-01-26,Pre,10700.32,264
T1046,Midwest,Control,CAT08,Softlines,2026-02-02,Pre,10383.57,263
T1046,Midwest,Control,CAT08,Softlines,2026-02-09,Pre,10468.35,260
T1046,Midwest,Control,CAT08,Softlines,2026-02-16,Pre,10026.71,355
T1046,Midwest,Control,CAT08,Softlines,2026-02-23,Pre,9313.27,470
T1046,Midwest,Control,CAT08,Softlines,2026-03-02,Pre,10047.6,385
T1046,Midwest,Control,CAT08,Softlines,2026-03-09,Pre,10756.25,239
T1046,Midwest,Control,CAT08,Softlines,2026-03-16,Pre,10334.64,237
T1046,Midwest,Control,CAT08,Softlines,2026-03-23,Pre,11075.73,352
T1046,Midwest,Control,CAT08,Softlines,2026-03-30,Pre,11607.44,311
T1046,Midwest,Control,CAT08,Softlines,2026-04-06,Post,10620.57,448
T1046,Midwest,Control,CAT08,Softlines,2026-04-13,Post,11114.34,260
T1046,Midwest,Control,CAT08,Softlines,2026-04-20,Post,8789.51,465
T1046,Midwest,Control,CAT08,Softlines,2026-04-27,Post,10222.63,330
T1046,Midwest,Control,CAT08,Softlines,2026-05-04,Post,10454.03,241
T1046,Midwest,Control,CAT08,Softlines,2026-05-11,Post,10935.22,260
T1046,Midwest,Control,CAT08,Softlines,2026-05-18,Post,11940.25,371
T1046,Midwest,Control,CAT08,Softlines,2026-05-25,Post,10855.5,428
T1046,Midwest,Control,CAT08,Softlines,2026-06-01,Post,9375.19,240
T1046,Midwest,Control,CAT08,Softlines,2026-06-08,Post,11175.96,262
T1046,Midwest,Control,CAT08,Softlines,2026-06-15,Post,10436.37,496
T1046,Midwest,Control,CAT08,Softlines,2026-06-22,Post,11176.57,282
T1046,Midwest,Control,CAT08,Softlines,2026-06-29,Post,11366.84,555
T1047,Midwest,Control,CAT01,Grocery & Essentials,2026-01-05,Pre,45819.23,1847
T1047,Midwest,Control,CAT01,Grocery & Essentials,2026-01-12,Pre,48665.66,1391
T1047,Midwest,Control,CAT01,Grocery & Essentials,2026-01-19,Pre,44380.58,2000
T1047,Midwest,Control,CAT01,Grocery & Essentials,2026-01-26,Pre,42831.21,2177
T1047,Midwest,Control,CAT01,Grocery & Essentials,2026-02-02,Pre,44568.12,1131
T1047,Midwest,Control,CAT01,Grocery & Essentials,2026-02-09,Pre,44329.82,1800
T1047,Midwest,Control,CAT01,Grocery & Essentials,2026-02-16,Pre,48530.0,1153
T1047,Midwest,Control,CAT01,Grocery & Essentials,2026-02-23,Pre,50337.51,1130
T1047,Midwest,Control,CAT01,Grocery & Essentials,2026-03-02,Pre,53528.74,2694
T1047,Midwest,Control,CAT01,Grocery & Essentials,2026-03-09,Pre,52177.47,1669
T1047,Midwest,Control,CAT01,Grocery & Essentials,2026-03-16,Pre,40298.18,2067
T1047,Midwest,Control,CAT01,Grocery & Essentials,2026-03-23,Pre,45195.95,2210
T1047,Midwest,Control,CAT01,Grocery & Essentials,2026-03-30,Pre,47988.99,1085
T1047,Midwest,Control,CAT01,Grocery & Essentials,2026-04-06,Post,48098.51,1200
T1047,Midwest,Control,CAT01,Grocery & Essentials,2026-04-13,Post,47220.55,1769
T1047,Midwest,Control,CAT01,Grocery & Essentials,2026-04-20,Post,48085.82,2091
T1047,Midwest,Control,CAT01,Grocery & Essentials,2026-04-27,Post,48776.83,1209
T1047,Midwest,Control,CAT01,Grocery & Essentials,2026-05-04,Post,44402.44,2284
T1047,Midwest,Control,CAT01,Grocery & Essentials,2026-05-11,Post,49957.06,1726
T1047,Midwest,Control,CAT01,Grocery & Essentials,2026-05-18,Post,49306.17,2300
T1047,Midwest,Control,CAT01,Grocery & Essentials,2026-05-25,Post,45070.85,1481
T1047,Midwest,Control,CAT01,Grocery & Essentials,2026-06-01,Post,45540.44,1757
T1047,Midwest,Control,CAT01,Grocery & Essentials,2026-06-08,Post,47678.69,1219
T1047,Midwest,Control,CAT01,Grocery & Essentials,2026-06-15,Post,46188.19,1519
T1047,Midwest,Control,CAT01,Grocery & Essentials,2026-06-22,Post,53079.64,1405
T1047,Midwest,Control,CAT01,Grocery & Essentials,2026-06-29,Post,49121.91,1197
T1047,Midwest,Control,CAT02,Apparel & Accessories,2026-01-05,Pre,22669.03,524
T1047,Midwest,Control,CAT02,Apparel & Accessories,2026-01-12,Pre,20177.62,1071
T1047,Midwest,Control,CAT02,Apparel & Accessories,2026-01-19,Pre,18997.45,589
T1047,Midwest,Control,CAT02,Apparel & Accessories,2026-01-26,Pre,18472.51,459
T1047,Midwest,Control,CAT02,Apparel & Accessories,2026-02-02,Pre,19658.95,564
T1047,Midwest,Control,CAT02,Apparel & Accessories,2026-02-09,Pre,20755.42,462
T1047,Midwest,Control,CAT02,Apparel & Accessories,2026-02-16,Pre,19672.12,444
T1047,Midwest,Control,CAT02,Apparel & Accessories,2026-02-23,Pre,21965.33,639
T1047,Midwest,Control,CAT02,Apparel & Accessories,2026-03-02,Pre,19285.41,789
T1047,Midwest,Control,CAT02,Apparel & Accessories,2026-03-09,Pre,20378.07,476
T1047,Midwest,Control,CAT02,Apparel & Accessories,2026-03-16,Pre,18314.72,493
T1047,Midwest,Control,CAT02,Apparel & Accessories,2026-03-23,Pre,18767.96,656
T1047,Midwest,Control,CAT02,Apparel & Accessories,2026-03-30,Pre,20004.2,957
T1047,Midwest,Control,CAT02,Apparel & Accessories,2026-04-06,Post,18717.58,431
T1047,Midwest,Control,CAT02,Apparel & Accessories,2026-04-13,Post,21073.81,522
T1047,Midwest,Control,CAT02,Apparel & Accessories,2026-04-20,Post,20915.64,806
T1047,Midwest,Control,CAT02,Apparel & Accessories,2026-04-27,Post,19358.95,562
T1047,Midwest,Control,CAT02,Apparel & Accessories,2026-05-04,Post,20059.46,514
T1047,Midwest,Control,CAT02,Apparel & Accessories,2026-05-11,Post,22206.74,556
T1047,Midwest,Control,CAT02,Apparel & Accessories,2026-05-18,Post,20824.83,526
T1047,Midwest,Control,CAT02,Apparel & Accessories,2026-05-25,Post,24049.12,693
T1047,Midwest,Control,CAT02,Apparel & Accessories,2026-06-01,Post,20361.28,781
T1047,Midwest,Control,CAT02,Apparel & Accessories,2026-06-08,Post,20602.84,490
T1047,Midwest,Control,CAT02,Apparel & Accessories,2026-06-15,Post,20844.16,659
T1047,Midwest,Control,CAT02,Apparel & Accessories,2026-06-22,Post,18538.35,480
T1047,Midwest,Control,CAT02,Apparel & Accessories,2026-06-29,Post,20760.85,1115
T1047,Midwest,Control,CAT03,Home,2026-01-05,Pre,23010.57,586
T1047,Midwest,Control,CAT03,Home,2026-01-12,Pre,24651.26,752
T1047,Midwest,Control,CAT03,Home,2026-01-19,Pre,25600.22,878
T1047,Midwest,Control,CAT03,Home,2026-01-26,Pre,23089.87,974
T1047,Midwest,Control,CAT03,Home,2026-02-02,Pre,20247.31,728
T1047,Midwest,Control,CAT03,Home,2026-02-09,Pre,24052.08,781
T1047,Midwest,Control,CAT03,Home,2026-02-16,Pre,22249.66,801
T1047,Midwest,Control,CAT03,Home,2026-02-23,Pre,24392.99,664
T1047,Midwest,Control,CAT03,Home,2026-03-02,Pre,24441.79,633
T1047,Midwest,Control,CAT03,Home,2026-03-09,Pre,22915.13,555
T1047,Midwest,Control,CAT03,Home,2026-03-16,Pre,24538.46,735
T1047,Midwest,Control,CAT03,Home,2026-03-23,Pre,21825.87,746
T1047,Midwest,Control,CAT03,Home,2026-03-30,Pre,24977.58,674
T1047,Midwest,Control,CAT03,Home,2026-04-06,Post,26007.59,1081
T1047,Midwest,Control,CAT03,Home,2026-04-13,Post,25549.64,1315
T1047,Midwest,Control,CAT03,Home,2026-04-20,Post,28825.96,652
T1047,Midwest,Control,CAT03,Home,2026-04-27,Post,23904.75,560
T1047,Midwest,Control,CAT03,Home,2026-05-04,Post,26254.91,689
T1047,Midwest,Control,CAT03,Home,2026-05-11,Post,26127.32,732
T1047,Midwest,Control,CAT03,Home,2026-05-18,Post,26311.8,982
T1047,Midwest,Control,CAT03,Home,2026-05-25,Post,27677.66,981
T1047,Midwest,Control,CAT03,Home,2026-06-01,Post,26010.27,597
T1047,Midwest,Control,CAT03,Home,2026-06-08,Post,23472.07,995
T1047,Midwest,Control,CAT03,Home,2026-06-15,Post,23828.38,710
T1047,Midwest,Control,CAT03,Home,2026-06-22,Post,26299.78,780
T1047,Midwest,Control,CAT03,Home,2026-06-29,Post,22495.67,517
T1047,Midwest,Control,CAT04,Electronics,2026-01-05,Pre,15710.54,387
T1047,Midwest,Control,CAT04,Electronics,2026-01-12,Pre,15559.65,410
T1047,Midwest,Control,CAT04,Electronics,2026-01-19,Pre,16714.73,667
T1047,Midwest,Control,CAT04,Electronics,2026-01-26,Pre,14690.99,732
T1047,Midwest,Control,CAT04,Electronics,2026-02-02,Pre,16871.83,379
T1047,Midwest,Control,CAT04,Electronics,2026-02-09,Pre,15957.03,418
T1047,Midwest,Control,CAT04,Electronics,2026-02-16,Pre,16672.85,534
T1047,Midwest,Control,CAT04,Electronics,2026-02-23,Pre,15011.88,558
T1047,Midwest,Control,CAT04,Electronics,2026-03-02,Pre,17186.29,939
T1047,Midwest,Control,CAT04,Electronics,2026-03-09,Pre,17685.1,681
T1047,Midwest,Control,CAT04,Electronics,2026-03-16,Pre,20489.7,798
T1047,Midwest,Control,CAT04,Electronics,2026-03-23,Pre,16917.3,385
T1047,Midwest,Control,CAT04,Electronics,2026-03-30,Pre,17841.87,488
T1047,Midwest,Control,CAT04,Electronics,2026-04-06,Post,15594.5,697
T1047,Midwest,Control,CAT04,Electronics,2026-04-13,Post,18374.24,781
T1047,Midwest,Control,CAT04,Electronics,2026-04-20,Post,15182.63,385
T1047,Midwest,Control,CAT04,Electronics,2026-04-27,Post,19041.63,1051
T1047,Midwest,Control,CAT04,Electronics,2026-05-04,Post,17181.54,383
T1047,Midwest,Control,CAT04,Electronics,2026-05-11,Post,15451.85,594
T1047,Midwest,Control,CAT04,Electronics,2026-05-18,Post,16707.7,625
T1047,Midwest,Control,CAT04,Electronics,2026-05-25,Post,18371.98,612
T1047,Midwest,Control,CAT04,Electronics,2026-06-01,Post,17052.81,558
T1047,Midwest,Control,CAT04,Electronics,2026-06-08,Post,17099.54,911
T1047,Midwest,Control,CAT04,Electronics,2026-06-15,Post,18446.21,658
T1047,Midwest,Control,CAT04,Electronics,2026-06-22,Post,17341.84,440
T1047,Midwest,Control,CAT04,Electronics,2026-06-29,Post,19046.6,607
T1047,Midwest,Control,CAT05,Beauty & Personal Care,2026-01-05,Pre,12228.03,394
T1047,Midwest,Control,CAT05,Beauty & Personal Care,2026-01-12,Pre,13840.04,308
T1047,Midwest,Control,CAT05,Beauty & Personal Care,2026-01-19,Pre,11302.35,354
T1047,Midwest,Control,CAT05,Beauty & Personal Care,2026-01-26,Pre,12862.71,387
T1047,Midwest,Control,CAT05,Beauty & Personal Care,2026-02-02,Pre,13020.74,369
T1047,Midwest,Control,CAT05,Beauty & Personal Care,2026-02-09,Pre,12439.24,327
T1047,Midwest,Control,CAT05,Beauty & Personal Care,2026-02-16,Pre,13311.32,494
T1047,Midwest,Control,CAT05,Beauty & Personal Care,2026-02-23,Pre,11650.64,288
T1047,Midwest,Control,CAT05,Beauty & Personal Care,2026-03-02,Pre,13442.94,300
T1047,Midwest,Control,CAT05,Beauty & Personal Care,2026-03-09,Pre,12149.73,559
T1047,Midwest,Control,CAT05,Beauty & Personal Care,2026-03-16,Pre,11989.78,355
T1047,Midwest,Control,CAT05,Beauty & Personal Care,2026-03-23,Pre,13353.06,307
T1047,Midwest,Control,CAT05,Beauty & Personal Care,2026-03-30,Pre,12016.81,598
T1047,Midwest,Control,CAT05,Beauty & Personal Care,2026-04-06,Post,11523.22,293
T1047,Midwest,Control,CAT05,Beauty & Personal Care,2026-04-13,Post,13883.85,741
T1047,Midwest,Control,CAT05,Beauty & Personal Care,2026-04-20,Post,12525.54,343
T1047,Midwest,Control,CAT05,Beauty & Personal Care,2026-04-27,Post,14091.67,500
T1047,Midwest,Control,CAT05,Beauty & Personal Care,2026-05-04,Post,13329.87,432
T1047,Midwest,Control,CAT05,Beauty & Personal Care,2026-05-11,Post,13710.29,654
T1047,Midwest,Control,CAT05,Beauty & Personal Care,2026-05-18,Post,14660.34,658
T1047,Midwest,Control,CAT05,Beauty & Personal Care,2026-05-25,Post,14143.14,415
T1047,Midwest,Control,CAT05,Beauty & Personal Care,2026-06-01,Post,14378.85,761
T1047,Midwest,Control,CAT05,Beauty & Personal Care,2026-06-08,Post,14393.64,516
T1047,Midwest,Control,CAT05,Beauty & Personal Care,2026-06-15,Post,13230.84,295
T1047,Midwest,Control,CAT05,Beauty & Personal Care,2026-06-22,Post,14306.21,426
T1047,Midwest,Control,CAT05,Beauty & Personal Care,2026-06-29,Post,13108.71,422
T1047,Midwest,Control,CAT06,Toys,2026-01-05,Pre,9791.39,298
T1047,Midwest,Control,CAT06,Toys,2026-01-12,Pre,9367.29,216
T1047,Midwest,Control,CAT06,Toys,2026-01-19,Pre,9534.67,225
T1047,Midwest,Control,CAT06,Toys,2026-01-26,Pre,10767.53,313
T1047,Midwest,Control,CAT06,Toys,2026-02-02,Pre,10050.13,401
T1047,Midwest,Control,CAT06,Toys,2026-02-09,Pre,9316.82,214
T1047,Midwest,Control,CAT06,Toys,2026-02-16,Pre,8700.44,209
T1047,Midwest,Control,CAT06,Toys,2026-02-23,Pre,9882.71,387
T1047,Midwest,Control,CAT06,Toys,2026-03-02,Pre,8842.65,364
T1047,Midwest,Control,CAT06,Toys,2026-03-09,Pre,11130.66,257
T1047,Midwest,Control,CAT06,Toys,2026-03-16,Pre,9856.9,314
T1047,Midwest,Control,CAT06,Toys,2026-03-23,Pre,10588.17,306
T1047,Midwest,Control,CAT06,Toys,2026-03-30,Pre,9099.8,249
T1047,Midwest,Control,CAT06,Toys,2026-04-06,Post,10387.03,554
T1047,Midwest,Control,CAT06,Toys,2026-04-13,Post,10869.11,245
T1047,Midwest,Control,CAT06,Toys,2026-04-20,Post,10526.78,241
T1047,Midwest,Control,CAT06,Toys,2026-04-27,Post,10730.46,330
T1047,Midwest,Control,CAT06,Toys,2026-05-04,Post,10475.34,246
T1047,Midwest,Control,CAT06,Toys,2026-05-11,Post,9938.17,270
T1047,Midwest,Control,CAT06,Toys,2026-05-18,Post,9643.25,462
T1047,Midwest,Control,CAT06,Toys,2026-05-25,Post,9781.53,302
T1047,Midwest,Control,CAT06,Toys,2026-06-01,Post,9714.86,215
T1047,Midwest,Control,CAT06,Toys,2026-06-08,Post,11711.3,361
T1047,Midwest,Control,CAT06,Toys,2026-06-15,Post,10574.26,536
T1047,Midwest,Control,CAT06,Toys,2026-06-22,Post,11359.23,295
T1047,Midwest,Control,CAT06,Toys,2026-06-29,Post,10087.76,541
T1047,Midwest,Control,CAT07,Hardlines,2026-01-05,Pre,15619.0,558
T1047,Midwest,Control,CAT07,Hardlines,2026-01-12,Pre,13929.05,395
T1047,Midwest,Control,CAT07,Hardlines,2026-01-19,Pre,14705.08,471
T1047,Midwest,Control,CAT07,Hardlines,2026-01-26,Pre,14547.55,544
T1047,Midwest,Control,CAT07,Hardlines,2026-02-02,Pre,16855.53,464
T1047,Midwest,Control,CAT07,Hardlines,2026-02-09,Pre,14309.11,534
T1047,Midwest,Control,CAT07,Hardlines,2026-02-16,Pre,15863.0,646
T1047,Midwest,Control,CAT07,Hardlines,2026-02-23,Pre,15713.65,384
T1047,Midwest,Control,CAT07,Hardlines,2026-03-02,Pre,17950.88,407
T1047,Midwest,Control,CAT07,Hardlines,2026-03-09,Pre,14077.85,497
T1047,Midwest,Control,CAT07,Hardlines,2026-03-16,Pre,16780.54,910
T1047,Midwest,Control,CAT07,Hardlines,2026-03-23,Pre,16990.86,928
T1047,Midwest,Control,CAT07,Hardlines,2026-03-30,Pre,15790.8,437
T1047,Midwest,Control,CAT07,Hardlines,2026-04-06,Post,15661.54,442
T1047,Midwest,Control,CAT07,Hardlines,2026-04-13,Post,13796.85,528
T1047,Midwest,Control,CAT07,Hardlines,2026-04-20,Post,14259.14,372
T1047,Midwest,Control,CAT07,Hardlines,2026-04-27,Post,15492.97,396
T1047,Midwest,Control,CAT07,Hardlines,2026-05-04,Post,14848.91,548
T1047,Midwest,Control,CAT07,Hardlines,2026-05-11,Post,16913.7,632
T1047,Midwest,Control,CAT07,Hardlines,2026-05-18,Post,14436.18,450
T1047,Midwest,Control,CAT07,Hardlines,2026-05-25,Post,14401.31,643
T1047,Midwest,Control,CAT07,Hardlines,2026-06-01,Post,16682.99,404
T1047,Midwest,Control,CAT07,Hardlines,2026-06-08,Post,16548.8,506
T1047,Midwest,Control,CAT07,Hardlines,2026-06-15,Post,16369.83,562
T1047,Midwest,Control,CAT07,Hardlines,2026-06-22,Post,17123.22,474
T1047,Midwest,Control,CAT07,Hardlines,2026-06-29,Post,15601.04,352
T1047,Midwest,Control,CAT08,Softlines,2026-01-05,Pre,11329.73,328
T1047,Midwest,Control,CAT08,Softlines,2026-01-12,Pre,11972.13,294
T1047,Midwest,Control,CAT08,Softlines,2026-01-19,Pre,11928.51,565
T1047,Midwest,Control,CAT08,Softlines,2026-01-26,Pre,11117.12,310
T1047,Midwest,Control,CAT08,Softlines,2026-02-02,Pre,12741.83,432
T1047,Midwest,Control,CAT08,Softlines,2026-02-09,Pre,10911.53,298
T1047,Midwest,Control,CAT08,Softlines,2026-02-16,Pre,11665.77,579
T1047,Midwest,Control,CAT08,Softlines,2026-02-23,Pre,11049.63,284
T1047,Midwest,Control,CAT08,Softlines,2026-03-02,Pre,14001.99,764
T1047,Midwest,Control,CAT08,Softlines,2026-03-09,Pre,12141.15,397
T1047,Midwest,Control,CAT08,Softlines,2026-03-16,Pre,11312.44,604
T1047,Midwest,Control,CAT08,Softlines,2026-03-23,Pre,11798.15,332
T1047,Midwest,Control,CAT08,Softlines,2026-03-30,Pre,12483.94,446
T1047,Midwest,Control,CAT08,Softlines,2026-04-06,Post,13034.5,421
T1047,Midwest,Control,CAT08,Softlines,2026-04-13,Post,11561.77,448
T1047,Midwest,Control,CAT08,Softlines,2026-04-20,Post,13607.19,338
T1047,Midwest,Control,CAT08,Softlines,2026-04-27,Post,12435.65,348
T1047,Midwest,Control,CAT08,Softlines,2026-05-04,Post,12923.18,431
T1047,Midwest,Control,CAT08,Softlines,2026-05-11,Post,12050.19,458
T1047,Midwest,Control,CAT08,Softlines,2026-05-18,Post,13606.34,304
T1047,Midwest,Control,CAT08,Softlines,2026-05-25,Post,12932.45,588
T1047,Midwest,Control,CAT08,Softlines,2026-06-01,Post,12123.19,269
T1047,Midwest,Control,CAT08,Softlines,2026-06-08,Post,12341.16,533
T1047,Midwest,Control,CAT08,Softlines,2026-06-15,Post,13567.61,352
T1047,Midwest,Control,CAT08,Softlines,2026-06-22,Post,13209.06,296
T1047,Midwest,Control,CAT08,Softlines,2026-06-29,Post,12562.77,361
T1048,South,Test,CAT01,Grocery & Essentials,2026-01-05,Pre,51299.0,1213
T1048,South,Test,CAT01,Grocery & Essentials,2026-01-12,Pre,48111.5,1951
T1048,South,Test,CAT01,Grocery & Essentials,2026-01-19,Pre,51157.45,2448
T1048,South,Test,CAT01,Grocery & Essentials,2026-01-26,Pre,48633.77,1964
T1048,South,Test,CAT01,Grocery & Essentials,2026-02-02,Pre,48400.58,2278
T1048,South,Test,CAT01,Grocery & Essentials,2026-02-09,Pre,56567.16,1396
T1048,South,Test,CAT01,Grocery & Essentials,2026-02-16,Pre,47096.23,2317
T1048,South,Test,CAT01,Grocery & Essentials,2026-02-23,Pre,52745.2,2623
T1048,South,Test,CAT01,Grocery & Essentials,2026-03-02,Pre,50867.72,1283
T1048,South,Test,CAT01,Grocery & Essentials,2026-03-09,Pre,48812.37,1260
T1048,South,Test,CAT01,Grocery & Essentials,2026-03-16,Pre,52277.94,1578
T1048,South,Test,CAT01,Grocery & Essentials,2026-03-23,Pre,50370.93,1845
T1048,South,Test,CAT01,Grocery & Essentials,2026-03-30,Pre,54672.21,1503
T1048,South,Test,CAT01,Grocery & Essentials,2026-04-06,Post,52791.8,1178
T1048,South,Test,CAT01,Grocery & Essentials,2026-04-13,Post,47811.46,1377
T1048,South,Test,CAT01,Grocery & Essentials,2026-04-20,Post,51071.81,2040
T1048,South,Test,CAT01,Grocery & Essentials,2026-04-27,Post,53661.19,1207
T1048,South,Test,CAT01,Grocery & Essentials,2026-05-04,Post,51901.88,1428
T1048,South,Test,CAT01,Grocery & Essentials,2026-05-11,Post,54689.88,1301
T1048,South,Test,CAT01,Grocery & Essentials,2026-05-18,Post,52615.91,2607
T1048,South,Test,CAT01,Grocery & Essentials,2026-05-25,Post,59523.99,1599
T1048,South,Test,CAT01,Grocery & Essentials,2026-06-01,Post,51817.08,1640
T1048,South,Test,CAT01,Grocery & Essentials,2026-06-08,Post,52564.0,2661
T1048,South,Test,CAT01,Grocery & Essentials,2026-06-15,Post,46891.76,1088
T1048,South,Test,CAT01,Grocery & Essentials,2026-06-22,Post,50279.18,2146
T1048,South,Test,CAT01,Grocery & Essentials,2026-06-29,Post,62671.28,1789
T1048,South,Test,CAT02,Apparel & Accessories,2026-01-05,Pre,19003.71,992
T1048,South,Test,CAT02,Apparel & Accessories,2026-01-12,Pre,19707.3,543
T1048,South,Test,CAT02,Apparel & Accessories,2026-01-19,Pre,20309.62,892
T1048,South,Test,CAT02,Apparel & Accessories,2026-01-26,Pre,20799.5,613
T1048,South,Test,CAT02,Apparel & Accessories,2026-02-02,Pre,20361.14,562
T1048,South,Test,CAT02,Apparel & Accessories,2026-02-09,Pre,21447.23,676
T1048,South,Test,CAT02,Apparel & Accessories,2026-02-16,Pre,18209.68,490
T1048,South,Test,CAT02,Apparel & Accessories,2026-02-23,Pre,20626.64,663
T1048,South,Test,CAT02,Apparel & Accessories,2026-03-02,Pre,21985.53,561
T1048,South,Test,CAT02,Apparel & Accessories,2026-03-09,Pre,19270.53,692
T1048,South,Test,CAT02,Apparel & Accessories,2026-03-16,Pre,23151.71,827
T1048,South,Test,CAT02,Apparel & Accessories,2026-03-23,Pre,24805.0,1102
T1048,South,Test,CAT02,Apparel & Accessories,2026-03-30,Pre,24178.87,1199
T1048,South,Test,CAT02,Apparel & Accessories,2026-04-06,Post,23316.92,590
T1048,South,Test,CAT02,Apparel & Accessories,2026-04-13,Post,21471.48,509
T1048,South,Test,CAT02,Apparel & Accessories,2026-04-20,Post,20358.74,676
T1048,South,Test,CAT02,Apparel & Accessories,2026-04-27,Post,21935.38,904
T1048,South,Test,CAT02,Apparel & Accessories,2026-05-04,Post,21788.26,752
T1048,South,Test,CAT02,Apparel & Accessories,2026-05-11,Post,23942.5,665
T1048,South,Test,CAT02,Apparel & Accessories,2026-05-18,Post,24975.79,1121
T1048,South,Test,CAT02,Apparel & Accessories,2026-05-25,Post,21879.64,775
T1048,South,Test,CAT02,Apparel & Accessories,2026-06-01,Post,22289.98,612
T1048,South,Test,CAT02,Apparel & Accessories,2026-06-08,Post,23026.93,637
T1048,South,Test,CAT02,Apparel & Accessories,2026-06-15,Post,23029.07,1207
T1048,South,Test,CAT02,Apparel & Accessories,2026-06-22,Post,21472.16,985
T1048,South,Test,CAT02,Apparel & Accessories,2026-06-29,Post,20621.83,774
T1048,South,Test,CAT03,Home,2026-01-05,Pre,26710.4,1265
T1048,South,Test,CAT03,Home,2026-01-12,Pre,23841.35,1116
T1048,South,Test,CAT03,Home,2026-01-19,Pre,25485.45,1086
T1048,South,Test,CAT03,Home,2026-01-26,Pre,25736.37,1010
T1048,South,Test,CAT03,Home,2026-02-02,Pre,24183.93,892
T1048,South,Test,CAT03,Home,2026-02-09,Pre,24893.29,793
T1048,South,Test,CAT03,Home,2026-02-16,Pre,29324.48,885
T1048,South,Test,CAT03,Home,2026-02-23,Pre,26757.08,633
T1048,South,Test,CAT03,Home,2026-03-02,Pre,27249.38,731
T1048,South,Test,CAT03,Home,2026-03-09,Pre,28455.12,719
T1048,South,Test,CAT03,Home,2026-03-16,Pre,26954.38,751
T1048,South,Test,CAT03,Home,2026-03-23,Pre,29345.27,947
T1048,South,Test,CAT03,Home,2026-03-30,Pre,24740.05,888
T1048,South,Test,CAT03,Home,2026-04-06,Post,28178.92,826
T1048,South,Test,CAT03,Home,2026-04-13,Post,30928.75,1612
T1048,South,Test,CAT03,Home,2026-04-20,Post,29973.25,957
T1048,South,Test,CAT03,Home,2026-04-27,Post,30218.73,968
T1048,South,Test,CAT03,Home,2026-05-04,Post,25042.18,716
T1048,South,Test,CAT03,Home,2026-05-11,Post,28194.48,870
T1048,South,Test,CAT03,Home,2026-05-18,Post,27643.61,1342
T1048,South,Test,CAT03,Home,2026-05-25,Post,26346.7,1081
T1048,South,Test,CAT03,Home,2026-06-01,Post,28542.16,719
T1048,South,Test,CAT03,Home,2026-06-08,Post,25914.51,1057
T1048,South,Test,CAT03,Home,2026-06-15,Post,29085.84,1603
T1048,South,Test,CAT03,Home,2026-06-22,Post,26600.76,870
T1048,South,Test,CAT03,Home,2026-06-29,Post,29194.06,1020
T1048,South,Test,CAT04,Electronics,2026-01-05,Pre,16686.05,409
T1048,South,Test,CAT04,Electronics,2026-01-12,Pre,17339.26,752
T1048,South,Test,CAT04,Electronics,2026-01-19,Pre,17295.07,507
T1048,South,Test,CAT04,Electronics,2026-01-26,Pre,17701.94,527
T1048,South,Test,CAT04,Electronics,2026-02-02,Pre,17894.81,511
T1048,South,Test,CAT04,Electronics,2026-02-09,Pre,17506.37,585
T1048,South,Test,CAT04,Electronics,2026-02-16,Pre,16823.14,551
T1048,South,Test,CAT04,Electronics,2026-02-23,Pre,19548.19,495
T1048,South,Test,CAT04,Electronics,2026-03-02,Pre,18230.19,456
T1048,South,Test,CAT04,Electronics,2026-03-09,Pre,18628.25,608
T1048,South,Test,CAT04,Electronics,2026-03-16,Pre,17850.15,791
T1048,South,Test,CAT04,Electronics,2026-03-23,Pre,21559.81,640
T1048,South,Test,CAT04,Electronics,2026-03-30,Pre,18622.86,468
T1048,South,Test,CAT04,Electronics,2026-04-06,Post,22059.77,568
T1048,South,Test,CAT04,Electronics,2026-04-13,Post,21459.35,671
T1048,South,Test,CAT04,Electronics,2026-04-20,Post,20821.45,1070
T1048,South,Test,CAT04,Electronics,2026-04-27,Post,18936.03,432
T1048,South,Test,CAT04,Electronics,2026-05-04,Post,20008.29,472
T1048,South,Test,CAT04,Electronics,2026-05-11,Post,21614.39,794
T1048,South,Test,CAT04,Electronics,2026-05-18,Post,21580.98,835
T1048,South,Test,CAT04,Electronics,2026-05-25,Post,21863.79,579
T1048,South,Test,CAT04,Electronics,2026-06-01,Post,22696.82,761
T1048,South,Test,CAT04,Electronics,2026-06-08,Post,22227.1,510
T1048,South,Test,CAT04,Electronics,2026-06-15,Post,22169.66,787
T1048,South,Test,CAT04,Electronics,2026-06-22,Post,26069.8,1266
T1048,South,Test,CAT04,Electronics,2026-06-29,Post,25971.23,658
T1048,South,Test,CAT05,Beauty & Personal Care,2026-01-05,Pre,14686.8,385
T1048,South,Test,CAT05,Beauty & Personal Care,2026-01-12,Pre,12325.2,390
T1048,South,Test,CAT05,Beauty & Personal Care,2026-01-19,Pre,15530.15,439
T1048,South,Test,CAT05,Beauty & Personal Care,2026-01-26,Pre,15920.65,659
T1048,South,Test,CAT05,Beauty & Personal Care,2026-02-02,Pre,14296.21,678
T1048,South,Test,CAT05,Beauty & Personal Care,2026-02-09,Pre,15859.32,379
T1048,South,Test,CAT05,Beauty & Personal Care,2026-02-16,Pre,14172.71,355
T1048,South,Test,CAT05,Beauty & Personal Care,2026-02-23,Pre,12005.55,334
T1048,South,Test,CAT05,Beauty & Personal Care,2026-03-02,Pre,15231.69,389
T1048,South,Test,CAT05,Beauty & Personal Care,2026-03-09,Pre,14907.84,595
T1048,South,Test,CAT05,Beauty & Personal Care,2026-03-16,Pre,12570.08,332
T1048,South,Test,CAT05,Beauty & Personal Care,2026-03-23,Pre,14291.34,363
T1048,South,Test,CAT05,Beauty & Personal Care,2026-03-30,Pre,16125.0,664
T1048,South,Test,CAT05,Beauty & Personal Care,2026-04-06,Post,15063.98,346
T1048,South,Test,CAT05,Beauty & Personal Care,2026-04-13,Post,13638.03,355
T1048,South,Test,CAT05,Beauty & Personal Care,2026-04-20,Post,16243.75,378
T1048,South,Test,CAT05,Beauty & Personal Care,2026-04-27,Post,13905.29,554
T1048,South,Test,CAT05,Beauty & Personal Care,2026-05-04,Post,15113.46,579
T1048,South,Test,CAT05,Beauty & Personal Care,2026-05-11,Post,13609.37,332
T1048,South,Test,CAT05,Beauty & Personal Care,2026-05-18,Post,16093.61,622
T1048,South,Test,CAT05,Beauty & Personal Care,2026-05-25,Post,14526.91,322
T1048,South,Test,CAT05,Beauty & Personal Care,2026-06-01,Post,15331.56,415
T1048,South,Test,CAT05,Beauty & Personal Care,2026-06-08,Post,15662.17,538
T1048,South,Test,CAT05,Beauty & Personal Care,2026-06-15,Post,15669.4,411
T1048,South,Test,CAT05,Beauty & Personal Care,2026-06-22,Post,14337.69,359
T1048,South,Test,CAT05,Beauty & Personal Care,2026-06-29,Post,14645.81,375
T1048,South,Test,CAT06,Toys,2026-01-05,Pre,10719.71,524
T1048,South,Test,CAT06,Toys,2026-01-12,Pre,9483.99,247
T1048,South,Test,CAT06,Toys,2026-01-19,Pre,11151.49,374
T1048,South,Test,CAT06,Toys,2026-01-26,Pre,10520.6,360
T1048,South,Test,CAT06,Toys,2026-02-02,Pre,10715.11,474
T1048,South,Test,CAT06,Toys,2026-02-09,Pre,10820.11,277
T1048,South,Test,CAT06,Toys,2026-02-16,Pre,9905.18,304
T1048,South,Test,CAT06,Toys,2026-02-23,Pre,10908.98,468
T1048,South,Test,CAT06,Toys,2026-03-02,Pre,11318.42,470
T1048,South,Test,CAT06,Toys,2026-03-09,Pre,10413.01,300
T1048,South,Test,CAT06,Toys,2026-03-16,Pre,10373.39,374
T1048,South,Test,CAT06,Toys,2026-03-23,Pre,12545.48,492
T1048,South,Test,CAT06,Toys,2026-03-30,Pre,10380.28,505
T1048,South,Test,CAT06,Toys,2026-04-06,Post,10785.01,357
T1048,South,Test,CAT06,Toys,2026-04-13,Post,12248.46,366
T1048,South,Test,CAT06,Toys,2026-04-20,Post,9967.36,265
T1048,South,Test,CAT06,Toys,2026-04-27,Post,11128.39,497
T1048,South,Test,CAT06,Toys,2026-05-04,Post,11695.59,332
T1048,South,Test,CAT06,Toys,2026-05-11,Post,11259.82,571
T1048,South,Test,CAT06,Toys,2026-05-18,Post,10014.98,249
T1048,South,Test,CAT06,Toys,2026-05-25,Post,10517.26,480
T1048,South,Test,CAT06,Toys,2026-06-01,Post,9984.99,473
T1048,South,Test,CAT06,Toys,2026-06-08,Post,11326.55,358
T1048,South,Test,CAT06,Toys,2026-06-15,Post,11828.98,314
T1048,South,Test,CAT06,Toys,2026-06-22,Post,11010.1,265
T1048,South,Test,CAT06,Toys,2026-06-29,Post,11332.22,414
T1048,South,Test,CAT07,Hardlines,2026-01-05,Pre,16019.52,640
T1048,South,Test,CAT07,Hardlines,2026-01-12,Pre,17885.16,600
T1048,South,Test,CAT07,Hardlines,2026-01-19,Pre,16791.18,378
T1048,South,Test,CAT07,Hardlines,2026-01-26,Pre,16700.95,442
T1048,South,Test,CAT07,Hardlines,2026-02-02,Pre,17877.68,873
T1048,South,Test,CAT07,Hardlines,2026-02-09,Pre,15149.81,499
T1048,South,Test,CAT07,Hardlines,2026-02-16,Pre,17041.88,477
T1048,South,Test,CAT07,Hardlines,2026-02-23,Pre,16239.21,554
T1048,South,Test,CAT07,Hardlines,2026-03-02,Pre,18567.75,822
T1048,South,Test,CAT07,Hardlines,2026-03-09,Pre,18240.46,969
T1048,South,Test,CAT07,Hardlines,2026-03-16,Pre,16427.72,544
T1048,South,Test,CAT07,Hardlines,2026-03-23,Pre,16799.14,827
T1048,South,Test,CAT07,Hardlines,2026-03-30,Pre,16081.27,588
T1048,South,Test,CAT07,Hardlines,2026-04-06,Post,18301.37,600
T1048,South,Test,CAT07,Hardlines,2026-04-13,Post,18072.83,738
T1048,South,Test,CAT07,Hardlines,2026-04-20,Post,17120.36,934
T1048,South,Test,CAT07,Hardlines,2026-04-27,Post,17172.21,531
T1048,South,Test,CAT07,Hardlines,2026-05-04,Post,16962.73,390
T1048,South,Test,CAT07,Hardlines,2026-05-11,Post,19196.32,501
T1048,South,Test,CAT07,Hardlines,2026-05-18,Post,17482.93,591
T1048,South,Test,CAT07,Hardlines,2026-05-25,Post,17198.45,427
T1048,South,Test,CAT07,Hardlines,2026-06-01,Post,18721.57,702
T1048,South,Test,CAT07,Hardlines,2026-06-08,Post,15030.8,391
T1048,South,Test,CAT07,Hardlines,2026-06-15,Post,17550.63,796
T1048,South,Test,CAT07,Hardlines,2026-06-22,Post,19112.7,908
T1048,South,Test,CAT07,Hardlines,2026-06-29,Post,20021.44,668
T1048,South,Test,CAT08,Softlines,2026-01-05,Pre,12313.65,288
T1048,South,Test,CAT08,Softlines,2026-01-12,Pre,13387.99,338
T1048,South,Test,CAT08,Softlines,2026-01-19,Pre,12406.86,613
T1048,South,Test,CAT08,Softlines,2026-01-26,Pre,14963.02,434
T1048,South,Test,CAT08,Softlines,2026-02-02,Pre,13229.66,414
T1048,South,Test,CAT08,Softlines,2026-02-09,Pre,13708.88,332
T1048,South,Test,CAT08,Softlines,2026-02-16,Pre,11262.82,349
T1048,South,Test,CAT08,Softlines,2026-02-23,Pre,12818.98,510
T1048,South,Test,CAT08,Softlines,2026-03-02,Pre,14009.24,311
T1048,South,Test,CAT08,Softlines,2026-03-09,Pre,12083.41,509
T1048,South,Test,CAT08,Softlines,2026-03-16,Pre,13539.82,450
T1048,South,Test,CAT08,Softlines,2026-03-23,Pre,14982.12,681
T1048,South,Test,CAT08,Softlines,2026-03-30,Pre,14282.83,586
T1048,South,Test,CAT08,Softlines,2026-04-06,Post,14063.41,367
T1048,South,Test,CAT08,Softlines,2026-04-13,Post,13220.79,445
T1048,South,Test,CAT08,Softlines,2026-04-20,Post,12571.24,559
T1048,South,Test,CAT08,Softlines,2026-04-27,Post,13652.01,706
T1048,South,Test,CAT08,Softlines,2026-05-04,Post,14395.88,661
T1048,South,Test,CAT08,Softlines,2026-05-11,Post,12924.66,699
T1048,South,Test,CAT08,Softlines,2026-05-18,Post,14654.88,433
T1048,South,Test,CAT08,Softlines,2026-05-25,Post,14114.07,362
T1048,South,Test,CAT08,Softlines,2026-06-01,Post,13218.25,405
T1048,South,Test,CAT08,Softlines,2026-06-08,Post,12471.61,323
T1048,South,Test,CAT08,Softlines,2026-06-15,Post,12721.22,416
T1048,South,Test,CAT08,Softlines,2026-06-22,Post,14025.49,328
T1048,South,Test,CAT08,Softlines,2026-06-29,Post,15318.88,573
T1049,Northeast,Test,CAT01,Grocery & Essentials,2026-01-05,Pre,38429.53,1265
T1049,Northeast,Test,CAT01,Grocery & Essentials,2026-01-12,Pre,50050.34,1257
T1049,Northeast,Test,CAT01,Grocery & Essentials,2026-01-19,Pre,41888.65,1193
T1049,Northeast,Test,CAT01,Grocery & Essentials,2026-01-26,Pre,42991.76,2383
T1049,Northeast,Test,CAT01,Grocery & Essentials,2026-02-02,Pre,44409.51,1360
T1049,Northeast,Test,CAT01,Grocery & Essentials,2026-02-09,Pre,41930.43,1289
T1049,Northeast,Test,CAT01,Grocery & Essentials,2026-02-16,Pre,41604.68,1128
T1049,Northeast,Test,CAT01,Grocery & Essentials,2026-02-23,Pre,39798.9,2013
T1049,Northeast,Test,CAT01,Grocery & Essentials,2026-03-02,Pre,43659.78,1839
T1049,Northeast,Test,CAT01,Grocery & Essentials,2026-03-09,Pre,45470.17,2412
T1049,Northeast,Test,CAT01,Grocery & Essentials,2026-03-16,Pre,45763.83,1212
T1049,Northeast,Test,CAT01,Grocery & Essentials,2026-03-23,Pre,39580.29,1004
T1049,Northeast,Test,CAT01,Grocery & Essentials,2026-03-30,Pre,47089.09,1620
T1049,Northeast,Test,CAT01,Grocery & Essentials,2026-04-06,Post,43560.41,1703
T1049,Northeast,Test,CAT01,Grocery & Essentials,2026-04-13,Post,45475.43,1036
T1049,Northeast,Test,CAT01,Grocery & Essentials,2026-04-20,Post,49081.75,2439
T1049,Northeast,Test,CAT01,Grocery & Essentials,2026-04-27,Post,46729.74,1853
T1049,Northeast,Test,CAT01,Grocery & Essentials,2026-05-04,Post,48469.06,1815
T1049,Northeast,Test,CAT01,Grocery & Essentials,2026-05-11,Post,47153.11,1963
T1049,Northeast,Test,CAT01,Grocery & Essentials,2026-05-18,Post,43571.51,1500
T1049,Northeast,Test,CAT01,Grocery & Essentials,2026-05-25,Post,40482.4,1263
T1049,Northeast,Test,CAT01,Grocery & Essentials,2026-06-01,Post,49940.56,1587
T1049,Northeast,Test,CAT01,Grocery & Essentials,2026-06-08,Post,48583.37,1103
T1049,Northeast,Test,CAT01,Grocery & Essentials,2026-06-15,Post,49971.27,1477
T1049,Northeast,Test,CAT01,Grocery & Essentials,2026-06-22,Post,50918.08,1809
T1049,Northeast,Test,CAT01,Grocery & Essentials,2026-06-29,Post,50486.0,1310
T1049,Northeast,Test,CAT02,Apparel & Accessories,2026-01-05,Pre,19392.21,619
T1049,Northeast,Test,CAT02,Apparel & Accessories,2026-01-12,Pre,18693.12,474
T1049,Northeast,Test,CAT02,Apparel & Accessories,2026-01-19,Pre,20705.16,652
T1049,Northeast,Test,CAT02,Apparel & Accessories,2026-01-26,Pre,17609.22,609
T1049,Northeast,Test,CAT02,Apparel & Accessories,2026-02-02,Pre,21118.15,994
T1049,Northeast,Test,CAT02,Apparel & Accessories,2026-02-09,Pre,20230.43,453
T1049,Northeast,Test,CAT02,Apparel & Accessories,2026-02-16,Pre,18480.86,682
T1049,Northeast,Test,CAT02,Apparel & Accessories,2026-02-23,Pre,19478.27,692
T1049,Northeast,Test,CAT02,Apparel & Accessories,2026-03-02,Pre,21532.46,923
T1049,Northeast,Test,CAT02,Apparel & Accessories,2026-03-09,Pre,22639.73,758
T1049,Northeast,Test,CAT02,Apparel & Accessories,2026-03-16,Pre,18589.39,703
T1049,Northeast,Test,CAT02,Apparel & Accessories,2026-03-23,Pre,20995.37,818
T1049,Northeast,Test,CAT02,Apparel & Accessories,2026-03-30,Pre,18728.85,429
T1049,Northeast,Test,CAT02,Apparel & Accessories,2026-04-06,Post,18432.98,694
T1049,Northeast,Test,CAT02,Apparel & Accessories,2026-04-13,Post,19813.7,486
T1049,Northeast,Test,CAT02,Apparel & Accessories,2026-04-20,Post,21497.16,828
T1049,Northeast,Test,CAT02,Apparel & Accessories,2026-04-27,Post,19787.12,490
T1049,Northeast,Test,CAT02,Apparel & Accessories,2026-05-04,Post,21638.02,692
T1049,Northeast,Test,CAT02,Apparel & Accessories,2026-05-11,Post,21867.04,1034
T1049,Northeast,Test,CAT02,Apparel & Accessories,2026-05-18,Post,19689.5,918
T1049,Northeast,Test,CAT02,Apparel & Accessories,2026-05-25,Post,19723.04,603
T1049,Northeast,Test,CAT02,Apparel & Accessories,2026-06-01,Post,20196.31,618
T1049,Northeast,Test,CAT02,Apparel & Accessories,2026-06-08,Post,20617.02,670
T1049,Northeast,Test,CAT02,Apparel & Accessories,2026-06-15,Post,20516.63,1050
T1049,Northeast,Test,CAT02,Apparel & Accessories,2026-06-22,Post,20901.75,575
T1049,Northeast,Test,CAT02,Apparel & Accessories,2026-06-29,Post,20228.5,823
T1049,Northeast,Test,CAT03,Home,2026-01-05,Pre,21280.23,811
T1049,Northeast,Test,CAT03,Home,2026-01-12,Pre,26367.78,907
T1049,Northeast,Test,CAT03,Home,2026-01-19,Pre,22316.71,506
T1049,Northeast,Test,CAT03,Home,2026-01-26,Pre,20748.62,878
T1049,Northeast,Test,CAT03,Home,2026-02-02,Pre,24701.69,954
T1049,Northeast,Test,CAT03,Home,2026-02-09,Pre,21968.16,820
T1049,Northeast,Test,CAT03,Home,2026-02-16,Pre,24714.64,592
T1049,Northeast,Test,CAT03,Home,2026-02-23,Pre,22690.28,1190
T1049,Northeast,Test,CAT03,Home,2026-03-02,Pre,27503.37,733
T1049,Northeast,Test,CAT03,Home,2026-03-09,Pre,26375.67,844
T1049,Northeast,Test,CAT03,Home,2026-03-16,Pre,23755.31,546
T1049,Northeast,Test,CAT03,Home,2026-03-23,Pre,25019.12,846
T1049,Northeast,Test,CAT03,Home,2026-03-30,Pre,24746.78,1075
T1049,Northeast,Test,CAT03,Home,2026-04-06,Post,23162.54,588
T1049,Northeast,Test,CAT03,Home,2026-04-13,Post,25607.44,654
T1049,Northeast,Test,CAT03,Home,2026-04-20,Post,24693.31,873
T1049,Northeast,Test,CAT03,Home,2026-04-27,Post,25026.02,563
T1049,Northeast,Test,CAT03,Home,2026-05-04,Post,25743.27,616
T1049,Northeast,Test,CAT03,Home,2026-05-11,Post,24663.04,775
T1049,Northeast,Test,CAT03,Home,2026-05-18,Post,23483.49,585
T1049,Northeast,Test,CAT03,Home,2026-05-25,Post,25882.06,632
T1049,Northeast,Test,CAT03,Home,2026-06-01,Post,26450.85,633
T1049,Northeast,Test,CAT03,Home,2026-06-08,Post,26558.41,651
T1049,Northeast,Test,CAT03,Home,2026-06-15,Post,26697.23,775
T1049,Northeast,Test,CAT03,Home,2026-06-22,Post,26026.29,888
T1049,Northeast,Test,CAT03,Home,2026-06-29,Post,22636.76,1106
T1049,Northeast,Test,CAT04,Electronics,2026-01-05,Pre,18237.02,528
T1049,Northeast,Test,CAT04,Electronics,2026-01-12,Pre,16694.79,878
T1049,Northeast,Test,CAT04,Electronics,2026-01-19,Pre,15507.04,367
T1049,Northeast,Test,CAT04,Electronics,2026-01-26,Pre,17004.58,807
T1049,Northeast,Test,CAT04,Electronics,2026-02-02,Pre,14804.76,661
T1049,Northeast,Test,CAT04,Electronics,2026-02-09,Pre,16792.68,447
T1049,Northeast,Test,CAT04,Electronics,2026-02-16,Pre,15863.78,449
T1049,Northeast,Test,CAT04,Electronics,2026-02-23,Pre,15034.95,556
T1049,Northeast,Test,CAT04,Electronics,2026-03-02,Pre,15076.8,511
T1049,Northeast,Test,CAT04,Electronics,2026-03-09,Pre,16861.92,511
T1049,Northeast,Test,CAT04,Electronics,2026-03-16,Pre,17068.46,428
T1049,Northeast,Test,CAT04,Electronics,2026-03-23,Pre,15465.96,534
T1049,Northeast,Test,CAT04,Electronics,2026-03-30,Pre,16251.36,363
T1049,Northeast,Test,CAT04,Electronics,2026-04-06,Post,20035.8,471
T1049,Northeast,Test,CAT04,Electronics,2026-04-13,Post,21455.26,860
T1049,Northeast,Test,CAT04,Electronics,2026-04-20,Post,19203.37,482
T1049,Northeast,Test,CAT04,Electronics,2026-04-27,Post,20333.29,898
T1049,Northeast,Test,CAT04,Electronics,2026-05-04,Post,19741.38,880
T1049,Northeast,Test,CAT04,Electronics,2026-05-11,Post,19861.75,862
T1049,Northeast,Test,CAT04,Electronics,2026-05-18,Post,20506.95,492
T1049,Northeast,Test,CAT04,Electronics,2026-05-25,Post,17240.94,519
T1049,Northeast,Test,CAT04,Electronics,2026-06-01,Post,19168.02,1038
T1049,Northeast,Test,CAT04,Electronics,2026-06-08,Post,19114.49,432
T1049,Northeast,Test,CAT04,Electronics,2026-06-15,Post,18813.36,422
T1049,Northeast,Test,CAT04,Electronics,2026-06-22,Post,19769.04,625
T1049,Northeast,Test,CAT04,Electronics,2026-06-29,Post,20018.4,560
T1049,Northeast,Test,CAT05,Beauty & Personal Care,2026-01-05,Pre,13152.04,453
T1049,Northeast,Test,CAT05,Beauty & Personal Care,2026-01-12,Pre,13363.23,299
T1049,Northeast,Test,CAT05,Beauty & Personal Care,2026-01-19,Pre,13656.6,569
T1049,Northeast,Test,CAT05,Beauty & Personal Care,2026-01-26,Pre,13004.25,487
T1049,Northeast,Test,CAT05,Beauty & Personal Care,2026-02-02,Pre,14248.3,700
T1049,Northeast,Test,CAT05,Beauty & Personal Care,2026-02-09,Pre,12301.75,280
T1049,Northeast,Test,CAT05,Beauty & Personal Care,2026-02-16,Pre,13852.29,366
T1049,Northeast,Test,CAT05,Beauty & Personal Care,2026-02-23,Pre,11332.07,540
T1049,Northeast,Test,CAT05,Beauty & Personal Care,2026-03-02,Pre,11413.94,399
T1049,Northeast,Test,CAT05,Beauty & Personal Care,2026-03-09,Pre,12055.2,384
T1049,Northeast,Test,CAT05,Beauty & Personal Care,2026-03-16,Pre,13057.58,523
T1049,Northeast,Test,CAT05,Beauty & Personal Care,2026-03-23,Pre,11425.68,599
T1049,Northeast,Test,CAT05,Beauty & Personal Care,2026-03-30,Pre,13127.75,702
T1049,Northeast,Test,CAT05,Beauty & Personal Care,2026-04-06,Post,12941.54,342
T1049,Northeast,Test,CAT05,Beauty & Personal Care,2026-04-13,Post,15295.49,687
T1049,Northeast,Test,CAT05,Beauty & Personal Care,2026-04-20,Post,12112.71,309
T1049,Northeast,Test,CAT05,Beauty & Personal Care,2026-04-27,Post,13580.4,630
T1049,Northeast,Test,CAT05,Beauty & Personal Care,2026-05-04,Post,14023.45,408
T1049,Northeast,Test,CAT05,Beauty & Personal Care,2026-05-11,Post,11880.14,275
T1049,Northeast,Test,CAT05,Beauty & Personal Care,2026-05-18,Post,15010.98,399
T1049,Northeast,Test,CAT05,Beauty & Personal Care,2026-05-25,Post,14351.23,390
T1049,Northeast,Test,CAT05,Beauty & Personal Care,2026-06-01,Post,14831.86,738
T1049,Northeast,Test,CAT05,Beauty & Personal Care,2026-06-08,Post,14019.82,505
T1049,Northeast,Test,CAT05,Beauty & Personal Care,2026-06-15,Post,13076.58,617
T1049,Northeast,Test,CAT05,Beauty & Personal Care,2026-06-22,Post,12434.9,319
T1049,Northeast,Test,CAT05,Beauty & Personal Care,2026-06-29,Post,11413.42,275
T1049,Northeast,Test,CAT06,Toys,2026-01-05,Pre,10030.55,354
T1049,Northeast,Test,CAT06,Toys,2026-01-12,Pre,9232.12,215
T1049,Northeast,Test,CAT06,Toys,2026-01-19,Pre,8189.29,239
T1049,Northeast,Test,CAT06,Toys,2026-01-26,Pre,9368.1,245
T1049,Northeast,Test,CAT06,Toys,2026-02-02,Pre,9615.59,213
T1049,Northeast,Test,CAT06,Toys,2026-02-09,Pre,10580.2,289
T1049,Northeast,Test,CAT06,Toys,2026-02-16,Pre,9535.02,381
T1049,Northeast,Test,CAT06,Toys,2026-02-23,Pre,9734.55,285
T1049,Northeast,Test,CAT06,Toys,2026-03-02,Pre,9783.44,261
T1049,Northeast,Test,CAT06,Toys,2026-03-09,Pre,10492.81,462
T1049,Northeast,Test,CAT06,Toys,2026-03-16,Pre,9357.82,415
T1049,Northeast,Test,CAT06,Toys,2026-03-23,Pre,10181.0,237
T1049,Northeast,Test,CAT06,Toys,2026-03-30,Pre,9575.84,424
T1049,Northeast,Test,CAT06,Toys,2026-04-06,Post,10892.9,318
T1049,Northeast,Test,CAT06,Toys,2026-04-13,Post,11118.03,294
T1049,Northeast,Test,CAT06,Toys,2026-04-20,Post,10150.39,403
T1049,Northeast,Test,CAT06,Toys,2026-04-27,Post,10323.26,281
T1049,Northeast,Test,CAT06,Toys,2026-05-04,Post,9960.95,356
T1049,Northeast,Test,CAT06,Toys,2026-05-11,Post,8889.98,322
T1049,Northeast,Test,CAT06,Toys,2026-05-18,Post,10206.83,265
T1049,Northeast,Test,CAT06,Toys,2026-05-25,Post,10177.8,231
T1049,Northeast,Test,CAT06,Toys,2026-06-01,Post,10017.47,239
T1049,Northeast,Test,CAT06,Toys,2026-06-08,Post,10133.86,306
T1049,Northeast,Test,CAT06,Toys,2026-06-15,Post,10659.22,275
T1049,Northeast,Test,CAT06,Toys,2026-06-22,Post,10635.53,413
T1049,Northeast,Test,CAT06,Toys,2026-06-29,Post,10264.62,243
T1049,Northeast,Test,CAT07,Hardlines,2026-01-05,Pre,16215.49,534
T1049,Northeast,Test,CAT07,Hardlines,2026-01-12,Pre,12815.25,326
T1049,Northeast,Test,CAT07,Hardlines,2026-01-19,Pre,14156.13,477
T1049,Northeast,Test,CAT07,Hardlines,2026-01-26,Pre,15788.55,408
T1049,Northeast,Test,CAT07,Hardlines,2026-02-02,Pre,13605.84,302
T1049,Northeast,Test,CAT07,Hardlines,2026-02-09,Pre,13295.29,376
T1049,Northeast,Test,CAT07,Hardlines,2026-02-16,Pre,13054.06,429
T1049,Northeast,Test,CAT07,Hardlines,2026-02-23,Pre,14424.57,533
T1049,Northeast,Test,CAT07,Hardlines,2026-03-02,Pre,15142.64,775
T1049,Northeast,Test,CAT07,Hardlines,2026-03-09,Pre,14762.04,392
T1049,Northeast,Test,CAT07,Hardlines,2026-03-16,Pre,15532.65,836
T1049,Northeast,Test,CAT07,Hardlines,2026-03-23,Pre,13384.2,574
T1049,Northeast,Test,CAT07,Hardlines,2026-03-30,Pre,14601.72,335
T1049,Northeast,Test,CAT07,Hardlines,2026-04-06,Post,16220.26,566
T1049,Northeast,Test,CAT07,Hardlines,2026-04-13,Post,16025.02,761
T1049,Northeast,Test,CAT07,Hardlines,2026-04-20,Post,14956.65,338
T1049,Northeast,Test,CAT07,Hardlines,2026-04-27,Post,15812.16,714
T1049,Northeast,Test,CAT07,Hardlines,2026-05-04,Post,15647.9,707
T1049,Northeast,Test,CAT07,Hardlines,2026-05-11,Post,15738.42,435
T1049,Northeast,Test,CAT07,Hardlines,2026-05-18,Post,16160.15,401
T1049,Northeast,Test,CAT07,Hardlines,2026-05-25,Post,17769.4,658
T1049,Northeast,Test,CAT07,Hardlines,2026-06-01,Post,17865.76,516
T1049,Northeast,Test,CAT07,Hardlines,2026-06-08,Post,14202.09,388
T1049,Northeast,Test,CAT07,Hardlines,2026-06-15,Post,15789.21,379
T1049,Northeast,Test,CAT07,Hardlines,2026-06-22,Post,14827.65,514
T1049,Northeast,Test,CAT07,Hardlines,2026-06-29,Post,16618.42,664
T1049,Northeast,Test,CAT08,Softlines,2026-01-05,Pre,11404.32,446
T1049,Northeast,Test,CAT08,Softlines,2026-01-12,Pre,12464.49,328
T1049,Northeast,Test,CAT08,Softlines,2026-01-19,Pre,11661.98,574
T1049,Northeast,Test,CAT08,Softlines,2026-01-26,Pre,12936.22,324
T1049,Northeast,Test,CAT08,Softlines,2026-02-02,Pre,13197.54,431
T1049,Northeast,Test,CAT08,Softlines,2026-02-09,Pre,13001.28,466
T1049,Northeast,Test,CAT08,Softlines,2026-02-16,Pre,10072.08,504
T1049,Northeast,Test,CAT08,Softlines,2026-02-23,Pre,12121.03,414
T1049,Northeast,Test,CAT08,Softlines,2026-03-02,Pre,11649.39,620
T1049,Northeast,Test,CAT08,Softlines,2026-03-09,Pre,11816.18,383
T1049,Northeast,Test,CAT08,Softlines,2026-03-16,Pre,12748.87,356
T1049,Northeast,Test,CAT08,Softlines,2026-03-23,Pre,11840.76,354
T1049,Northeast,Test,CAT08,Softlines,2026-03-30,Pre,12177.46,437
T1049,Northeast,Test,CAT08,Softlines,2026-04-06,Post,12271.68,296
T1049,Northeast,Test,CAT08,Softlines,2026-04-13,Post,10590.62,354
T1049,Northeast,Test,CAT08,Softlines,2026-04-20,Post,11894.73,350
T1049,Northeast,Test,CAT08,Softlines,2026-04-27,Post,13277.64,432
T1049,Northeast,Test,CAT08,Softlines,2026-05-04,Post,10596.35,553
T1049,Northeast,Test,CAT08,Softlines,2026-05-11,Post,12888.64,395
T1049,Northeast,Test,CAT08,Softlines,2026-05-18,Post,11693.95,386
T1049,Northeast,Test,CAT08,Softlines,2026-05-25,Post,12171.8,655
T1049,Northeast,Test,CAT08,Softlines,2026-06-01,Post,13210.59,372
T1049,Northeast,Test,CAT08,Softlines,2026-06-08,Post,11626.92,298
T1049,Northeast,Test,CAT08,Softlines,2026-06-15,Post,12380.71,604
T1049,Northeast,Test,CAT08,Softlines,2026-06-22,Post,11243.41,262
T1049,Northeast,Test,CAT08,Softlines,2026-06-29,Post,13093.97,446
T1050,Northeast,Control,CAT01,Grocery & Essentials,2026-01-05,Pre,51742.39,2445
T1050,Northeast,Control,CAT01,Grocery & Essentials,2026-01-12,Pre,47789.39,2218
T1050,Northeast,Control,CAT01,Grocery & Essentials,2026-01-19,Pre,52485.62,1532
T1050,Northeast,Control,CAT01,Grocery & Essentials,2026-01-26,Pre,47913.15,2141
T1050,Northeast,Control,CAT01,Grocery & Essentials,2026-02-02,Pre,55433.69,1458
T1050,Northeast,Control,CAT01,Grocery & Essentials,2026-02-09,Pre,52665.87,1628
T1050,Northeast,Control,CAT01,Grocery & Essentials,2026-02-16,Pre,51442.08,2005
T1050,Northeast,Control,CAT01,Grocery & Essentials,2026-02-23,Pre,47613.34,1596
T1050,Northeast,Control,CAT01,Grocery & Essentials,2026-03-02,Pre,58064.24,1863
T1050,Northeast,Control,CAT01,Grocery & Essentials,2026-03-09,Pre,56096.27,2891
T1050,Northeast,Control,CAT01,Grocery & Essentials,2026-03-16,Pre,46378.75,1115
T1050,Northeast,Control,CAT01,Grocery & Essentials,2026-03-23,Pre,52217.34,1667
T1050,Northeast,Control,CAT01,Grocery & Essentials,2026-03-30,Pre,52409.97,1281
T1050,Northeast,Control,CAT01,Grocery & Essentials,2026-04-06,Post,55213.49,2167
T1050,Northeast,Control,CAT01,Grocery & Essentials,2026-04-13,Post,53904.43,1336
T1050,Northeast,Control,CAT01,Grocery & Essentials,2026-04-20,Post,43950.07,994
T1050,Northeast,Control,CAT01,Grocery & Essentials,2026-04-27,Post,52054.67,1516
T1050,Northeast,Control,CAT01,Grocery & Essentials,2026-05-04,Post,56281.02,2432
T1050,Northeast,Control,CAT01,Grocery & Essentials,2026-05-11,Post,57757.69,1541
T1050,Northeast,Control,CAT01,Grocery & Essentials,2026-05-18,Post,51476.84,1656
T1050,Northeast,Control,CAT01,Grocery & Essentials,2026-05-25,Post,53988.56,1808
T1050,Northeast,Control,CAT01,Grocery & Essentials,2026-06-01,Post,47267.29,2168
T1050,Northeast,Control,CAT01,Grocery & Essentials,2026-06-08,Post,59259.27,1429
T1050,Northeast,Control,CAT01,Grocery & Essentials,2026-06-15,Post,58603.37,2824
T1050,Northeast,Control,CAT01,Grocery & Essentials,2026-06-22,Post,45262.19,1445
T1050,Northeast,Control,CAT01,Grocery & Essentials,2026-06-29,Post,57543.89,1430
T1050,Northeast,Control,CAT02,Apparel & Accessories,2026-01-05,Pre,20111.12,490
T1050,Northeast,Control,CAT02,Apparel & Accessories,2026-01-12,Pre,24751.63,560
T1050,Northeast,Control,CAT02,Apparel & Accessories,2026-01-19,Pre,21607.57,572
T1050,Northeast,Control,CAT02,Apparel & Accessories,2026-01-26,Pre,23375.6,761
T1050,Northeast,Control,CAT02,Apparel & Accessories,2026-02-02,Pre,22611.63,719
T1050,Northeast,Control,CAT02,Apparel & Accessories,2026-02-09,Pre,23456.73,569
T1050,Northeast,Control,CAT02,Apparel & Accessories,2026-02-16,Pre,19587.9,518
T1050,Northeast,Control,CAT02,Apparel & Accessories,2026-02-23,Pre,18604.7,768
T1050,Northeast,Control,CAT02,Apparel & Accessories,2026-03-02,Pre,21610.31,735
T1050,Northeast,Control,CAT02,Apparel & Accessories,2026-03-09,Pre,23512.52,609
T1050,Northeast,Control,CAT02,Apparel & Accessories,2026-03-16,Pre,23509.01,733
T1050,Northeast,Control,CAT02,Apparel & Accessories,2026-03-23,Pre,24020.37,979
T1050,Northeast,Control,CAT02,Apparel & Accessories,2026-03-30,Pre,20808.63,507
T1050,Northeast,Control,CAT02,Apparel & Accessories,2026-04-06,Post,22381.6,560
T1050,Northeast,Control,CAT02,Apparel & Accessories,2026-04-13,Post,22528.43,563
T1050,Northeast,Control,CAT02,Apparel & Accessories,2026-04-20,Post,24646.19,896
T1050,Northeast,Control,CAT02,Apparel & Accessories,2026-04-27,Post,24051.01,776
T1050,Northeast,Control,CAT02,Apparel & Accessories,2026-05-04,Post,23921.4,828
T1050,Northeast,Control,CAT02,Apparel & Accessories,2026-05-11,Post,25051.54,791
T1050,Northeast,Control,CAT02,Apparel & Accessories,2026-05-18,Post,23006.38,790
T1050,Northeast,Control,CAT02,Apparel & Accessories,2026-05-25,Post,24660.5,560
T1050,Northeast,Control,CAT02,Apparel & Accessories,2026-06-01,Post,20906.29,1142
T1050,Northeast,Control,CAT02,Apparel & Accessories,2026-06-08,Post,22063.25,504
T1050,Northeast,Control,CAT02,Apparel & Accessories,2026-06-15,Post,25146.13,866
T1050,Northeast,Control,CAT02,Apparel & Accessories,2026-06-22,Post,22790.51,563
T1050,Northeast,Control,CAT02,Apparel & Accessories,2026-06-29,Post,23879.36,1149
T1050,Northeast,Control,CAT03,Home,2026-01-05,Pre,30106.3,868
T1050,Northeast,Control,CAT03,Home,2026-01-12,Pre,27327.47,1305
T1050,Northeast,Control,CAT03,Home,2026-01-19,Pre,27451.59,629
T1050,Northeast,Control,CAT03,Home,2026-01-26,Pre,25822.51,691
T1050,Northeast,Control,CAT03,Home,2026-02-02,Pre,27198.81,690
T1050,Northeast,Control,CAT03,Home,2026-02-09,Pre,24611.91,573
T1050,Northeast,Control,CAT03,Home,2026-02-16,Pre,27833.82,708
T1050,Northeast,Control,CAT03,Home,2026-02-23,Pre,27482.37,857
T1050,Northeast,Control,CAT03,Home,2026-03-02,Pre,25243.21,804
T1050,Northeast,Control,CAT03,Home,2026-03-09,Pre,27628.38,1456
T1050,Northeast,Control,CAT03,Home,2026-03-16,Pre,28304.7,664
T1050,Northeast,Control,CAT03,Home,2026-03-23,Pre,27497.83,884
T1050,Northeast,Control,CAT03,Home,2026-03-30,Pre,29137.31,730
T1050,Northeast,Control,CAT03,Home,2026-04-06,Post,26151.89,603
T1050,Northeast,Control,CAT03,Home,2026-04-13,Post,28295.28,1414
T1050,Northeast,Control,CAT03,Home,2026-04-20,Post,29513.29,1020
T1050,Northeast,Control,CAT03,Home,2026-04-27,Post,27757.97,1041
T1050,Northeast,Control,CAT03,Home,2026-05-04,Post,32702.22,978
T1050,Northeast,Control,CAT03,Home,2026-05-11,Post,26114.75,957
T1050,Northeast,Control,CAT03,Home,2026-05-18,Post,28105.41,1185
T1050,Northeast,Control,CAT03,Home,2026-05-25,Post,27758.86,1410
T1050,Northeast,Control,CAT03,Home,2026-06-01,Post,29017.35,959
T1050,Northeast,Control,CAT03,Home,2026-06-08,Post,27593.71,925
T1050,Northeast,Control,CAT03,Home,2026-06-15,Post,29432.8,980
T1050,Northeast,Control,CAT03,Home,2026-06-22,Post,28985.82,744
T1050,Northeast,Control,CAT03,Home,2026-06-29,Post,30674.27,755
T1050,Northeast,Control,CAT04,Electronics,2026-01-05,Pre,17824.94,587
T1050,Northeast,Control,CAT04,Electronics,2026-01-12,Pre,17730.45,408
T1050,Northeast,Control,CAT04,Electronics,2026-01-19,Pre,17756.42,567
T1050,Northeast,Control,CAT04,Electronics,2026-01-26,Pre,18173.91,405
T1050,Northeast,Control,CAT04,Electronics,2026-02-02,Pre,19197.5,854
T1050,Northeast,Control,CAT04,Electronics,2026-02-09,Pre,15790.38,424
T1050,Northeast,Control,CAT04,Electronics,2026-02-16,Pre,19161.54,716
T1050,Northeast,Control,CAT04,Electronics,2026-02-23,Pre,19800.49,524
T1050,Northeast,Control,CAT04,Electronics,2026-03-02,Pre,18631.36,839
T1050,Northeast,Control,CAT04,Electronics,2026-03-09,Pre,15858.32,416
T1050,Northeast,Control,CAT04,Electronics,2026-03-16,Pre,21653.31,688
T1050,Northeast,Control,CAT04,Electronics,2026-03-23,Pre,18804.02,692
T1050,Northeast,Control,CAT04,Electronics,2026-03-30,Pre,20259.35,1039
T1050,Northeast,Control,CAT04,Electronics,2026-04-06,Post,19853.25,560
T1050,Northeast,Control,CAT04,Electronics,2026-04-13,Post,19408.88,467
T1050,Northeast,Control,CAT04,Electronics,2026-04-20,Post,20800.31,524
T1050,Northeast,Control,CAT04,Electronics,2026-04-27,Post,18173.94,406
T1050,Northeast,Control,CAT04,Electronics,2026-05-04,Post,19029.9,577
T1050,Northeast,Control,CAT04,Electronics,2026-05-11,Post,20149.93,694
T1050,Northeast,Control,CAT04,Electronics,2026-05-18,Post,19335.75,832
T1050,Northeast,Control,CAT04,Electronics,2026-05-25,Post,20270.02,1112
T1050,Northeast,Control,CAT04,Electronics,2026-06-01,Post,22131.4,731
T1050,Northeast,Control,CAT04,Electronics,2026-06-08,Post,19289.33,444
T1050,Northeast,Control,CAT04,Electronics,2026-06-15,Post,21041.19,837
T1050,Northeast,Control,CAT04,Electronics,2026-06-22,Post,18443.07,590
T1050,Northeast,Control,CAT04,Electronics,2026-06-29,Post,21854.58,531
T1050,Northeast,Control,CAT05,Beauty & Personal Care,2026-01-05,Pre,16186.21,364
T1050,Northeast,Control,CAT05,Beauty & Personal Care,2026-01-12,Pre,16443.16,367
T1050,Northeast,Control,CAT05,Beauty & Personal Care,2026-01-19,Pre,15601.52,429
T1050,Northeast,Control,CAT05,Beauty & Personal Care,2026-01-26,Pre,12890.49,335
T1050,Northeast,Control,CAT05,Beauty & Personal Care,2026-02-02,Pre,15381.69,717
T1050,Northeast,Control,CAT05,Beauty & Personal Care,2026-02-09,Pre,12931.25,510
T1050,Northeast,Control,CAT05,Beauty & Personal Care,2026-02-16,Pre,15634.96,416
T1050,Northeast,Control,CAT05,Beauty & Personal Care,2026-02-23,Pre,15191.81,514
T1050,Northeast,Control,CAT05,Beauty & Personal Care,2026-03-02,Pre,16255.89,402
T1050,Northeast,Control,CAT05,Beauty & Personal Care,2026-03-09,Pre,14734.23,656
T1050,Northeast,Control,CAT05,Beauty & Personal Care,2026-03-16,Pre,15421.66,352
T1050,Northeast,Control,CAT05,Beauty & Personal Care,2026-03-23,Pre,15825.1,381
T1050,Northeast,Control,CAT05,Beauty & Personal Care,2026-03-30,Pre,12811.39,541
T1050,Northeast,Control,CAT05,Beauty & Personal Care,2026-04-06,Post,15892.59,732
T1050,Northeast,Control,CAT05,Beauty & Personal Care,2026-04-13,Post,12981.84,338
T1050,Northeast,Control,CAT05,Beauty & Personal Care,2026-04-20,Post,14714.89,467
T1050,Northeast,Control,CAT05,Beauty & Personal Care,2026-04-27,Post,15951.88,368
T1050,Northeast,Control,CAT05,Beauty & Personal Care,2026-05-04,Post,13360.21,339
T1050,Northeast,Control,CAT05,Beauty & Personal Care,2026-05-11,Post,16423.55,387
T1050,Northeast,Control,CAT05,Beauty & Personal Care,2026-05-18,Post,16383.08,740
T1050,Northeast,Control,CAT05,Beauty & Personal Care,2026-05-25,Post,16955.92,451
T1050,Northeast,Control,CAT05,Beauty & Personal Care,2026-06-01,Post,14018.97,513
T1050,Northeast,Control,CAT05,Beauty & Personal Care,2026-06-08,Post,18154.13,450
T1050,Northeast,Control,CAT05,Beauty & Personal Care,2026-06-15,Post,14542.91,615
T1050,Northeast,Control,CAT05,Beauty & Personal Care,2026-06-22,Post,16243.88,467
T1050,Northeast,Control,CAT05,Beauty & Personal Care,2026-06-29,Post,15713.2,376
T1050,Northeast,Control,CAT06,Toys,2026-01-05,Pre,10887.08,272
T1050,Northeast,Control,CAT06,Toys,2026-01-12,Pre,12413.07,648
T1050,Northeast,Control,CAT06,Toys,2026-01-19,Pre,10170.0,260
T1050,Northeast,Control,CAT06,Toys,2026-01-26,Pre,12354.2,287
T1050,Northeast,Control,CAT06,Toys,2026-02-02,Pre,11794.37,297
T1050,Northeast,Control,CAT06,Toys,2026-02-09,Pre,11192.21,485
T1050,Northeast,Control,CAT06,Toys,2026-02-16,Pre,11227.91,263
T1050,Northeast,Control,CAT06,Toys,2026-02-23,Pre,11742.69,385
T1050,Northeast,Control,CAT06,Toys,2026-03-02,Pre,10999.24,355
T1050,Northeast,Control,CAT06,Toys,2026-03-09,Pre,11190.29,604
T1050,Northeast,Control,CAT06,Toys,2026-03-16,Pre,11555.74,327
T1050,Northeast,Control,CAT06,Toys,2026-03-23,Pre,12629.74,299
T1050,Northeast,Control,CAT06,Toys,2026-03-30,Pre,11398.12,587
T1050,Northeast,Control,CAT06,Toys,2026-04-06,Post,10116.88,312
T1050,Northeast,Control,CAT06,Toys,2026-04-13,Post,11768.77,267
T1050,Northeast,Control,CAT06,Toys,2026-04-20,Post,11577.76,457
T1050,Northeast,Control,CAT06,Toys,2026-04-27,Post,11148.04,259
T1050,Northeast,Control,CAT06,Toys,2026-05-04,Post,12033.29,649
T1050,Northeast,Control,CAT06,Toys,2026-05-11,Post,11259.41,468
T1050,Northeast,Control,CAT06,Toys,2026-05-18,Post,11681.87,320
T1050,Northeast,Control,CAT06,Toys,2026-05-25,Post,12004.12,369
T1050,Northeast,Control,CAT06,Toys,2026-06-01,Post,12133.26,492
T1050,Northeast,Control,CAT06,Toys,2026-06-08,Post,12329.83,310
T1050,Northeast,Control,CAT06,Toys,2026-06-15,Post,12499.21,566
T1050,Northeast,Control,CAT06,Toys,2026-06-22,Post,12162.99,368
T1050,Northeast,Control,CAT06,Toys,2026-06-29,Post,10743.97,332
T1050,Northeast,Control,CAT07,Hardlines,2026-01-05,Pre,17456.96,540
T1050,Northeast,Control,CAT07,Hardlines,2026-01-12,Pre,18352.25,455
T1050,Northeast,Control,CAT07,Hardlines,2026-01-19,Pre,15049.48,461
T1050,Northeast,Control,CAT07,Hardlines,2026-01-26,Pre,15387.42,390
T1050,Northeast,Control,CAT07,Hardlines,2026-02-02,Pre,16404.44,615
T1050,Northeast,Control,CAT07,Hardlines,2026-02-09,Pre,18557.07,805
T1050,Northeast,Control,CAT07,Hardlines,2026-02-16,Pre,16465.16,502
T1050,Northeast,Control,CAT07,Hardlines,2026-02-23,Pre,18722.29,548
T1050,Northeast,Control,CAT07,Hardlines,2026-03-02,Pre,17935.54,478
T1050,Northeast,Control,CAT07,Hardlines,2026-03-09,Pre,16978.96,389
T1050,Northeast,Control,CAT07,Hardlines,2026-03-16,Pre,21459.49,1162
T1050,Northeast,Control,CAT07,Hardlines,2026-03-23,Pre,16239.95,691
T1050,Northeast,Control,CAT07,Hardlines,2026-03-30,Pre,17944.05,741
T1050,Northeast,Control,CAT07,Hardlines,2026-04-06,Post,16768.89,733
T1050,Northeast,Control,CAT07,Hardlines,2026-04-13,Post,18496.15,852
T1050,Northeast,Control,CAT07,Hardlines,2026-04-20,Post,16951.07,725
T1050,Northeast,Control,CAT07,Hardlines,2026-04-27,Post,17608.79,467
T1050,Northeast,Control,CAT07,Hardlines,2026-05-04,Post,17301.29,854
T1050,Northeast,Control,CAT07,Hardlines,2026-05-11,Post,17975.92,745
T1050,Northeast,Control,CAT07,Hardlines,2026-05-18,Post,19654.39,682
T1050,Northeast,Control,CAT07,Hardlines,2026-05-25,Post,16624.69,422
T1050,Northeast,Control,CAT07,Hardlines,2026-06-01,Post,17450.62,782
T1050,Northeast,Control,CAT07,Hardlines,2026-06-08,Post,18060.76,831
T1050,Northeast,Control,CAT07,Hardlines,2026-06-15,Post,18364.87,914
T1050,Northeast,Control,CAT07,Hardlines,2026-06-22,Post,20517.17,968
T1050,Northeast,Control,CAT07,Hardlines,2026-06-29,Post,17766.87,959
T1050,Northeast,Control,CAT08,Softlines,2026-01-05,Pre,14304.33,505
T1050,Northeast,Control,CAT08,Softlines,2026-01-12,Pre,14909.89,483
T1050,Northeast,Control,CAT08,Softlines,2026-01-19,Pre,13379.17,455
T1050,Northeast,Control,CAT08,Softlines,2026-01-26,Pre,12613.32,464
T1050,Northeast,Control,CAT08,Softlines,2026-02-02,Pre,14794.18,789
T1050,Northeast,Control,CAT08,Softlines,2026-02-09,Pre,14495.99,418
T1050,Northeast,Control,CAT08,Softlines,2026-02-16,Pre,12675.0,291
T1050,Northeast,Control,CAT08,Softlines,2026-02-23,Pre,15447.4,369
T1050,Northeast,Control,CAT08,Softlines,2026-03-02,Pre,13180.98,426
T1050,Northeast,Control,CAT08,Softlines,2026-03-09,Pre,13735.92,576
T1050,Northeast,Control,CAT08,Softlines,2026-03-16,Pre,14595.08,459
T1050,Northeast,Control,CAT08,Softlines,2026-03-23,Pre,15535.0,636
T1050,Northeast,Control,CAT08,Softlines,2026-03-30,Pre,14362.22,470
T1050,Northeast,Control,CAT08,Softlines,2026-04-06,Post,13843.56,704
T1050,Northeast,Control,CAT08,Softlines,2026-04-13,Post,13752.1,313
T1050,Northeast,Control,CAT08,Softlines,2026-04-20,Post,13947.88,606
T1050,Northeast,Control,CAT08,Softlines,2026-04-27,Post,16632.12,633
T1050,Northeast,Control,CAT08,Softlines,2026-05-04,Post,14779.19,454
T1050,Northeast,Control,CAT08,Softlines,2026-05-11,Post,14544.52,524
T1050,Northeast,Control,CAT08,Softlines,2026-05-18,Post,15303.57,517
T1050,Northeast,Control,CAT08,Softlines,2026-05-25,Post,14280.65,457
T1050,Northeast,Control,CAT08,Softlines,2026-06-01,Post,16063.53,381
T1050,Northeast,Control,CAT08,Softlines,2026-06-08,Post,15146.39,351
T1050,Northeast,Control,CAT08,Softlines,2026-06-15,Post,14344.59,535
T1050,Northeast,Control,CAT08,Softlines,2026-06-22,Post,14185.34,763
T1050,Northeast,Control,CAT08,Softlines,2026-06-29,Post,13018.29,646
T1051,Northeast,Control,CAT01,Grocery & Essentials,2026-01-05,Pre,43428.76,1139
T1051,Northeast,Control,CAT01,Grocery & Essentials,2026-01-12,Pre,42854.04,1069
T1051,Northeast,Control,CAT01,Grocery & Essentials,2026-01-19,Pre,41931.35,1383
T1051,Northeast,Control,CAT01,Grocery & Essentials,2026-01-26,Pre,36480.48,849
T1051,Northeast,Control,CAT01,Grocery & Essentials,2026-02-02,Pre,46711.76,1068
T1051,Northeast,Control,CAT01,Grocery & Essentials,2026-02-09,Pre,41906.79,1126
T1051,Northeast,Control,CAT01,Grocery & Essentials,2026-02-16,Pre,45674.27,1681
T1051,Northeast,Control,CAT01,Grocery & Essentials,2026-02-23,Pre,46216.28,1633
T1051,Northeast,Control,CAT01,Grocery & Essentials,2026-03-02,Pre,48811.15,1279
T1051,Northeast,Control,CAT01,Grocery & Essentials,2026-03-09,Pre,39712.04,947
T1051,Northeast,Control,CAT01,Grocery & Essentials,2026-03-16,Pre,45054.3,2028
T1051,Northeast,Control,CAT01,Grocery & Essentials,2026-03-23,Pre,48480.16,1666
T1051,Northeast,Control,CAT01,Grocery & Essentials,2026-03-30,Pre,51676.41,1411
T1051,Northeast,Control,CAT01,Grocery & Essentials,2026-04-06,Post,50079.25,1336
T1051,Northeast,Control,CAT01,Grocery & Essentials,2026-04-13,Post,43297.02,1062
T1051,Northeast,Control,CAT01,Grocery & Essentials,2026-04-20,Post,50326.01,1122
T1051,Northeast,Control,CAT01,Grocery & Essentials,2026-04-27,Post,43198.32,1151
T1051,Northeast,Control,CAT01,Grocery & Essentials,2026-05-04,Post,55350.94,1367
T1051,Northeast,Control,CAT01,Grocery & Essentials,2026-05-11,Post,45947.2,1567
T1051,Northeast,Control,CAT01,Grocery & Essentials,2026-05-18,Post,43022.17,1596
T1051,Northeast,Control,CAT01,Grocery & Essentials,2026-05-25,Post,41102.51,1757
T1051,Northeast,Control,CAT01,Grocery & Essentials,2026-06-01,Post,44691.39,1254
T1051,Northeast,Control,CAT01,Grocery & Essentials,2026-06-08,Post,44652.09,1111
T1051,Northeast,Control,CAT01,Grocery & Essentials,2026-06-15,Post,49121.97,1252
T1051,Northeast,Control,CAT01,Grocery & Essentials,2026-06-22,Post,50950.07,1980
T1051,Northeast,Control,CAT01,Grocery & Essentials,2026-06-29,Post,45822.6,1063
T1051,Northeast,Control,CAT02,Apparel & Accessories,2026-01-05,Pre,15425.18,379
T1051,Northeast,Control,CAT02,Apparel & Accessories,2026-01-12,Pre,17763.84,412
T1051,Northeast,Control,CAT02,Apparel & Accessories,2026-01-19,Pre,21344.65,948
T1051,Northeast,Control,CAT02,Apparel & Accessories,2026-01-26,Pre,20107.19,629
T1051,Northeast,Control,CAT02,Apparel & Accessories,2026-02-02,Pre,19427.86,491
T1051,Northeast,Control,CAT02,Apparel & Accessories,2026-02-09,Pre,18592.59,599
T1051,Northeast,Control,CAT02,Apparel & Accessories,2026-02-16,Pre,20311.63,1064
T1051,Northeast,Control,CAT02,Apparel & Accessories,2026-02-23,Pre,17742.52,490
T1051,Northeast,Control,CAT02,Apparel & Accessories,2026-03-02,Pre,20538.98,680
T1051,Northeast,Control,CAT02,Apparel & Accessories,2026-03-09,Pre,20042.52,497
T1051,Northeast,Control,CAT02,Apparel & Accessories,2026-03-16,Pre,20389.47,607
T1051,Northeast,Control,CAT02,Apparel & Accessories,2026-03-23,Pre,19678.24,476
T1051,Northeast,Control,CAT02,Apparel & Accessories,2026-03-30,Pre,17711.88,579
T1051,Northeast,Control,CAT02,Apparel & Accessories,2026-04-06,Post,18191.92,898
T1051,Northeast,Control,CAT02,Apparel & Accessories,2026-04-13,Post,20509.17,594
T1051,Northeast,Control,CAT02,Apparel & Accessories,2026-04-20,Post,20430.5,479
T1051,Northeast,Control,CAT02,Apparel & Accessories,2026-04-27,Post,19133.37,650
T1051,Northeast,Control,CAT02,Apparel & Accessories,2026-05-04,Post,19177.94,824
T1051,Northeast,Control,CAT02,Apparel & Accessories,2026-05-11,Post,21746.11,490
T1051,Northeast,Control,CAT02,Apparel & Accessories,2026-05-18,Post,20091.77,522
T1051,Northeast,Control,CAT02,Apparel & Accessories,2026-05-25,Post,19012.49,584
T1051,Northeast,Control,CAT02,Apparel & Accessories,2026-06-01,Post,22251.26,514
T1051,Northeast,Control,CAT02,Apparel & Accessories,2026-06-08,Post,22171.99,520
T1051,Northeast,Control,CAT02,Apparel & Accessories,2026-06-15,Post,20387.9,513
T1051,Northeast,Control,CAT02,Apparel & Accessories,2026-06-22,Post,20752.5,639
T1051,Northeast,Control,CAT02,Apparel & Accessories,2026-06-29,Post,21861.26,537
T1051,Northeast,Control,CAT03,Home,2026-01-05,Pre,23858.74,915
T1051,Northeast,Control,CAT03,Home,2026-01-12,Pre,20689.06,773
T1051,Northeast,Control,CAT03,Home,2026-01-19,Pre,25352.96,1405
T1051,Northeast,Control,CAT03,Home,2026-01-26,Pre,20571.39,970
T1051,Northeast,Control,CAT03,Home,2026-02-02,Pre,23917.42,1091
T1051,Northeast,Control,CAT03,Home,2026-02-09,Pre,21318.12,995
T1051,Northeast,Control,CAT03,Home,2026-02-16,Pre,24427.93,950
T1051,Northeast,Control,CAT03,Home,2026-02-23,Pre,22284.74,631
T1051,Northeast,Control,CAT03,Home,2026-03-02,Pre,22476.49,502
T1051,Northeast,Control,CAT03,Home,2026-03-09,Pre,25057.51,575
T1051,Northeast,Control,CAT03,Home,2026-03-16,Pre,21735.3,511
T1051,Northeast,Control,CAT03,Home,2026-03-23,Pre,22942.76,1214
T1051,Northeast,Control,CAT03,Home,2026-03-30,Pre,21958.02,552
T1051,Northeast,Control,CAT03,Home,2026-04-06,Post,24217.24,1063
T1051,Northeast,Control,CAT03,Home,2026-04-13,Post,28236.0,643
T1051,Northeast,Control,CAT03,Home,2026-04-20,Post,22181.61,587
T1051,Northeast,Control,CAT03,Home,2026-04-27,Post,24892.71,583
T1051,Northeast,Control,CAT03,Home,2026-05-04,Post,26574.42,1036
T1051,Northeast,Control,CAT03,Home,2026-05-11,Post,21013.69,871
T1051,Northeast,Control,CAT03,Home,2026-05-18,Post,23333.17,642
T1051,Northeast,Control,CAT03,Home,2026-05-25,Post,22770.39,1248
T1051,Northeast,Control,CAT03,Home,2026-06-01,Post,22365.26,1241
T1051,Northeast,Control,CAT03,Home,2026-06-08,Post,25405.41,730
T1051,Northeast,Control,CAT03,Home,2026-06-15,Post,25282.29,1233
T1051,Northeast,Control,CAT03,Home,2026-06-22,Post,27553.19,690
T1051,Northeast,Control,CAT03,Home,2026-06-29,Post,26392.86,1183
T1051,Northeast,Control,CAT04,Electronics,2026-01-05,Pre,15617.49,733
T1051,Northeast,Control,CAT04,Electronics,2026-01-12,Pre,15932.42,546
T1051,Northeast,Control,CAT04,Electronics,2026-01-19,Pre,15101.21,802
T1051,Northeast,Control,CAT04,Electronics,2026-01-26,Pre,16097.37,665
T1051,Northeast,Control,CAT04,Electronics,2026-02-02,Pre,14091.82,612
T1051,Northeast,Control,CAT04,Electronics,2026-02-09,Pre,15709.92,726
T1051,Northeast,Control,CAT04,Electronics,2026-02-16,Pre,16470.96,421
T1051,Northeast,Control,CAT04,Electronics,2026-02-23,Pre,15773.6,641
T1051,Northeast,Control,CAT04,Electronics,2026-03-02,Pre,15299.57,588
T1051,Northeast,Control,CAT04,Electronics,2026-03-09,Pre,16231.06,845
T1051,Northeast,Control,CAT04,Electronics,2026-03-16,Pre,15253.45,591
T1051,Northeast,Control,CAT04,Electronics,2026-03-23,Pre,15950.32,700
T1051,Northeast,Control,CAT04,Electronics,2026-03-30,Pre,17264.87,926
T1051,Northeast,Control,CAT04,Electronics,2026-04-06,Post,17411.12,452
T1051,Northeast,Control,CAT04,Electronics,2026-04-13,Post,16695.09,405
T1051,Northeast,Control,CAT04,Electronics,2026-04-20,Post,15331.99,459
T1051,Northeast,Control,CAT04,Electronics,2026-04-27,Post,16143.76,449
T1051,Northeast,Control,CAT04,Electronics,2026-05-04,Post,16754.27,520
T1051,Northeast,Control,CAT04,Electronics,2026-05-11,Post,15838.59,527
T1051,Northeast,Control,CAT04,Electronics,2026-05-18,Post,18813.15,847
T1051,Northeast,Control,CAT04,Electronics,2026-05-25,Post,15981.75,399
T1051,Northeast,Control,CAT04,Electronics,2026-06-01,Post,16923.1,822
T1051,Northeast,Control,CAT04,Electronics,2026-06-08,Post,14839.43,343
T1051,Northeast,Control,CAT04,Electronics,2026-06-15,Post,18156.82,541
T1051,Northeast,Control,CAT04,Electronics,2026-06-22,Post,18913.52,527
T1051,Northeast,Control,CAT04,Electronics,2026-06-29,Post,15886.67,444
T1051,Northeast,Control,CAT05,Beauty & Personal Care,2026-01-05,Pre,11119.0,319
T1051,Northeast,Control,CAT05,Beauty & Personal Care,2026-01-12,Pre,12687.48,663
T1051,Northeast,Control,CAT05,Beauty & Personal Care,2026-01-19,Pre,14229.97,446
T1051,Northeast,Control,CAT05,Beauty & Personal Care,2026-01-26,Pre,11369.88,295
T1051,Northeast,Control,CAT05,Beauty & Personal Care,2026-02-02,Pre,12364.34,344
T1051,Northeast,Control,CAT05,Beauty & Personal Care,2026-02-09,Pre,12968.11,342
T1051,Northeast,Control,CAT05,Beauty & Personal Care,2026-02-16,Pre,12829.39,407
T1051,Northeast,Control,CAT05,Beauty & Personal Care,2026-02-23,Pre,13212.58,588
T1051,Northeast,Control,CAT05,Beauty & Personal Care,2026-03-02,Pre,14085.7,548
T1051,Northeast,Control,CAT05,Beauty & Personal Care,2026-03-09,Pre,13801.21,578
T1051,Northeast,Control,CAT05,Beauty & Personal Care,2026-03-16,Pre,12636.68,463
T1051,Northeast,Control,CAT05,Beauty & Personal Care,2026-03-23,Pre,11716.93,593
T1051,Northeast,Control,CAT05,Beauty & Personal Care,2026-03-30,Pre,14038.78,363
T1051,Northeast,Control,CAT05,Beauty & Personal Care,2026-04-06,Post,12799.57,397
T1051,Northeast,Control,CAT05,Beauty & Personal Care,2026-04-13,Post,13217.86,476
T1051,Northeast,Control,CAT05,Beauty & Personal Care,2026-04-20,Post,14011.41,366
T1051,Northeast,Control,CAT05,Beauty & Personal Care,2026-04-27,Post,14219.77,748
T1051,Northeast,Control,CAT05,Beauty & Personal Care,2026-05-04,Post,14056.72,601
T1051,Northeast,Control,CAT05,Beauty & Personal Care,2026-05-11,Post,14928.67,575
T1051,Northeast,Control,CAT05,Beauty & Personal Care,2026-05-18,Post,10788.69,267
T1051,Northeast,Control,CAT05,Beauty & Personal Care,2026-05-25,Post,13413.05,558
T1051,Northeast,Control,CAT05,Beauty & Personal Care,2026-06-01,Post,12887.38,317
T1051,Northeast,Control,CAT05,Beauty & Personal Care,2026-06-08,Post,12667.62,598
T1051,Northeast,Control,CAT05,Beauty & Personal Care,2026-06-15,Post,13032.6,331
T1051,Northeast,Control,CAT05,Beauty & Personal Care,2026-06-22,Post,13116.22,659
T1051,Northeast,Control,CAT05,Beauty & Personal Care,2026-06-29,Post,13915.73,382
T1051,Northeast,Control,CAT06,Toys,2026-01-05,Pre,9709.31,274
T1051,Northeast,Control,CAT06,Toys,2026-01-12,Pre,8680.88,284
T1051,Northeast,Control,CAT06,Toys,2026-01-19,Pre,9995.21,246
T1051,Northeast,Control,CAT06,Toys,2026-01-26,Pre,10105.45,391
T1051,Northeast,Control,CAT06,Toys,2026-02-02,Pre,7905.42,197
T1051,Northeast,Control,CAT06,Toys,2026-02-09,Pre,9920.73,256
T1051,Northeast,Control,CAT06,Toys,2026-02-16,Pre,9254.57,265
T1051,Northeast,Control,CAT06,Toys,2026-02-23,Pre,10493.94,253
T1051,Northeast,Control,CAT06,Toys,2026-03-02,Pre,9600.45,263
T1051,Northeast,Control,CAT06,Toys,2026-03-09,Pre,9157.39,252
T1051,Northeast,Control,CAT06,Toys,2026-03-16,Pre,8986.16,272
T1051,Northeast,Control,CAT06,Toys,2026-03-23,Pre,9847.3,301
T1051,Northeast,Control,CAT06,Toys,2026-03-30,Pre,9483.19,344
T1051,Northeast,Control,CAT06,Toys,2026-04-06,Post,8918.75,370
T1051,Northeast,Control,CAT06,Toys,2026-04-13,Post,8773.28,414
T1051,Northeast,Control,CAT06,Toys,2026-04-20,Post,10102.52,508
T1051,Northeast,Control,CAT06,Toys,2026-04-27,Post,8929.27,364
T1051,Northeast,Control,CAT06,Toys,2026-05-04,Post,8389.07,224
T1051,Northeast,Control,CAT06,Toys,2026-05-11,Post,10716.0,258
T1051,Northeast,Control,CAT06,Toys,2026-05-18,Post,9375.09,424
T1051,Northeast,Control,CAT06,Toys,2026-05-25,Post,10405.99,382
T1051,Northeast,Control,CAT06,Toys,2026-06-01,Post,10209.88,245
T1051,Northeast,Control,CAT06,Toys,2026-06-08,Post,9685.66,268
T1051,Northeast,Control,CAT06,Toys,2026-06-15,Post,11240.97,309
T1051,Northeast,Control,CAT06,Toys,2026-06-22,Post,10677.3,335
T1051,Northeast,Control,CAT06,Toys,2026-06-29,Post,10188.52,413
T1051,Northeast,Control,CAT07,Hardlines,2026-01-05,Pre,13637.16,372
T1051,Northeast,Control,CAT07,Hardlines,2026-01-12,Pre,15127.3,514
T1051,Northeast,Control,CAT07,Hardlines,2026-01-19,Pre,15352.94,449
T1051,Northeast,Control,CAT07,Hardlines,2026-01-26,Pre,14732.23,695
T1051,Northeast,Control,CAT07,Hardlines,2026-02-02,Pre,14664.59,475
T1051,Northeast,Control,CAT07,Hardlines,2026-02-09,Pre,15454.31,606
T1051,Northeast,Control,CAT07,Hardlines,2026-02-16,Pre,14729.6,506
T1051,Northeast,Control,CAT07,Hardlines,2026-02-23,Pre,14117.41,477
T1051,Northeast,Control,CAT07,Hardlines,2026-03-02,Pre,13537.73,470
T1051,Northeast,Control,CAT07,Hardlines,2026-03-09,Pre,14910.23,485
T1051,Northeast,Control,CAT07,Hardlines,2026-03-16,Pre,13614.43,311
T1051,Northeast,Control,CAT07,Hardlines,2026-03-23,Pre,15915.52,491
T1051,Northeast,Control,CAT07,Hardlines,2026-03-30,Pre,15083.04,742
T1051,Northeast,Control,CAT07,Hardlines,2026-04-06,Post,16211.09,636
T1051,Northeast,Control,CAT07,Hardlines,2026-04-13,Post,15553.07,409
T1051,Northeast,Control,CAT07,Hardlines,2026-04-20,Post,15892.32,424
T1051,Northeast,Control,CAT07,Hardlines,2026-04-27,Post,14700.83,438
T1051,Northeast,Control,CAT07,Hardlines,2026-05-04,Post,15299.7,513
T1051,Northeast,Control,CAT07,Hardlines,2026-05-11,Post,15773.54,438
T1051,Northeast,Control,CAT07,Hardlines,2026-05-18,Post,15704.16,545
T1051,Northeast,Control,CAT07,Hardlines,2026-05-25,Post,15715.37,404
T1051,Northeast,Control,CAT07,Hardlines,2026-06-01,Post,14557.94,574
T1051,Northeast,Control,CAT07,Hardlines,2026-06-08,Post,13822.64,465
T1051,Northeast,Control,CAT07,Hardlines,2026-06-15,Post,14595.89,366
T1051,Northeast,Control,CAT07,Hardlines,2026-06-22,Post,13157.54,542
T1051,Northeast,Control,CAT07,Hardlines,2026-06-29,Post,14104.5,339
T1051,Northeast,Control,CAT08,Softlines,2026-01-05,Pre,11618.74,609
T1051,Northeast,Control,CAT08,Softlines,2026-01-12,Pre,11199.37,325
T1051,Northeast,Control,CAT08,Softlines,2026-01-19,Pre,10831.91,465
T1051,Northeast,Control,CAT08,Softlines,2026-01-26,Pre,11273.54,287
T1051,Northeast,Control,CAT08,Softlines,2026-02-02,Pre,9997.11,261
T1051,Northeast,Control,CAT08,Softlines,2026-02-09,Pre,11514.66,335
T1051,Northeast,Control,CAT08,Softlines,2026-02-16,Pre,10604.62,362
T1051,Northeast,Control,CAT08,Softlines,2026-02-23,Pre,12684.75,300
T1051,Northeast,Control,CAT08,Softlines,2026-03-02,Pre,12196.34,411
T1051,Northeast,Control,CAT08,Softlines,2026-03-09,Pre,12168.09,454
T1051,Northeast,Control,CAT08,Softlines,2026-03-16,Pre,11911.57,618
T1051,Northeast,Control,CAT08,Softlines,2026-03-23,Pre,12412.53,648
T1051,Northeast,Control,CAT08,Softlines,2026-03-30,Pre,11834.99,332
T1051,Northeast,Control,CAT08,Softlines,2026-04-06,Post,11283.95,376
T1051,Northeast,Control,CAT08,Softlines,2026-04-13,Post,12418.12,480
T1051,Northeast,Control,CAT08,Softlines,2026-04-20,Post,12885.3,605
T1051,Northeast,Control,CAT08,Softlines,2026-04-27,Post,11270.12,467
T1051,Northeast,Control,CAT08,Softlines,2026-05-04,Post,10852.45,600
T1051,Northeast,Control,CAT08,Softlines,2026-05-11,Post,13781.06,642
T1051,Northeast,Control,CAT08,Softlines,2026-05-18,Post,13399.85,649
T1051,Northeast,Control,CAT08,Softlines,2026-05-25,Post,12284.75,667
T1051,Northeast,Control,CAT08,Softlines,2026-06-01,Post,10506.33,297
T1051,Northeast,Control,CAT08,Softlines,2026-06-08,Post,12583.26,393
T1051,Northeast,Control,CAT08,Softlines,2026-06-15,Post,14572.63,665
T1051,Northeast,Control,CAT08,Softlines,2026-06-22,Post,13023.22,327
T1051,Northeast,Control,CAT08,Softlines,2026-06-29,Post,12992.2,601
T1052,South,Control,CAT01,Grocery & Essentials,2026-01-05,Pre,54194.94,1875
T1052,South,Control,CAT01,Grocery & Essentials,2026-01-12,Pre,55115.87,1489
T1052,South,Control,CAT01,Grocery & Essentials,2026-01-19,Pre,52047.3,1475
T1052,South,Control,CAT01,Grocery & Essentials,2026-01-26,Pre,62333.97,2139
T1052,South,Control,CAT01,Grocery & Essentials,2026-02-02,Pre,63729.93,1507
T1052,South,Control,CAT01,Grocery & Essentials,2026-02-09,Pre,56445.69,1597
T1052,South,Control,CAT01,Grocery & Essentials,2026-02-16,Pre,55651.86,1600
T1052,South,Control,CAT01,Grocery & Essentials,2026-02-23,Pre,60633.26,2847
T1052,South,Control,CAT01,Grocery & Essentials,2026-03-02,Pre,59264.79,1574
T1052,South,Control,CAT01,Grocery & Essentials,2026-03-09,Pre,56823.1,1546
T1052,South,Control,CAT01,Grocery & Essentials,2026-03-16,Pre,57622.18,1481
T1052,South,Control,CAT01,Grocery & Essentials,2026-03-23,Pre,51648.12,1155
T1052,South,Control,CAT01,Grocery & Essentials,2026-03-30,Pre,59722.75,2016
T1052,South,Control,CAT01,Grocery & Essentials,2026-04-06,Post,62272.88,1798
T1052,South,Control,CAT01,Grocery & Essentials,2026-04-13,Post,52600.87,1623
T1052,South,Control,CAT01,Grocery & Essentials,2026-04-20,Post,55813.51,2739
T1052,South,Control,CAT01,Grocery & Essentials,2026-04-27,Post,52368.78,1845
T1052,South,Control,CAT01,Grocery & Essentials,2026-05-04,Post,59194.46,1898
T1052,South,Control,CAT01,Grocery & Essentials,2026-05-11,Post,55259.87,1455
T1052,South,Control,CAT01,Grocery & Essentials,2026-05-18,Post,60497.86,2044
T1052,South,Control,CAT01,Grocery & Essentials,2026-05-25,Post,64234.92,2219
T1052,South,Control,CAT01,Grocery & Essentials,2026-06-01,Post,63495.72,2033
T1052,South,Control,CAT01,Grocery & Essentials,2026-06-08,Post,66043.4,1887
T1052,South,Control,CAT01,Grocery & Essentials,2026-06-15,Post,53323.36,2121
T1052,South,Control,CAT01,Grocery & Essentials,2026-06-22,Post,61269.33,2745
T1052,South,Control,CAT01,Grocery & Essentials,2026-06-29,Post,54557.7,1542
T1052,South,Control,CAT02,Apparel & Accessories,2026-01-05,Pre,25257.78,653
T1052,South,Control,CAT02,Apparel & Accessories,2026-01-12,Pre,23394.48,623
T1052,South,Control,CAT02,Apparel & Accessories,2026-01-19,Pre,22203.64,1130
T1052,South,Control,CAT02,Apparel & Accessories,2026-01-26,Pre,25819.2,666
T1052,South,Control,CAT02,Apparel & Accessories,2026-02-02,Pre,24136.14,629
T1052,South,Control,CAT02,Apparel & Accessories,2026-02-09,Pre,24596.41,618
T1052,South,Control,CAT02,Apparel & Accessories,2026-02-16,Pre,23651.57,643
T1052,South,Control,CAT02,Apparel & Accessories,2026-02-23,Pre,23923.62,616
T1052,South,Control,CAT02,Apparel & Accessories,2026-03-02,Pre,20718.37,833
T1052,South,Control,CAT02,Apparel & Accessories,2026-03-09,Pre,23757.24,691
T1052,South,Control,CAT02,Apparel & Accessories,2026-03-16,Pre,24156.51,930
T1052,South,Control,CAT02,Apparel & Accessories,2026-03-23,Pre,27077.59,1054
T1052,South,Control,CAT02,Apparel & Accessories,2026-03-30,Pre,26120.26,627
T1052,South,Control,CAT02,Apparel & Accessories,2026-04-06,Post,23947.75,622
T1052,South,Control,CAT02,Apparel & Accessories,2026-04-13,Post,28186.94,882
T1052,South,Control,CAT02,Apparel & Accessories,2026-04-20,Post,25899.84,1372
T1052,South,Control,CAT02,Apparel & Accessories,2026-04-27,Post,26553.2,759
T1052,South,Control,CAT02,Apparel & Accessories,2026-05-04,Post,22168.67,774
T1052,South,Control,CAT02,Apparel & Accessories,2026-05-11,Post,23411.18,609
T1052,South,Control,CAT02,Apparel & Accessories,2026-05-18,Post,23976.2,810
T1052,South,Control,CAT02,Apparel & Accessories,2026-05-25,Post,25796.31,745
T1052,South,Control,CAT02,Apparel & Accessories,2026-06-01,Post,24921.07,842
T1052,South,Control,CAT02,Apparel & Accessories,2026-06-08,Post,27988.03,638
T1052,South,Control,CAT02,Apparel & Accessories,2026-06-15,Post,24004.01,769
T1052,South,Control,CAT02,Apparel & Accessories,2026-06-22,Post,26078.86,1201
T1052,South,Control,CAT02,Apparel & Accessories,2026-06-29,Post,24836.32,636
T1052,South,Control,CAT03,Home,2026-01-05,Pre,32596.07,1093
T1052,South,Control,CAT03,Home,2026-01-12,Pre,31396.74,1733
T1052,South,Control,CAT03,Home,2026-01-19,Pre,27228.55,1388
T1052,South,Control,CAT03,Home,2026-01-26,Pre,27146.93,622
T1052,South,Control,CAT03,Home,2026-02-02,Pre,32100.94,1732
T1052,South,Control,CAT03,Home,2026-02-09,Pre,29044.67,719
T1052,South,Control,CAT03,Home,2026-02-16,Pre,30542.09,1101
T1052,South,Control,CAT03,Home,2026-02-23,Pre,27542.0,1364
T1052,South,Control,CAT03,Home,2026-03-02,Pre,29449.54,832
T1052,South,Control,CAT03,Home,2026-03-09,Pre,29793.03,1286
T1052,South,Control,CAT03,Home,2026-03-16,Pre,30616.89,713
T1052,South,Control,CAT03,Home,2026-03-23,Pre,28878.83,814
T1052,South,Control,CAT03,Home,2026-03-30,Pre,31144.29,891
T1052,South,Control,CAT03,Home,2026-04-06,Post,30348.68,868
T1052,South,Control,CAT03,Home,2026-04-13,Post,30653.96,924
T1052,South,Control,CAT03,Home,2026-04-20,Post,33238.84,777
T1052,South,Control,CAT03,Home,2026-04-27,Post,31244.79,1285
T1052,South,Control,CAT03,Home,2026-05-04,Post,30612.96,1497
T1052,South,Control,CAT03,Home,2026-05-11,Post,29059.51,702
T1052,South,Control,CAT03,Home,2026-05-18,Post,31860.88,861
T1052,South,Control,CAT03,Home,2026-05-25,Post,33312.11,1107
T1052,South,Control,CAT03,Home,2026-06-01,Post,31107.14,909
T1052,South,Control,CAT03,Home,2026-06-08,Post,33539.77,1848
T1052,South,Control,CAT03,Home,2026-06-15,Post,32365.27,1765
T1052,South,Control,CAT03,Home,2026-06-22,Post,32012.61,1768
T1052,South,Control,CAT03,Home,2026-06-29,Post,32867.35,1064
T1052,South,Control,CAT04,Electronics,2026-01-05,Pre,18168.38,776
T1052,South,Control,CAT04,Electronics,2026-01-12,Pre,19408.24,485
T1052,South,Control,CAT04,Electronics,2026-01-19,Pre,19534.27,738
T1052,South,Control,CAT04,Electronics,2026-01-26,Pre,19857.22,816
T1052,South,Control,CAT04,Electronics,2026-02-02,Pre,22613.89,748
T1052,South,Control,CAT04,Electronics,2026-02-09,Pre,20358.07,507
T1052,South,Control,CAT04,Electronics,2026-02-16,Pre,18416.98,637
T1052,South,Control,CAT04,Electronics,2026-02-23,Pre,19550.52,445
T1052,South,Control,CAT04,Electronics,2026-03-02,Pre,20426.55,455
T1052,South,Control,CAT04,Electronics,2026-03-09,Pre,20737.26,825
T1052,South,Control,CAT04,Electronics,2026-03-16,Pre,17053.07,764
T1052,South,Control,CAT04,Electronics,2026-03-23,Pre,21394.68,813
T1052,South,Control,CAT04,Electronics,2026-03-30,Pre,21539.8,661
T1052,South,Control,CAT04,Electronics,2026-04-06,Post,19387.1,506
T1052,South,Control,CAT04,Electronics,2026-04-13,Post,22163.61,816
T1052,South,Control,CAT04,Electronics,2026-04-20,Post,20729.91,522
T1052,South,Control,CAT04,Electronics,2026-04-27,Post,19844.84,604
T1052,South,Control,CAT04,Electronics,2026-05-04,Post,19590.78,658
T1052,South,Control,CAT04,Electronics,2026-05-11,Post,21936.2,528
T1052,South,Control,CAT04,Electronics,2026-05-18,Post,20551.84,516
T1052,South,Control,CAT04,Electronics,2026-05-25,Post,21768.56,642
T1052,South,Control,CAT04,Electronics,2026-06-01,Post,19846.04,682
T1052,South,Control,CAT04,Electronics,2026-06-08,Post,21101.29,554
T1052,South,Control,CAT04,Electronics,2026-06-15,Post,22244.59,850
T1052,South,Control,CAT04,Electronics,2026-06-22,Post,23380.02,788
T1052,South,Control,CAT04,Electronics,2026-06-29,Post,23645.47,648
T1052,South,Control,CAT05,Beauty & Personal Care,2026-01-05,Pre,17040.77,578
T1052,South,Control,CAT05,Beauty & Personal Care,2026-01-12,Pre,18778.97,861
T1052,South,Control,CAT05,Beauty & Personal Care,2026-01-19,Pre,16270.9,390
T1052,South,Control,CAT05,Beauty & Personal Care,2026-01-26,Pre,14793.96,341
T1052,South,Control,CAT05,Beauty & Personal Care,2026-02-02,Pre,15481.67,408
T1052,South,Control,CAT05,Beauty & Personal Care,2026-02-09,Pre,17505.62,480
T1052,South,Control,CAT05,Beauty & Personal Care,2026-02-16,Pre,15467.53,831
T1052,South,Control,CAT05,Beauty & Personal Care,2026-02-23,Pre,13260.39,421
T1052,South,Control,CAT05,Beauty & Personal Care,2026-03-02,Pre,16051.69,828
T1052,South,Control,CAT05,Beauty & Personal Care,2026-03-09,Pre,17369.43,407
T1052,South,Control,CAT05,Beauty & Personal Care,2026-03-16,Pre,15826.96,552
T1052,South,Control,CAT05,Beauty & Personal Care,2026-03-23,Pre,17982.26,512
T1052,South,Control,CAT05,Beauty & Personal Care,2026-03-30,Pre,18799.42,438
T1052,South,Control,CAT05,Beauty & Personal Care,2026-04-06,Post,16953.28,666
T1052,South,Control,CAT05,Beauty & Personal Care,2026-04-13,Post,19197.05,762
T1052,South,Control,CAT05,Beauty & Personal Care,2026-04-20,Post,19332.88,436
T1052,South,Control,CAT05,Beauty & Personal Care,2026-04-27,Post,18695.88,656
T1052,South,Control,CAT05,Beauty & Personal Care,2026-05-04,Post,17946.22,535
T1052,South,Control,CAT05,Beauty & Personal Care,2026-05-11,Post,17431.85,571
T1052,South,Control,CAT05,Beauty & Personal Care,2026-05-18,Post,17387.71,560
T1052,South,Control,CAT05,Beauty & Personal Care,2026-05-25,Post,17030.91,458
T1052,South,Control,CAT05,Beauty & Personal Care,2026-06-01,Post,17866.85,569
T1052,South,Control,CAT05,Beauty & Personal Care,2026-06-08,Post,14975.74,462
T1052,South,Control,CAT05,Beauty & Personal Care,2026-06-15,Post,19252.94,444
T1052,South,Control,CAT05,Beauty & Personal Care,2026-06-22,Post,19952.12,521
T1052,South,Control,CAT05,Beauty & Personal Care,2026-06-29,Post,15067.21,367
T1052,South,Control,CAT06,Toys,2026-01-05,Pre,12547.09,438
T1052,South,Control,CAT06,Toys,2026-01-12,Pre,13193.25,392
T1052,South,Control,CAT06,Toys,2026-01-19,Pre,12100.22,671
T1052,South,Control,CAT06,Toys,2026-01-26,Pre,11927.68,469
T1052,South,Control,CAT06,Toys,2026-02-02,Pre,11788.81,379
T1052,South,Control,CAT06,Toys,2026-02-09,Pre,11679.8,302
T1052,South,Control,CAT06,Toys,2026-02-16,Pre,12449.38,391
T1052,South,Control,CAT06,Toys,2026-02-23,Pre,13271.97,398
T1052,South,Control,CAT06,Toys,2026-03-02,Pre,10728.27,452
T1052,South,Control,CAT06,Toys,2026-03-09,Pre,11519.4,316
T1052,South,Control,CAT06,Toys,2026-03-16,Pre,11851.13,394
T1052,South,Control,CAT06,Toys,2026-03-23,Pre,11160.51,336
T1052,South,Control,CAT06,Toys,2026-03-30,Pre,13044.01,313
T1052,South,Control,CAT06,Toys,2026-04-06,Post,12966.82,445
T1052,South,Control,CAT06,Toys,2026-04-13,Post,13366.68,426
T1052,South,Control,CAT06,Toys,2026-04-20,Post,10757.09,299
T1052,South,Control,CAT06,Toys,2026-04-27,Post,13347.83,300
T1052,South,Control,CAT06,Toys,2026-05-04,Post,13782.35,382
T1052,South,Control,CAT06,Toys,2026-05-11,Post,13361.84,656
T1052,South,Control,CAT06,Toys,2026-05-18,Post,12843.18,698
T1052,South,Control,CAT06,Toys,2026-05-25,Post,12762.76,454
T1052,South,Control,CAT06,Toys,2026-06-01,Post,13269.35,383
T1052,South,Control,CAT06,Toys,2026-06-08,Post,13206.31,364
T1052,South,Control,CAT06,Toys,2026-06-15,Post,12469.71,686
T1052,South,Control,CAT06,Toys,2026-06-22,Post,11183.84,597
T1052,South,Control,CAT06,Toys,2026-06-29,Post,12680.89,360
T1052,South,Control,CAT07,Hardlines,2026-01-05,Pre,21036.87,743
T1052,South,Control,CAT07,Hardlines,2026-01-12,Pre,16091.19,469
T1052,South,Control,CAT07,Hardlines,2026-01-19,Pre,19010.46,453
T1052,South,Control,CAT07,Hardlines,2026-01-26,Pre,20872.96,680
T1052,South,Control,CAT07,Hardlines,2026-02-02,Pre,20040.94,1055
T1052,South,Control,CAT07,Hardlines,2026-02-09,Pre,20343.31,537
T1052,South,Control,CAT07,Hardlines,2026-02-16,Pre,20249.42,701
T1052,South,Control,CAT07,Hardlines,2026-02-23,Pre,17108.41,468
T1052,South,Control,CAT07,Hardlines,2026-03-02,Pre,20981.89,489
T1052,South,Control,CAT07,Hardlines,2026-03-09,Pre,21285.11,775
T1052,South,Control,CAT07,Hardlines,2026-03-16,Pre,17646.8,421
T1052,South,Control,CAT07,Hardlines,2026-03-23,Pre,18832.62,606
T1052,South,Control,CAT07,Hardlines,2026-03-30,Pre,19590.11,542
T1052,South,Control,CAT07,Hardlines,2026-04-06,Post,18993.01,530
T1052,South,Control,CAT07,Hardlines,2026-04-13,Post,18642.82,583
T1052,South,Control,CAT07,Hardlines,2026-04-20,Post,18743.66,609
T1052,South,Control,CAT07,Hardlines,2026-04-27,Post,20758.21,663
T1052,South,Control,CAT07,Hardlines,2026-05-04,Post,21252.81,590
T1052,South,Control,CAT07,Hardlines,2026-05-11,Post,18961.43,430
T1052,South,Control,CAT07,Hardlines,2026-05-18,Post,21401.48,572
T1052,South,Control,CAT07,Hardlines,2026-05-25,Post,19492.53,970
T1052,South,Control,CAT07,Hardlines,2026-06-01,Post,18475.62,983
T1052,South,Control,CAT07,Hardlines,2026-06-08,Post,20681.0,546
T1052,South,Control,CAT07,Hardlines,2026-06-15,Post,20346.49,462
T1052,South,Control,CAT07,Hardlines,2026-06-22,Post,20888.64,492
T1052,South,Control,CAT07,Hardlines,2026-06-29,Post,20940.4,1151
T1052,South,Control,CAT08,Softlines,2026-01-05,Pre,14845.32,606
T1052,South,Control,CAT08,Softlines,2026-01-12,Pre,14577.84,402
T1052,South,Control,CAT08,Softlines,2026-01-19,Pre,15726.6,434
T1052,South,Control,CAT08,Softlines,2026-01-26,Pre,15427.05,404
T1052,South,Control,CAT08,Softlines,2026-02-02,Pre,14442.41,356
T1052,South,Control,CAT08,Softlines,2026-02-09,Pre,14474.73,526
T1052,South,Control,CAT08,Softlines,2026-02-16,Pre,13311.18,445
T1052,South,Control,CAT08,Softlines,2026-02-23,Pre,13497.67,461
T1052,South,Control,CAT08,Softlines,2026-03-02,Pre,14909.79,709
T1052,South,Control,CAT08,Softlines,2026-03-09,Pre,16009.5,416
T1052,South,Control,CAT08,Softlines,2026-03-16,Pre,14287.29,328
T1052,South,Control,CAT08,Softlines,2026-03-23,Pre,15966.32,388
T1052,South,Control,CAT08,Softlines,2026-03-30,Pre,15518.82,553
T1052,South,Control,CAT08,Softlines,2026-04-06,Post,14513.26,387
T1052,South,Control,CAT08,Softlines,2026-04-13,Post,15499.61,426
T1052,South,Control,CAT08,Softlines,2026-04-20,Post,15515.87,355
T1052,South,Control,CAT08,Softlines,2026-04-27,Post,14721.98,347
T1052,South,Control,CAT08,Softlines,2026-05-04,Post,16254.91,599
T1052,South,Control,CAT08,Softlines,2026-05-11,Post,16680.6,787
T1052,South,Control,CAT08,Softlines,2026-05-18,Post,15387.61,343
T1052,South,Control,CAT08,Softlines,2026-05-25,Post,14553.23,478
T1052,South,Control,CAT08,Softlines,2026-06-01,Post,16926.6,609
T1052,South,Control,CAT08,Softlines,2026-06-08,Post,14225.79,707
T1052,South,Control,CAT08,Softlines,2026-06-15,Post,16267.82,695
T1052,South,Control,CAT08,Softlines,2026-06-22,Post,15055.44,376
T1052,South,Control,CAT08,Softlines,2026-06-29,Post,14738.59,438
T1053,South,Test,CAT01,Grocery & Essentials,2026-01-05,Pre,41756.62,1191
T1053,South,Test,CAT01,Grocery & Essentials,2026-01-12,Pre,45069.54,1662
T1053,South,Test,CAT01,Grocery & Essentials,2026-01-19,Pre,45433.25,2168
T1053,South,Test,CAT01,Grocery & Essentials,2026-01-26,Pre,45606.05,1453
T1053,South,Test,CAT01,Grocery & Essentials,2026-02-02,Pre,42022.17,1748
T1053,South,Test,CAT01,Grocery & Essentials,2026-02-09,Pre,44572.93,1123
T1053,South,Test,CAT01,Grocery & Essentials,2026-02-16,Pre,39534.15,1200
T1053,South,Test,CAT01,Grocery & Essentials,2026-02-23,Pre,46862.8,1632
T1053,South,Test,CAT01,Grocery & Essentials,2026-03-02,Pre,45678.21,1612
T1053,South,Test,CAT01,Grocery & Essentials,2026-03-09,Pre,42314.03,1528
T1053,South,Test,CAT01,Grocery & Essentials,2026-03-16,Pre,44118.65,1033
T1053,South,Test,CAT01,Grocery & Essentials,2026-03-23,Pre,39193.11,1980
T1053,South,Test,CAT01,Grocery & Essentials,2026-03-30,Pre,45010.26,1991
T1053,South,Test,CAT01,Grocery & Essentials,2026-04-06,Post,47450.18,2092
T1053,South,Test,CAT01,Grocery & Essentials,2026-04-13,Post,44809.86,1869
T1053,South,Test,CAT01,Grocery & Essentials,2026-04-20,Post,46232.63,1307
T1053,South,Test,CAT01,Grocery & Essentials,2026-04-27,Post,43746.71,1569
T1053,South,Test,CAT01,Grocery & Essentials,2026-05-04,Post,42212.88,1135
T1053,South,Test,CAT01,Grocery & Essentials,2026-05-11,Post,44403.07,1368
T1053,South,Test,CAT01,Grocery & Essentials,2026-05-18,Post,48702.69,1250
T1053,South,Test,CAT01,Grocery & Essentials,2026-05-25,Post,46894.31,1452
T1053,South,Test,CAT01,Grocery & Essentials,2026-06-01,Post,43137.72,1591
T1053,South,Test,CAT01,Grocery & Essentials,2026-06-08,Post,47588.67,2397
T1053,South,Test,CAT01,Grocery & Essentials,2026-06-15,Post,49013.4,2550
T1053,South,Test,CAT01,Grocery & Essentials,2026-06-22,Post,45572.74,2419
T1053,South,Test,CAT01,Grocery & Essentials,2026-06-29,Post,48242.27,1444
T1053,South,Test,CAT02,Apparel & Accessories,2026-01-05,Pre,18804.65,640
T1053,South,Test,CAT02,Apparel & Accessories,2026-01-12,Pre,17457.08,519
T1053,South,Test,CAT02,Apparel & Accessories,2026-01-19,Pre,17060.47,417
T1053,South,Test,CAT02,Apparel & Accessories,2026-01-26,Pre,19153.79,476
T1053,South,Test,CAT02,Apparel & Accessories,2026-02-02,Pre,20036.83,479
T1053,South,Test,CAT02,Apparel & Accessories,2026-02-09,Pre,16394.36,481
T1053,South,Test,CAT02,Apparel & Accessories,2026-02-16,Pre,16193.57,692
T1053,South,Test,CAT02,Apparel & Accessories,2026-02-23,Pre,16651.53,390
T1053,South,Test,CAT02,Apparel & Accessories,2026-03-02,Pre,18034.78,929
T1053,South,Test,CAT02,Apparel & Accessories,2026-03-09,Pre,19159.0,857
T1053,South,Test,CAT02,Apparel & Accessories,2026-03-16,Pre,20060.34,613
T1053,South,Test,CAT02,Apparel & Accessories,2026-03-23,Pre,18603.37,595
T1053,South,Test,CAT02,Apparel & Accessories,2026-03-30,Pre,18927.2,630
T1053,South,Test,CAT02,Apparel & Accessories,2026-04-06,Post,18227.45,630
T1053,South,Test,CAT02,Apparel & Accessories,2026-04-13,Post,19243.77,899
T1053,South,Test,CAT02,Apparel & Accessories,2026-04-20,Post,19598.8,559
T1053,South,Test,CAT02,Apparel & Accessories,2026-04-27,Post,18228.35,636
T1053,South,Test,CAT02,Apparel & Accessories,2026-05-04,Post,17846.43,959
T1053,South,Test,CAT02,Apparel & Accessories,2026-05-11,Post,18759.74,517
T1053,South,Test,CAT02,Apparel & Accessories,2026-05-18,Post,19509.6,560
T1053,South,Test,CAT02,Apparel & Accessories,2026-05-25,Post,19800.23,469
T1053,South,Test,CAT02,Apparel & Accessories,2026-06-01,Post,18418.4,796
T1053,South,Test,CAT02,Apparel & Accessories,2026-06-08,Post,19060.49,700
T1053,South,Test,CAT02,Apparel & Accessories,2026-06-15,Post,19233.1,763
T1053,South,Test,CAT02,Apparel & Accessories,2026-06-22,Post,18449.49,1013
T1053,South,Test,CAT02,Apparel & Accessories,2026-06-29,Post,19543.95,1077
T1053,South,Test,CAT03,Home,2026-01-05,Pre,23710.91,788
T1053,South,Test,CAT03,Home,2026-01-12,Pre,25031.54,600
T1053,South,Test,CAT03,Home,2026-01-19,Pre,22892.8,912
T1053,South,Test,CAT03,Home,2026-01-26,Pre,19418.07,940
T1053,South,Test,CAT03,Home,2026-02-02,Pre,21360.14,537
T1053,South,Test,CAT03,Home,2026-02-09,Pre,20104.04,549
T1053,South,Test,CAT03,Home,2026-02-16,Pre,22606.39,943
T1053,South,Test,CAT03,Home,2026-02-23,Pre,23131.1,574
T1053,South,Test,CAT03,Home,2026-03-02,Pre,20003.68,895
T1053,South,Test,CAT03,Home,2026-03-09,Pre,24878.64,1114
T1053,South,Test,CAT03,Home,2026-03-16,Pre,20878.97,588
T1053,South,Test,CAT03,Home,2026-03-23,Pre,23413.51,599
T1053,South,Test,CAT03,Home,2026-03-30,Pre,25125.3,677
T1053,South,Test,CAT03,Home,2026-04-06,Post,23255.86,770
T1053,South,Test,CAT03,Home,2026-04-13,Post,21930.08,932
T1053,South,Test,CAT03,Home,2026-04-20,Post,21925.13,620
T1053,South,Test,CAT03,Home,2026-04-27,Post,23565.19,534
T1053,South,Test,CAT03,Home,2026-05-04,Post,24621.58,1149
T1053,South,Test,CAT03,Home,2026-05-11,Post,23981.81,733
T1053,South,Test,CAT03,Home,2026-05-18,Post,22222.61,504
T1053,South,Test,CAT03,Home,2026-05-25,Post,23336.73,1179
T1053,South,Test,CAT03,Home,2026-06-01,Post,22177.58,924
T1053,South,Test,CAT03,Home,2026-06-08,Post,22242.71,901
T1053,South,Test,CAT03,Home,2026-06-15,Post,22244.66,593
T1053,South,Test,CAT03,Home,2026-06-22,Post,23313.09,998
T1053,South,Test,CAT03,Home,2026-06-29,Post,23939.08,602
T1053,South,Test,CAT04,Electronics,2026-01-05,Pre,11967.21,268
T1053,South,Test,CAT04,Electronics,2026-01-12,Pre,15016.37,364
T1053,South,Test,CAT04,Electronics,2026-01-19,Pre,15317.26,452
T1053,South,Test,CAT04,Electronics,2026-01-26,Pre,14305.26,474
T1053,South,Test,CAT04,Electronics,2026-02-02,Pre,15097.57,370
T1053,South,Test,CAT04,Electronics,2026-02-09,Pre,15284.3,453
T1053,South,Test,CAT04,Electronics,2026-02-16,Pre,16444.21,422
T1053,South,Test,CAT04,Electronics,2026-02-23,Pre,13615.42,392
T1053,South,Test,CAT04,Electronics,2026-03-02,Pre,13908.91,555
T1053,South,Test,CAT04,Electronics,2026-03-09,Pre,15984.32,456
T1053,South,Test,CAT04,Electronics,2026-03-16,Pre,16162.97,372
T1053,South,Test,CAT04,Electronics,2026-03-23,Pre,16112.51,559
T1053,South,Test,CAT04,Electronics,2026-03-30,Pre,16162.27,362
T1053,South,Test,CAT04,Electronics,2026-04-06,Post,16189.67,516
T1053,South,Test,CAT04,Electronics,2026-04-13,Post,16873.96,601
T1053,South,Test,CAT04,Electronics,2026-04-20,Post,16424.9,822
T1053,South,Test,CAT04,Electronics,2026-04-27,Post,17819.36,474
T1053,South,Test,CAT04,Electronics,2026-05-04,Post,17755.93,469
T1053,South,Test,CAT04,Electronics,2026-05-11,Post,17246.79,601
T1053,South,Test,CAT04,Electronics,2026-05-18,Post,18599.18,457
T1053,South,Test,CAT04,Electronics,2026-05-25,Post,18397.28,661
T1053,South,Test,CAT04,Electronics,2026-06-01,Post,18709.8,485
T1053,South,Test,CAT04,Electronics,2026-06-08,Post,19052.64,598
T1053,South,Test,CAT04,Electronics,2026-06-15,Post,17917.31,887
T1053,South,Test,CAT04,Electronics,2026-06-22,Post,19476.69,704
T1053,South,Test,CAT04,Electronics,2026-06-29,Post,19674.45,902
T1053,South,Test,CAT05,Beauty & Personal Care,2026-01-05,Pre,12313.68,295
T1053,South,Test,CAT05,Beauty & Personal Care,2026-01-12,Pre,9878.69,438
T1053,South,Test,CAT05,Beauty & Personal Care,2026-01-19,Pre,13113.82,474
T1053,South,Test,CAT05,Beauty & Personal Care,2026-01-26,Pre,10256.06,272
T1053,South,Test,CAT05,Beauty & Personal Care,2026-02-02,Pre,10972.34,447
T1053,South,Test,CAT05,Beauty & Personal Care,2026-02-09,Pre,12807.05,438
T1053,South,Test,CAT05,Beauty & Personal Care,2026-02-16,Pre,12258.64,475
T1053,South,Test,CAT05,Beauty & Personal Care,2026-02-23,Pre,13377.77,349
T1053,South,Test,CAT05,Beauty & Personal Care,2026-03-02,Pre,10938.77,299
T1053,South,Test,CAT05,Beauty & Personal Care,2026-03-09,Pre,12522.25,455
T1053,South,Test,CAT05,Beauty & Personal Care,2026-03-16,Pre,12876.76,609
T1053,South,Test,CAT05,Beauty & Personal Care,2026-03-23,Pre,12158.51,567
T1053,South,Test,CAT05,Beauty & Personal Care,2026-03-30,Pre,13104.43,424
T1053,South,Test,CAT05,Beauty & Personal Care,2026-04-06,Post,13227.04,621
T1053,South,Test,CAT05,Beauty & Personal Care,2026-04-13,Post,12506.98,324
T1053,South,Test,CAT05,Beauty & Personal Care,2026-04-20,Post,12495.68,420
T1053,South,Test,CAT05,Beauty & Personal Care,2026-04-27,Post,13469.67,309
T1053,South,Test,CAT05,Beauty & Personal Care,2026-05-04,Post,12892.12,309
T1053,South,Test,CAT05,Beauty & Personal Care,2026-05-11,Post,13208.48,320
T1053,South,Test,CAT05,Beauty & Personal Care,2026-05-18,Post,12984.06,420
T1053,South,Test,CAT05,Beauty & Personal Care,2026-05-25,Post,12987.12,511
T1053,South,Test,CAT05,Beauty & Personal Care,2026-06-01,Post,12776.49,448
T1053,South,Test,CAT05,Beauty & Personal Care,2026-06-08,Post,13467.09,383
T1053,South,Test,CAT05,Beauty & Personal Care,2026-06-15,Post,12276.83,484
T1053,South,Test,CAT05,Beauty & Personal Care,2026-06-22,Post,11653.58,318
T1053,South,Test,CAT05,Beauty & Personal Care,2026-06-29,Post,13096.02,343
T1053,South,Test,CAT06,Toys,2026-01-05,Pre,9771.05,291
T1053,South,Test,CAT06,Toys,2026-01-12,Pre,9090.61,285
T1053,South,Test,CAT06,Toys,2026-01-19,Pre,8854.55,206
T1053,South,Test,CAT06,Toys,2026-01-26,Pre,8811.56,321
T1053,South,Test,CAT06,Toys,2026-02-02,Pre,8806.87,216
T1053,South,Test,CAT06,Toys,2026-02-09,Pre,7494.65,309
T1053,South,Test,CAT06,Toys,2026-02-16,Pre,9900.47,240
T1053,South,Test,CAT06,Toys,2026-02-23,Pre,8849.41,344
T1053,South,Test,CAT06,Toys,2026-03-02,Pre,9226.55,236
T1053,South,Test,CAT06,Toys,2026-03-09,Pre,9063.73,330
T1053,South,Test,CAT06,Toys,2026-03-16,Pre,8850.1,285
T1053,South,Test,CAT06,Toys,2026-03-23,Pre,10131.46,507
T1053,South,Test,CAT06,Toys,2026-03-30,Pre,8675.36,362
T1053,South,Test,CAT06,Toys,2026-04-06,Post,9789.64,401
T1053,South,Test,CAT06,Toys,2026-04-13,Post,8501.27,235
T1053,South,Test,CAT06,Toys,2026-04-20,Post,9375.68,289
T1053,South,Test,CAT06,Toys,2026-04-27,Post,10217.18,302
T1053,South,Test,CAT06,Toys,2026-05-04,Post,9231.55,227
T1053,South,Test,CAT06,Toys,2026-05-11,Post,9912.93,246
T1053,South,Test,CAT06,Toys,2026-05-18,Post,9272.17,268
T1053,South,Test,CAT06,Toys,2026-05-25,Post,9431.37,360
T1053,South,Test,CAT06,Toys,2026-06-01,Post,10180.21,252
T1053,South,Test,CAT06,Toys,2026-06-08,Post,10076.63,239
T1053,South,Test,CAT06,Toys,2026-06-15,Post,10678.6,406
T1053,South,Test,CAT06,Toys,2026-06-22,Post,7748.93,176
T1053,South,Test,CAT06,Toys,2026-06-29,Post,9505.5,244
T1053,South,Test,CAT07,Hardlines,2026-01-05,Pre,14215.03,583
T1053,South,Test,CAT07,Hardlines,2026-01-12,Pre,14016.87,538
T1053,South,Test,CAT07,Hardlines,2026-01-19,Pre,14356.33,631
T1053,South,Test,CAT07,Hardlines,2026-01-26,Pre,15031.03,409
T1053,South,Test,CAT07,Hardlines,2026-02-02,Pre,13492.81,473
T1053,South,Test,CAT07,Hardlines,2026-02-09,Pre,14459.22,767
T1053,South,Test,CAT07,Hardlines,2026-02-16,Pre,15444.86,411
T1053,South,Test,CAT07,Hardlines,2026-02-23,Pre,14352.94,407
T1053,South,Test,CAT07,Hardlines,2026-03-02,Pre,15068.21,528
T1053,South,Test,CAT07,Hardlines,2026-03-09,Pre,12565.91,334
T1053,South,Test,CAT07,Hardlines,2026-03-16,Pre,14564.99,339
T1053,South,Test,CAT07,Hardlines,2026-03-23,Pre,14087.52,340
T1053,South,Test,CAT07,Hardlines,2026-03-30,Pre,12233.21,300
T1053,South,Test,CAT07,Hardlines,2026-04-06,Post,15139.71,343
T1053,South,Test,CAT07,Hardlines,2026-04-13,Post,14976.22,431
T1053,South,Test,CAT07,Hardlines,2026-04-20,Post,13913.7,371
T1053,South,Test,CAT07,Hardlines,2026-04-27,Post,13421.42,323
T1053,South,Test,CAT07,Hardlines,2026-05-04,Post,16780.76,600
T1053,South,Test,CAT07,Hardlines,2026-05-11,Post,15285.18,420
T1053,South,Test,CAT07,Hardlines,2026-05-18,Post,15316.74,561
T1053,South,Test,CAT07,Hardlines,2026-05-25,Post,14316.23,726
T1053,South,Test,CAT07,Hardlines,2026-06-01,Post,14755.85,452
T1053,South,Test,CAT07,Hardlines,2026-06-08,Post,16423.18,376
T1053,South,Test,CAT07,Hardlines,2026-06-15,Post,15267.72,372
T1053,South,Test,CAT07,Hardlines,2026-06-22,Post,16585.44,430
T1053,South,Test,CAT07,Hardlines,2026-06-29,Post,15688.27,677
T1053,South,Test,CAT08,Softlines,2026-01-05,Pre,11693.83,306
T1053,South,Test,CAT08,Softlines,2026-01-12,Pre,9521.59,390
T1053,South,Test,CAT08,Softlines,2026-01-19,Pre,10460.16,357
T1053,South,Test,CAT08,Softlines,2026-01-26,Pre,11103.26,289
T1053,South,Test,CAT08,Softlines,2026-02-02,Pre,10926.68,481
T1053,South,Test,CAT08,Softlines,2026-02-09,Pre,11538.74,518
T1053,South,Test,CAT08,Softlines,2026-02-16,Pre,10150.02,508
T1053,South,Test,CAT08,Softlines,2026-02-23,Pre,10203.0,281
T1053,South,Test,CAT08,Softlines,2026-03-02,Pre,11643.96,425
T1053,South,Test,CAT08,Softlines,2026-03-09,Pre,12077.13,313
T1053,South,Test,CAT08,Softlines,2026-03-16,Pre,11118.94,448
T1053,South,Test,CAT08,Softlines,2026-03-23,Pre,12505.1,283
T1053,South,Test,CAT08,Softlines,2026-03-30,Pre,12762.12,290
T1053,South,Test,CAT08,Softlines,2026-04-06,Post,11462.39,549
T1053,South,Test,CAT08,Softlines,2026-04-13,Post,11263.33,289
T1053,South,Test,CAT08,Softlines,2026-04-20,Post,11128.71,330
T1053,South,Test,CAT08,Softlines,2026-04-27,Post,11035.92,348
T1053,South,Test,CAT08,Softlines,2026-05-04,Post,12208.44,326
T1053,South,Test,CAT08,Softlines,2026-05-11,Post,11025.63,327
T1053,South,Test,CAT08,Softlines,2026-05-18,Post,10934.58,354
T1053,South,Test,CAT08,Softlines,2026-05-25,Post,11168.21,332
T1053,South,Test,CAT08,Softlines,2026-06-01,Post,11818.88,449
T1053,South,Test,CAT08,Softlines,2026-06-08,Post,11918.75,479
T1053,South,Test,CAT08,Softlines,2026-06-15,Post,12435.04,367
T1053,South,Test,CAT08,Softlines,2026-06-22,Post,11874.25,415
T1053,South,Test,CAT08,Softlines,2026-06-29,Post,10856.34,516
T1054,South,Test,CAT01,Grocery & Essentials,2026-01-05,Pre,46406.79,2156
T1054,South,Test,CAT01,Grocery & Essentials,2026-01-12,Pre,44751.2,1238
T1054,South,Test,CAT01,Grocery & Essentials,2026-01-19,Pre,45456.93,1781
T1054,South,Test,CAT01,Grocery & Essentials,2026-01-26,Pre,51024.86,1266
T1054,South,Test,CAT01,Grocery & Essentials,2026-02-02,Pre,49176.14,1269
T1054,South,Test,CAT01,Grocery & Essentials,2026-02-09,Pre,49047.61,1323
T1054,South,Test,CAT01,Grocery & Essentials,2026-02-16,Pre,44981.83,1182
T1054,South,Test,CAT01,Grocery & Essentials,2026-02-23,Pre,43492.43,2369
T1054,South,Test,CAT01,Grocery & Essentials,2026-03-02,Pre,47050.71,2181
T1054,South,Test,CAT01,Grocery & Essentials,2026-03-09,Pre,44722.23,2246
T1054,South,Test,CAT01,Grocery & Essentials,2026-03-16,Pre,53590.22,1462
T1054,South,Test,CAT01,Grocery & Essentials,2026-03-23,Pre,49062.58,2133
T1054,South,Test,CAT01,Grocery & Essentials,2026-03-30,Pre,47595.69,1180
T1054,South,Test,CAT01,Grocery & Essentials,2026-04-06,Post,47323.29,1349
T1054,South,Test,CAT01,Grocery & Essentials,2026-04-13,Post,45571.47,1432
T1054,South,Test,CAT01,Grocery & Essentials,2026-04-20,Post,49172.26,1884
T1054,South,Test,CAT01,Grocery & Essentials,2026-04-27,Post,47149.72,1202
T1054,South,Test,CAT01,Grocery & Essentials,2026-05-04,Post,51136.49,1352
T1054,South,Test,CAT01,Grocery & Essentials,2026-05-11,Post,51907.55,1178
T1054,South,Test,CAT01,Grocery & Essentials,2026-05-18,Post,51843.77,1220
T1054,South,Test,CAT01,Grocery & Essentials,2026-05-25,Post,52471.22,2509
T1054,South,Test,CAT01,Grocery & Essentials,2026-06-01,Post,54630.27,1805
T1054,South,Test,CAT01,Grocery & Essentials,2026-06-08,Post,53288.32,1639
T1054,South,Test,CAT01,Grocery & Essentials,2026-06-15,Post,49958.09,1203
T1054,South,Test,CAT01,Grocery & Essentials,2026-06-22,Post,45351.3,1708
T1054,South,Test,CAT01,Grocery & Essentials,2026-06-29,Post,45786.69,1289
T1054,South,Test,CAT02,Apparel & Accessories,2026-01-05,Pre,20870.68,792
T1054,South,Test,CAT02,Apparel & Accessories,2026-01-12,Pre,20072.86,461
T1054,South,Test,CAT02,Apparel & Accessories,2026-01-19,Pre,20454.8,562
T1054,South,Test,CAT02,Apparel & Accessories,2026-01-26,Pre,18111.69,615
T1054,South,Test,CAT02,Apparel & Accessories,2026-02-02,Pre,18403.47,627
T1054,South,Test,CAT02,Apparel & Accessories,2026-02-09,Pre,20507.06,534
T1054,South,Test,CAT02,Apparel & Accessories,2026-02-16,Pre,20171.03,793
T1054,South,Test,CAT02,Apparel & Accessories,2026-02-23,Pre,20923.7,701
T1054,South,Test,CAT02,Apparel & Accessories,2026-03-02,Pre,19600.17,692
T1054,South,Test,CAT02,Apparel & Accessories,2026-03-09,Pre,20318.83,741
T1054,South,Test,CAT02,Apparel & Accessories,2026-03-16,Pre,20116.33,1089
T1054,South,Test,CAT02,Apparel & Accessories,2026-03-23,Pre,21428.14,774
T1054,South,Test,CAT02,Apparel & Accessories,2026-03-30,Pre,19648.01,522
T1054,South,Test,CAT02,Apparel & Accessories,2026-04-06,Post,20694.61,597
T1054,South,Test,CAT02,Apparel & Accessories,2026-04-13,Post,21522.63,526
T1054,South,Test,CAT02,Apparel & Accessories,2026-04-20,Post,20778.59,556
T1054,South,Test,CAT02,Apparel & Accessories,2026-04-27,Post,21269.59,546
T1054,South,Test,CAT02,Apparel & Accessories,2026-05-04,Post,22296.8,1159
T1054,South,Test,CAT02,Apparel & Accessories,2026-05-11,Post,20993.57,881
T1054,South,Test,CAT02,Apparel & Accessories,2026-05-18,Post,23975.64,1156
T1054,South,Test,CAT02,Apparel & Accessories,2026-05-25,Post,21721.56,599
T1054,South,Test,CAT02,Apparel & Accessories,2026-06-01,Post,21525.82,492
T1054,South,Test,CAT02,Apparel & Accessories,2026-06-08,Post,20113.97,943
T1054,South,Test,CAT02,Apparel & Accessories,2026-06-15,Post,22110.2,737
T1054,South,Test,CAT02,Apparel & Accessories,2026-06-22,Post,18625.22,478
T1054,South,Test,CAT02,Apparel & Accessories,2026-06-29,Post,20529.08,478
T1054,South,Test,CAT03,Home,2026-01-05,Pre,23950.95,650
T1054,South,Test,CAT03,Home,2026-01-12,Pre,24480.19,1199
T1054,South,Test,CAT03,Home,2026-01-19,Pre,23073.2,719
T1054,South,Test,CAT03,Home,2026-01-26,Pre,22615.96,840
T1054,South,Test,CAT03,Home,2026-02-02,Pre,24151.44,542
T1054,South,Test,CAT03,Home,2026-02-09,Pre,23810.02,1096
T1054,South,Test,CAT03,Home,2026-02-16,Pre,24100.06,919
T1054,South,Test,CAT03,Home,2026-02-23,Pre,25977.57,745
T1054,South,Test,CAT03,Home,2026-03-02,Pre,27090.59,735
T1054,South,Test,CAT03,Home,2026-03-09,Pre,24533.75,1275
T1054,South,Test,CAT03,Home,2026-03-16,Pre,26282.64,1101
T1054,South,Test,CAT03,Home,2026-03-23,Pre,24419.57,805
T1054,South,Test,CAT03,Home,2026-03-30,Pre,24386.57,1087
T1054,South,Test,CAT03,Home,2026-04-06,Post,24997.13,936
T1054,South,Test,CAT03,Home,2026-04-13,Post,27417.8,1066
T1054,South,Test,CAT03,Home,2026-04-20,Post,23139.79,821
T1054,South,Test,CAT03,Home,2026-04-27,Post,23016.45,755
T1054,South,Test,CAT03,Home,2026-05-04,Post,28877.35,752
T1054,South,Test,CAT03,Home,2026-05-11,Post,24488.6,989
T1054,South,Test,CAT03,Home,2026-05-18,Post,25796.24,576
T1054,South,Test,CAT03,Home,2026-05-25,Post,25403.98,1168
T1054,South,Test,CAT03,Home,2026-06-01,Post,28860.85,1381
T1054,South,Test,CAT03,Home,2026-06-08,Post,28228.25,1092
T1054,South,Test,CAT03,Home,2026-06-15,Post,24386.57,1185
T1054,South,Test,CAT03,Home,2026-06-22,Post,26739.2,604
T1054,South,Test,CAT03,Home,2026-06-29,Post,27291.84,900
T1054,South,Test,CAT04,Electronics,2026-01-05,Pre,17196.28,730
T1054,South,Test,CAT04,Electronics,2026-01-12,Pre,14457.66,429
T1054,South,Test,CAT04,Electronics,2026-01-19,Pre,14864.59,352
T1054,South,Test,CAT04,Electronics,2026-01-26,Pre,17488.53,787
T1054,South,Test,CAT04,Electronics,2026-02-02,Pre,15323.66,737
T1054,South,Test,CAT04,Electronics,2026-02-09,Pre,17234.76,705
T1054,South,Test,CAT04,Electronics,2026-02-16,Pre,15646.91,526
T1054,South,Test,CAT04,Electronics,2026-02-23,Pre,15221.64,546
T1054,South,Test,CAT04,Electronics,2026-03-02,Pre,16036.43,883
T1054,South,Test,CAT04,Electronics,2026-03-09,Pre,17055.29,391
T1054,South,Test,CAT04,Electronics,2026-03-16,Pre,17518.5,460
T1054,South,Test,CAT04,Electronics,2026-03-23,Pre,17728.07,568
T1054,South,Test,CAT04,Electronics,2026-03-30,Pre,18258.39,437
T1054,South,Test,CAT04,Electronics,2026-04-06,Post,18402.19,921
T1054,South,Test,CAT04,Electronics,2026-04-13,Post,18705.27,675
T1054,South,Test,CAT04,Electronics,2026-04-20,Post,19652.22,575
T1054,South,Test,CAT04,Electronics,2026-04-27,Post,22867.81,948
T1054,South,Test,CAT04,Electronics,2026-05-04,Post,20167.36,672
T1054,South,Test,CAT04,Electronics,2026-05-11,Post,19571.62,631
T1054,South,Test,CAT04,Electronics,2026-05-18,Post,20897.27,698
T1054,South,Test,CAT04,Electronics,2026-05-25,Post,20223.27,514
T1054,South,Test,CAT04,Electronics,2026-06-01,Post,21155.65,505
T1054,South,Test,CAT04,Electronics,2026-06-08,Post,19632.72,758
T1054,South,Test,CAT04,Electronics,2026-06-15,Post,20577.88,500
T1054,South,Test,CAT04,Electronics,2026-06-22,Post,21849.24,600
T1054,South,Test,CAT04,Electronics,2026-06-29,Post,19570.71,828
T1054,South,Test,CAT05,Beauty & Personal Care,2026-01-05,Pre,13175.98,603
T1054,South,Test,CAT05,Beauty & Personal Care,2026-01-12,Pre,13994.27,401
T1054,South,Test,CAT05,Beauty & Personal Care,2026-01-19,Pre,14925.96,413
T1054,South,Test,CAT05,Beauty & Personal Care,2026-01-26,Pre,12749.24,649
T1054,South,Test,CAT05,Beauty & Personal Care,2026-02-02,Pre,14393.46,555
T1054,South,Test,CAT05,Beauty & Personal Care,2026-02-09,Pre,13972.8,496
T1054,South,Test,CAT05,Beauty & Personal Care,2026-02-16,Pre,12616.75,304
T1054,South,Test,CAT05,Beauty & Personal Care,2026-02-23,Pre,13433.85,742
T1054,South,Test,CAT05,Beauty & Personal Care,2026-03-02,Pre,15950.63,802
T1054,South,Test,CAT05,Beauty & Personal Care,2026-03-09,Pre,14618.82,327
T1054,South,Test,CAT05,Beauty & Personal Care,2026-03-16,Pre,14152.21,366
T1054,South,Test,CAT05,Beauty & Personal Care,2026-03-23,Pre,13176.49,683
T1054,South,Test,CAT05,Beauty & Personal Care,2026-03-30,Pre,11897.23,387
T1054,South,Test,CAT05,Beauty & Personal Care,2026-04-06,Post,12703.95,486
T1054,South,Test,CAT05,Beauty & Personal Care,2026-04-13,Post,13951.1,759
T1054,South,Test,CAT05,Beauty & Personal Care,2026-04-20,Post,14004.59,517
T1054,South,Test,CAT05,Beauty & Personal Care,2026-04-27,Post,15292.91,847
T1054,South,Test,CAT05,Beauty & Personal Care,2026-05-04,Post,13261.65,568
T1054,South,Test,CAT05,Beauty & Personal Care,2026-05-11,Post,13236.17,541
T1054,South,Test,CAT05,Beauty & Personal Care,2026-05-18,Post,14755.66,423
T1054,South,Test,CAT05,Beauty & Personal Care,2026-05-25,Post,13905.46,738
T1054,South,Test,CAT05,Beauty & Personal Care,2026-06-01,Post,13946.31,348
T1054,South,Test,CAT05,Beauty & Personal Care,2026-06-08,Post,15522.39,479
T1054,South,Test,CAT05,Beauty & Personal Care,2026-06-15,Post,13429.4,327
T1054,South,Test,CAT05,Beauty & Personal Care,2026-06-22,Post,15464.37,355
T1054,South,Test,CAT05,Beauty & Personal Care,2026-06-29,Post,14955.88,451
T1054,South,Test,CAT06,Toys,2026-01-05,Pre,9589.63,281
T1054,South,Test,CAT06,Toys,2026-01-12,Pre,9927.36,339
T1054,South,Test,CAT06,Toys,2026-01-19,Pre,9451.14,261
T1054,South,Test,CAT06,Toys,2026-01-26,Pre,9892.62,229
T1054,South,Test,CAT06,Toys,2026-02-02,Pre,11235.89,268
T1054,South,Test,CAT06,Toys,2026-02-09,Pre,9631.83,233
T1054,South,Test,CAT06,Toys,2026-02-16,Pre,8987.72,356
T1054,South,Test,CAT06,Toys,2026-02-23,Pre,10185.25,297
T1054,South,Test,CAT06,Toys,2026-03-02,Pre,11257.96,478
T1054,South,Test,CAT06,Toys,2026-03-09,Pre,10417.01,408
T1054,South,Test,CAT06,Toys,2026-03-16,Pre,10123.69,346
T1054,South,Test,CAT06,Toys,2026-03-23,Pre,10132.44,552
T1054,South,Test,CAT06,Toys,2026-03-30,Pre,11113.35,414
T1054,South,Test,CAT06,Toys,2026-04-06,Post,10666.45,368
T1054,South,Test,CAT06,Toys,2026-04-13,Post,9681.47,215
T1054,South,Test,CAT06,Toys,2026-04-20,Post,10900.23,432
T1054,South,Test,CAT06,Toys,2026-04-27,Post,10637.39,419
T1054,South,Test,CAT06,Toys,2026-05-04,Post,11187.63,331
T1054,South,Test,CAT06,Toys,2026-05-11,Post,11855.24,627
T1054,South,Test,CAT06,Toys,2026-05-18,Post,12006.82,272
T1054,South,Test,CAT06,Toys,2026-05-25,Post,10688.27,339
T1054,South,Test,CAT06,Toys,2026-06-01,Post,10977.27,441
T1054,South,Test,CAT06,Toys,2026-06-08,Post,11992.58,527
T1054,South,Test,CAT06,Toys,2026-06-15,Post,10915.36,599
T1054,South,Test,CAT06,Toys,2026-06-22,Post,11610.81,281
T1054,South,Test,CAT06,Toys,2026-06-29,Post,10266.92,275
T1054,South,Test,CAT07,Hardlines,2026-01-05,Pre,14655.23,475
T1054,South,Test,CAT07,Hardlines,2026-01-12,Pre,17521.12,395
T1054,South,Test,CAT07,Hardlines,2026-01-19,Pre,17637.85,483
T1054,South,Test,CAT07,Hardlines,2026-01-26,Pre,16390.33,865
T1054,South,Test,CAT07,Hardlines,2026-02-02,Pre,15502.52,432
T1054,South,Test,CAT07,Hardlines,2026-02-09,Pre,15158.23,440
T1054,South,Test,CAT07,Hardlines,2026-02-16,Pre,15462.58,645
T1054,South,Test,CAT07,Hardlines,2026-02-23,Pre,14521.55,392
T1054,South,Test,CAT07,Hardlines,2026-03-02,Pre,16614.79,516
T1054,South,Test,CAT07,Hardlines,2026-03-09,Pre,16560.56,451
T1054,South,Test,CAT07,Hardlines,2026-03-16,Pre,16597.53,716
T1054,South,Test,CAT07,Hardlines,2026-03-23,Pre,17589.38,407
T1054,South,Test,CAT07,Hardlines,2026-03-30,Pre,16232.2,575
T1054,South,Test,CAT07,Hardlines,2026-04-06,Post,16689.38,696
T1054,South,Test,CAT07,Hardlines,2026-04-13,Post,14461.34,536
T1054,South,Test,CAT07,Hardlines,2026-04-20,Post,17179.64,506
T1054,South,Test,CAT07,Hardlines,2026-04-27,Post,17037.14,450
T1054,South,Test,CAT07,Hardlines,2026-05-04,Post,15207.68,699
T1054,South,Test,CAT07,Hardlines,2026-05-11,Post,16361.69,486
T1054,South,Test,CAT07,Hardlines,2026-05-18,Post,17939.9,472
T1054,South,Test,CAT07,Hardlines,2026-05-25,Post,17096.33,613
T1054,South,Test,CAT07,Hardlines,2026-06-01,Post,16025.49,646
T1054,South,Test,CAT07,Hardlines,2026-06-08,Post,17424.77,667
T1054,South,Test,CAT07,Hardlines,2026-06-15,Post,18965.64,484
T1054,South,Test,CAT07,Hardlines,2026-06-22,Post,15296.34,681
T1054,South,Test,CAT07,Hardlines,2026-06-29,Post,17783.03,481
T1054,South,Test,CAT08,Softlines,2026-01-05,Pre,12403.87,451
T1054,South,Test,CAT08,Softlines,2026-01-12,Pre,11163.45,258
T1054,South,Test,CAT08,Softlines,2026-01-19,Pre,12543.18,631
T1054,South,Test,CAT08,Softlines,2026-01-26,Pre,11829.06,280
T1054,South,Test,CAT08,Softlines,2026-02-02,Pre,12095.97,386
T1054,South,Test,CAT08,Softlines,2026-02-09,Pre,12840.33,292
T1054,South,Test,CAT08,Softlines,2026-02-16,Pre,12855.01,400
T1054,South,Test,CAT08,Softlines,2026-02-23,Pre,12886.8,549
T1054,South,Test,CAT08,Softlines,2026-03-02,Pre,14616.19,741
T1054,South,Test,CAT08,Softlines,2026-03-09,Pre,12459.76,627
T1054,South,Test,CAT08,Softlines,2026-03-16,Pre,11719.47,497
T1054,South,Test,CAT08,Softlines,2026-03-23,Pre,13271.78,434
T1054,South,Test,CAT08,Softlines,2026-03-30,Pre,12993.44,354
T1054,South,Test,CAT08,Softlines,2026-04-06,Post,12337.23,471
T1054,South,Test,CAT08,Softlines,2026-04-13,Post,12327.11,588
T1054,South,Test,CAT08,Softlines,2026-04-20,Post,14099.56,345
T1054,South,Test,CAT08,Softlines,2026-04-27,Post,11172.93,508
T1054,South,Test,CAT08,Softlines,2026-05-04,Post,13220.53,366
T1054,South,Test,CAT08,Softlines,2026-05-11,Post,12481.2,617
T1054,South,Test,CAT08,Softlines,2026-05-18,Post,13445.62,366
T1054,South,Test,CAT08,Softlines,2026-05-25,Post,12441.4,537
T1054,South,Test,CAT08,Softlines,2026-06-01,Post,13568.11,447
T1054,South,Test,CAT08,Softlines,2026-06-08,Post,14191.46,343
T1054,South,Test,CAT08,Softlines,2026-06-15,Post,12829.38,652
T1054,South,Test,CAT08,Softlines,2026-06-22,Post,13003.27,327
T1054,South,Test,CAT08,Softlines,2026-06-29,Post,13732.21,510
T1055,South,Test,CAT01,Grocery & Essentials,2026-01-05,Pre,47640.58,1943
T1055,South,Test,CAT01,Grocery & Essentials,2026-01-12,Pre,53113.09,1844
T1055,South,Test,CAT01,Grocery & Essentials,2026-01-19,Pre,48139.6,1657
T1055,South,Test,CAT01,Grocery & Essentials,2026-01-26,Pre,50039.16,2186
T1055,South,Test,CAT01,Grocery & Essentials,2026-02-02,Pre,46283.43,1679
T1055,South,Test,CAT01,Grocery & Essentials,2026-02-09,Pre,47811.4,2387
T1055,South,Test,CAT01,Grocery & Essentials,2026-02-16,Pre,48851.09,2225
T1055,South,Test,CAT01,Grocery & Essentials,2026-02-23,Pre,50534.87,2168
T1055,South,Test,CAT01,Grocery & Essentials,2026-03-02,Pre,49850.65,1345
T1055,South,Test,CAT01,Grocery & Essentials,2026-03-09,Pre,51027.46,2158
T1055,South,Test,CAT01,Grocery & Essentials,2026-03-16,Pre,54585.91,1599
T1055,South,Test,CAT01,Grocery & Essentials,2026-03-23,Pre,47827.38,1497
T1055,South,Test,CAT01,Grocery & Essentials,2026-03-30,Pre,57366.5,2619
T1055,South,Test,CAT01,Grocery & Essentials,2026-04-06,Post,51369.51,1283
T1055,South,Test,CAT01,Grocery & Essentials,2026-04-13,Post,50593.83,1525
T1055,South,Test,CAT01,Grocery & Essentials,2026-04-20,Post,51165.83,1867
T1055,South,Test,CAT01,Grocery & Essentials,2026-04-27,Post,50273.48,1533
T1055,South,Test,CAT01,Grocery & Essentials,2026-05-04,Post,53905.75,2422
T1055,South,Test,CAT01,Grocery & Essentials,2026-05-11,Post,53286.63,1433
T1055,South,Test,CAT01,Grocery & Essentials,2026-05-18,Post,52873.37,1551
T1055,South,Test,CAT01,Grocery & Essentials,2026-05-25,Post,51125.94,1873
T1055,South,Test,CAT01,Grocery & Essentials,2026-06-01,Post,54264.91,1371
T1055,South,Test,CAT01,Grocery & Essentials,2026-06-08,Post,52649.92,2612
T1055,South,Test,CAT01,Grocery & Essentials,2026-06-15,Post,47257.07,2195
T1055,South,Test,CAT01,Grocery & Essentials,2026-06-22,Post,55486.35,3019
T1055,South,Test,CAT01,Grocery & Essentials,2026-06-29,Post,57109.44,1789
T1055,South,Test,CAT02,Apparel & Accessories,2026-01-05,Pre,19873.58,525
T1055,South,Test,CAT02,Apparel & Accessories,2026-01-12,Pre,20351.73,624
T1055,South,Test,CAT02,Apparel & Accessories,2026-01-19,Pre,21940.51,646
T1055,South,Test,CAT02,Apparel & Accessories,2026-01-26,Pre,22634.12,835
T1055,South,Test,CAT02,Apparel & Accessories,2026-02-02,Pre,20818.11,488
T1055,South,Test,CAT02,Apparel & Accessories,2026-02-09,Pre,21694.49,618
T1055,South,Test,CAT02,Apparel & Accessories,2026-02-16,Pre,22165.77,789
T1055,South,Test,CAT02,Apparel & Accessories,2026-02-23,Pre,21835.79,967
T1055,South,Test,CAT02,Apparel & Accessories,2026-03-02,Pre,22015.13,897
T1055,South,Test,CAT02,Apparel & Accessories,2026-03-09,Pre,22393.11,683
T1055,South,Test,CAT02,Apparel & Accessories,2026-03-16,Pre,19094.68,649
T1055,South,Test,CAT02,Apparel & Accessories,2026-03-23,Pre,21170.03,619
T1055,South,Test,CAT02,Apparel & Accessories,2026-03-30,Pre,21623.63,560
T1055,South,Test,CAT02,Apparel & Accessories,2026-04-06,Post,20789.92,650
T1055,South,Test,CAT02,Apparel & Accessories,2026-04-13,Post,21557.77,1029
T1055,South,Test,CAT02,Apparel & Accessories,2026-04-20,Post,22254.41,1171
T1055,South,Test,CAT02,Apparel & Accessories,2026-04-27,Post,23495.55,915
T1055,South,Test,CAT02,Apparel & Accessories,2026-05-04,Post,22061.37,704
T1055,South,Test,CAT02,Apparel & Accessories,2026-05-11,Post,22950.09,772
T1055,South,Test,CAT02,Apparel & Accessories,2026-05-18,Post,22101.87,766
T1055,South,Test,CAT02,Apparel & Accessories,2026-05-25,Post,24401.37,797
T1055,South,Test,CAT02,Apparel & Accessories,2026-06-01,Post,20956.86,468
T1055,South,Test,CAT02,Apparel & Accessories,2026-06-08,Post,22996.72,801
T1055,South,Test,CAT02,Apparel & Accessories,2026-06-15,Post,20668.18,592
T1055,South,Test,CAT02,Apparel & Accessories,2026-06-22,Post,23596.78,633
T1055,South,Test,CAT02,Apparel & Accessories,2026-06-29,Post,21149.44,1054
T1055,South,Test,CAT03,Home,2026-01-05,Pre,24882.57,736
T1055,South,Test,CAT03,Home,2026-01-12,Pre,24779.34,642
T1055,South,Test,CAT03,Home,2026-01-19,Pre,29463.04,1249
T1055,South,Test,CAT03,Home,2026-01-26,Pre,24392.57,589
T1055,South,Test,CAT03,Home,2026-02-02,Pre,27436.84,684
T1055,South,Test,CAT03,Home,2026-02-09,Pre,29025.32,647
T1055,South,Test,CAT03,Home,2026-02-16,Pre,21879.97,1035
T1055,South,Test,CAT03,Home,2026-02-23,Pre,26141.37,878
T1055,South,Test,CAT03,Home,2026-03-02,Pre,28591.05,945
T1055,South,Test,CAT03,Home,2026-03-09,Pre,23255.3,840
T1055,South,Test,CAT03,Home,2026-03-16,Pre,27995.45,1264
T1055,South,Test,CAT03,Home,2026-03-23,Pre,26224.41,1140
T1055,South,Test,CAT03,Home,2026-03-30,Pre,22817.19,770
T1055,South,Test,CAT03,Home,2026-04-06,Post,28604.99,900
T1055,South,Test,CAT03,Home,2026-04-13,Post,27881.98,659
T1055,South,Test,CAT03,Home,2026-04-20,Post,25303.93,1189
T1055,South,Test,CAT03,Home,2026-04-27,Post,28213.64,1208
T1055,South,Test,CAT03,Home,2026-05-04,Post,24096.56,573
T1055,South,Test,CAT03,Home,2026-05-11,Post,26103.95,1077
T1055,South,Test,CAT03,Home,2026-05-18,Post,27313.95,673
T1055,South,Test,CAT03,Home,2026-05-25,Post,27316.96,657
T1055,South,Test,CAT03,Home,2026-06-01,Post,28302.92,641
T1055,South,Test,CAT03,Home,2026-06-08,Post,31737.62,1132
T1055,South,Test,CAT03,Home,2026-06-15,Post,25640.52,572
T1055,South,Test,CAT03,Home,2026-06-22,Post,28179.7,944
T1055,South,Test,CAT03,Home,2026-06-29,Post,28335.58,902
T1055,South,Test,CAT04,Electronics,2026-01-05,Pre,18662.87,468
T1055,South,Test,CAT04,Electronics,2026-01-12,Pre,17306.75,590
T1055,South,Test,CAT04,Electronics,2026-01-19,Pre,15256.97,453
T1055,South,Test,CAT04,Electronics,2026-01-26,Pre,17616.56,415
T1055,South,Test,CAT04,Electronics,2026-02-02,Pre,15244.66,507
T1055,South,Test,CAT04,Electronics,2026-02-09,Pre,18902.22,585
T1055,South,Test,CAT04,Electronics,2026-02-16,Pre,17708.41,489
T1055,South,Test,CAT04,Electronics,2026-02-23,Pre,18247.52,586
T1055,South,Test,CAT04,Electronics,2026-03-02,Pre,16646.32,632
T1055,South,Test,CAT04,Electronics,2026-03-09,Pre,16766.16,608
T1055,South,Test,CAT04,Electronics,2026-03-16,Pre,18705.56,460
T1055,South,Test,CAT04,Electronics,2026-03-23,Pre,17709.25,723
T1055,South,Test,CAT04,Electronics,2026-03-30,Pre,17231.46,825
T1055,South,Test,CAT04,Electronics,2026-04-06,Post,23377.78,1250
T1055,South,Test,CAT04,Electronics,2026-04-13,Post,22237.29,1052
T1055,South,Test,CAT04,Electronics,2026-04-20,Post,21799.64,665
T1055,South,Test,CAT04,Electronics,2026-04-27,Post,21928.14,657
T1055,South,Test,CAT04,Electronics,2026-05-04,Post,19455.25,834
T1055,South,Test,CAT04,Electronics,2026-05-11,Post,18172.5,453
T1055,South,Test,CAT04,Electronics,2026-05-18,Post,19939.27,641
T1055,South,Test,CAT04,Electronics,2026-05-25,Post,19765.62,810
T1055,South,Test,CAT04,Electronics,2026-06-01,Post,19400.89,565
T1055,South,Test,CAT04,Electronics,2026-06-08,Post,21942.14,1041
T1055,South,Test,CAT04,Electronics,2026-06-15,Post,21524.85,982
T1055,South,Test,CAT04,Electronics,2026-06-22,Post,20384.29,590
T1055,South,Test,CAT04,Electronics,2026-06-29,Post,22995.62,587
T1055,South,Test,CAT05,Beauty & Personal Care,2026-01-05,Pre,12779.11,319
T1055,South,Test,CAT05,Beauty & Personal Care,2026-01-12,Pre,13470.16,389
T1055,South,Test,CAT05,Beauty & Personal Care,2026-01-19,Pre,13873.18,375
T1055,South,Test,CAT05,Beauty & Personal Care,2026-01-26,Pre,13508.47,334
T1055,South,Test,CAT05,Beauty & Personal Care,2026-02-02,Pre,13837.94,501
T1055,South,Test,CAT05,Beauty & Personal Care,2026-02-09,Pre,14383.11,546
T1055,South,Test,CAT05,Beauty & Personal Care,2026-02-16,Pre,13209.06,339
T1055,South,Test,CAT05,Beauty & Personal Care,2026-02-23,Pre,14364.92,622
T1055,South,Test,CAT05,Beauty & Personal Care,2026-03-02,Pre,14615.98,559
T1055,South,Test,CAT05,Beauty & Personal Care,2026-03-09,Pre,14815.35,683
T1055,South,Test,CAT05,Beauty & Personal Care,2026-03-16,Pre,15422.24,601
T1055,South,Test,CAT05,Beauty & Personal Care,2026-03-23,Pre,14032.0,316
T1055,South,Test,CAT05,Beauty & Personal Care,2026-03-30,Pre,13319.52,301
T1055,South,Test,CAT05,Beauty & Personal Care,2026-04-06,Post,13612.98,383
T1055,South,Test,CAT05,Beauty & Personal Care,2026-04-13,Post,15855.73,398
T1055,South,Test,CAT05,Beauty & Personal Care,2026-04-20,Post,16458.86,659
T1055,South,Test,CAT05,Beauty & Personal Care,2026-04-27,Post,14540.19,334
T1055,South,Test,CAT05,Beauty & Personal Care,2026-05-04,Post,16723.68,526
T1055,South,Test,CAT05,Beauty & Personal Care,2026-05-11,Post,13391.91,482
T1055,South,Test,CAT05,Beauty & Personal Care,2026-05-18,Post,15232.57,557
T1055,South,Test,CAT05,Beauty & Personal Care,2026-05-25,Post,16630.59,563
T1055,South,Test,CAT05,Beauty & Personal Care,2026-06-01,Post,15953.43,503
T1055,South,Test,CAT05,Beauty & Personal Care,2026-06-08,Post,15759.26,410
T1055,South,Test,CAT05,Beauty & Personal Care,2026-06-15,Post,15023.21,473
T1055,South,Test,CAT05,Beauty & Personal Care,2026-06-22,Post,14680.18,779
T1055,South,Test,CAT05,Beauty & Personal Care,2026-06-29,Post,15687.09,381
T1055,South,Test,CAT06,Toys,2026-01-05,Pre,10795.38,389
T1055,South,Test,CAT06,Toys,2026-01-12,Pre,11138.5,305
T1055,South,Test,CAT06,Toys,2026-01-19,Pre,10745.75,241
T1055,South,Test,CAT06,Toys,2026-01-26,Pre,9761.4,220
T1055,South,Test,CAT06,Toys,2026-02-02,Pre,9928.83,373
T1055,South,Test,CAT06,Toys,2026-02-09,Pre,10544.28,421
T1055,South,Test,CAT06,Toys,2026-02-16,Pre,9615.74,316
T1055,South,Test,CAT06,Toys,2026-02-23,Pre,9664.12,217
T1055,South,Test,CAT06,Toys,2026-03-02,Pre,11529.05,577
T1055,South,Test,CAT06,Toys,2026-03-09,Pre,10204.75,334
T1055,South,Test,CAT06,Toys,2026-03-16,Pre,11345.24,614
T1055,South,Test,CAT06,Toys,2026-03-23,Pre,11796.1,471
T1055,South,Test,CAT06,Toys,2026-03-30,Pre,11221.03,303
T1055,South,Test,CAT06,Toys,2026-04-06,Post,9948.58,300
T1055,South,Test,CAT06,Toys,2026-04-13,Post,11332.4,623
T1055,South,Test,CAT06,Toys,2026-04-20,Post,12415.45,363
T1055,South,Test,CAT06,Toys,2026-04-27,Post,11332.03,476
T1055,South,Test,CAT06,Toys,2026-05-04,Post,10949.18,549
T1055,South,Test,CAT06,Toys,2026-05-11,Post,11146.12,304
T1055,South,Test,CAT06,Toys,2026-05-18,Post,10187.07,328
T1055,South,Test,CAT06,Toys,2026-05-25,Post,11290.03,332
T1055,South,Test,CAT06,Toys,2026-06-01,Post,10949.63,334
T1055,South,Test,CAT06,Toys,2026-06-08,Post,10673.79,390
T1055,South,Test,CAT06,Toys,2026-06-15,Post,11229.78,415
T1055,South,Test,CAT06,Toys,2026-06-22,Post,11471.88,496
T1055,South,Test,CAT06,Toys,2026-06-29,Post,11282.9,465
T1055,South,Test,CAT07,Hardlines,2026-01-05,Pre,16060.22,441
T1055,South,Test,CAT07,Hardlines,2026-01-12,Pre,16363.18,626
T1055,South,Test,CAT07,Hardlines,2026-01-19,Pre,15493.17,368
T1055,South,Test,CAT07,Hardlines,2026-01-26,Pre,15953.16,416
T1055,South,Test,CAT07,Hardlines,2026-02-02,Pre,17072.18,645
T1055,South,Test,CAT07,Hardlines,2026-02-09,Pre,15937.84,486
T1055,South,Test,CAT07,Hardlines,2026-02-16,Pre,15876.28,411
T1055,South,Test,CAT07,Hardlines,2026-02-23,Pre,16102.24,678
T1055,South,Test,CAT07,Hardlines,2026-03-02,Pre,19698.37,545
T1055,South,Test,CAT07,Hardlines,2026-03-09,Pre,16994.51,623
T1055,South,Test,CAT07,Hardlines,2026-03-16,Pre,16405.15,408
T1055,South,Test,CAT07,Hardlines,2026-03-23,Pre,18822.11,937
T1055,South,Test,CAT07,Hardlines,2026-03-30,Pre,17220.47,843
T1055,South,Test,CAT07,Hardlines,2026-04-06,Post,17820.66,630
T1055,South,Test,CAT07,Hardlines,2026-04-13,Post,15812.91,689
T1055,South,Test,CAT07,Hardlines,2026-04-20,Post,18474.48,764
T1055,South,Test,CAT07,Hardlines,2026-04-27,Post,16878.4,417
T1055,South,Test,CAT07,Hardlines,2026-05-04,Post,16977.23,720
T1055,South,Test,CAT07,Hardlines,2026-05-11,Post,17495.85,729
T1055,South,Test,CAT07,Hardlines,2026-05-18,Post,18206.4,433
T1055,South,Test,CAT07,Hardlines,2026-05-25,Post,17141.77,410
T1055,South,Test,CAT07,Hardlines,2026-06-01,Post,16538.61,410
T1055,South,Test,CAT07,Hardlines,2026-06-08,Post,17865.55,889
T1055,South,Test,CAT07,Hardlines,2026-06-15,Post,16893.15,677
T1055,South,Test,CAT07,Hardlines,2026-06-22,Post,17680.6,461
T1055,South,Test,CAT07,Hardlines,2026-06-29,Post,19831.87,490
T1055,South,Test,CAT08,Softlines,2026-01-05,Pre,14492.29,498
T1055,South,Test,CAT08,Softlines,2026-01-12,Pre,13375.04,504
T1055,South,Test,CAT08,Softlines,2026-01-19,Pre,12229.94,500
T1055,South,Test,CAT08,Softlines,2026-01-26,Pre,12093.26,443
T1055,South,Test,CAT08,Softlines,2026-02-02,Pre,12195.13,276
T1055,South,Test,CAT08,Softlines,2026-02-09,Pre,12023.69,458
T1055,South,Test,CAT08,Softlines,2026-02-16,Pre,12963.96,342
T1055,South,Test,CAT08,Softlines,2026-02-23,Pre,14069.39,409
T1055,South,Test,CAT08,Softlines,2026-03-02,Pre,12916.5,509
T1055,South,Test,CAT08,Softlines,2026-03-09,Pre,13839.47,703
T1055,South,Test,CAT08,Softlines,2026-03-16,Pre,14225.28,416
T1055,South,Test,CAT08,Softlines,2026-03-23,Pre,12755.68,291
T1055,South,Test,CAT08,Softlines,2026-03-30,Pre,14188.63,603
T1055,South,Test,CAT08,Softlines,2026-04-06,Post,13584.92,475
T1055,South,Test,CAT08,Softlines,2026-04-13,Post,13302.27,401
T1055,South,Test,CAT08,Softlines,2026-04-20,Post,15293.53,642
T1055,South,Test,CAT08,Softlines,2026-04-27,Post,13094.34,576
T1055,South,Test,CAT08,Softlines,2026-05-04,Post,13855.32,308
T1055,South,Test,CAT08,Softlines,2026-05-11,Post,13410.22,300
T1055,South,Test,CAT08,Softlines,2026-05-18,Post,13088.17,510
T1055,South,Test,CAT08,Softlines,2026-05-25,Post,15653.12,789
T1055,South,Test,CAT08,Softlines,2026-06-01,Post,11543.94,264
T1055,South,Test,CAT08,Softlines,2026-06-08,Post,13498.85,313
T1055,South,Test,CAT08,Softlines,2026-06-15,Post,13890.59,358
T1055,South,Test,CAT08,Softlines,2026-06-22,Post,14971.1,548
T1055,South,Test,CAT08,Softlines,2026-06-29,Post,13690.04,470
T1056,Midwest,Test,CAT01,Grocery & Essentials,2026-01-05,Pre,54819.16,1320
T1056,Midwest,Test,CAT01,Grocery & Essentials,2026-01-12,Pre,54796.23,2460
T1056,Midwest,Test,CAT01,Grocery & Essentials,2026-01-19,Pre,58004.06,1747
T1056,Midwest,Test,CAT01,Grocery & Essentials,2026-01-26,Pre,55838.47,2989
T1056,Midwest,Test,CAT01,Grocery & Essentials,2026-02-02,Pre,60348.69,1959
T1056,Midwest,Test,CAT01,Grocery & Essentials,2026-02-09,Pre,56413.5,2356
T1056,Midwest,Test,CAT01,Grocery & Essentials,2026-02-16,Pre,53120.48,1603
T1056,Midwest,Test,CAT01,Grocery & Essentials,2026-02-23,Pre,55738.56,2161
T1056,Midwest,Test,CAT01,Grocery & Essentials,2026-03-02,Pre,46334.14,1409
T1056,Midwest,Test,CAT01,Grocery & Essentials,2026-03-09,Pre,57566.99,2039
T1056,Midwest,Test,CAT01,Grocery & Essentials,2026-03-16,Pre,53364.8,2943
T1056,Midwest,Test,CAT01,Grocery & Essentials,2026-03-23,Pre,57137.1,2948
T1056,Midwest,Test,CAT01,Grocery & Essentials,2026-03-30,Pre,54312.53,1369
T1056,Midwest,Test,CAT01,Grocery & Essentials,2026-04-06,Post,52725.14,1457
T1056,Midwest,Test,CAT01,Grocery & Essentials,2026-04-13,Post,64114.88,2437
T1056,Midwest,Test,CAT01,Grocery & Essentials,2026-04-20,Post,54864.91,2695
T1056,Midwest,Test,CAT01,Grocery & Essentials,2026-04-27,Post,54390.98,2913
T1056,Midwest,Test,CAT01,Grocery & Essentials,2026-05-04,Post,60817.49,1920
T1056,Midwest,Test,CAT01,Grocery & Essentials,2026-05-11,Post,56846.32,2084
T1056,Midwest,Test,CAT01,Grocery & Essentials,2026-05-18,Post,55413.66,1636
T1056,Midwest,Test,CAT01,Grocery & Essentials,2026-05-25,Post,61623.97,1704
T1056,Midwest,Test,CAT01,Grocery & Essentials,2026-06-01,Post,58652.99,1434
T1056,Midwest,Test,CAT01,Grocery & Essentials,2026-06-08,Post,62657.65,2471
T1056,Midwest,Test,CAT01,Grocery & Essentials,2026-06-15,Post,65033.97,2162
T1056,Midwest,Test,CAT01,Grocery & Essentials,2026-06-22,Post,58019.17,1794
T1056,Midwest,Test,CAT01,Grocery & Essentials,2026-06-29,Post,62391.96,1872
T1056,Midwest,Test,CAT02,Apparel & Accessories,2026-01-05,Pre,25612.03,788
T1056,Midwest,Test,CAT02,Apparel & Accessories,2026-01-12,Pre,26208.58,829
T1056,Midwest,Test,CAT02,Apparel & Accessories,2026-01-19,Pre,22537.99,698
T1056,Midwest,Test,CAT02,Apparel & Accessories,2026-01-26,Pre,25231.74,956
T1056,Midwest,Test,CAT02,Apparel & Accessories,2026-02-02,Pre,20323.22,860
T1056,Midwest,Test,CAT02,Apparel & Accessories,2026-02-09,Pre,24154.05,635
T1056,Midwest,Test,CAT02,Apparel & Accessories,2026-02-16,Pre,21644.68,612
T1056,Midwest,Test,CAT02,Apparel & Accessories,2026-02-23,Pre,23322.98,526
T1056,Midwest,Test,CAT02,Apparel & Accessories,2026-03-02,Pre,27793.58,959
T1056,Midwest,Test,CAT02,Apparel & Accessories,2026-03-09,Pre,25606.56,864
T1056,Midwest,Test,CAT02,Apparel & Accessories,2026-03-16,Pre,22017.62,499
T1056,Midwest,Test,CAT02,Apparel & Accessories,2026-03-23,Pre,22545.38,1024
T1056,Midwest,Test,CAT02,Apparel & Accessories,2026-03-30,Pre,26315.56,832
T1056,Midwest,Test,CAT02,Apparel & Accessories,2026-04-06,Post,26352.23,601
T1056,Midwest,Test,CAT02,Apparel & Accessories,2026-04-13,Post,21537.05,482
T1056,Midwest,Test,CAT02,Apparel & Accessories,2026-04-20,Post,26655.46,1127
T1056,Midwest,Test,CAT02,Apparel & Accessories,2026-04-27,Post,25187.7,641
T1056,Midwest,Test,CAT02,Apparel & Accessories,2026-05-04,Post,26388.89,1132
T1056,Midwest,Test,CAT02,Apparel & Accessories,2026-05-11,Post,24398.49,918
T1056,Midwest,Test,CAT02,Apparel & Accessories,2026-05-18,Post,24415.46,580
T1056,Midwest,Test,CAT02,Apparel & Accessories,2026-05-25,Post,25467.0,777
T1056,Midwest,Test,CAT02,Apparel & Accessories,2026-06-01,Post,23897.3,996
T1056,Midwest,Test,CAT02,Apparel & Accessories,2026-06-08,Post,23721.77,705
T1056,Midwest,Test,CAT02,Apparel & Accessories,2026-06-15,Post,26425.06,747
T1056,Midwest,Test,CAT02,Apparel & Accessories,2026-06-22,Post,26685.44,1157
T1056,Midwest,Test,CAT02,Apparel & Accessories,2026-06-29,Post,24022.15,667
T1056,Midwest,Test,CAT03,Home,2026-01-05,Pre,27338.98,1001
T1056,Midwest,Test,CAT03,Home,2026-01-12,Pre,29393.61,1438
T1056,Midwest,Test,CAT03,Home,2026-01-19,Pre,29336.56,1194
T1056,Midwest,Test,CAT03,Home,2026-01-26,Pre,29282.82,695
T1056,Midwest,Test,CAT03,Home,2026-02-02,Pre,27206.02,718
T1056,Midwest,Test,CAT03,Home,2026-02-09,Pre,33932.58,1056
T1056,Midwest,Test,CAT03,Home,2026-02-16,Pre,28225.26,658
T1056,Midwest,Test,CAT03,Home,2026-02-23,Pre,30182.23,1529
T1056,Midwest,Test,CAT03,Home,2026-03-02,Pre,27084.71,1092
T1056,Midwest,Test,CAT03,Home,2026-03-09,Pre,29363.55,895
T1056,Midwest,Test,CAT03,Home,2026-03-16,Pre,27715.39,1242
T1056,Midwest,Test,CAT03,Home,2026-03-23,Pre,28697.82,768
T1056,Midwest,Test,CAT03,Home,2026-03-30,Pre,30363.54,741
T1056,Midwest,Test,CAT03,Home,2026-04-06,Post,32688.15,966
T1056,Midwest,Test,CAT03,Home,2026-04-13,Post,28821.67,658
T1056,Midwest,Test,CAT03,Home,2026-04-20,Post,30607.4,1323
T1056,Midwest,Test,CAT03,Home,2026-04-27,Post,31210.7,791
T1056,Midwest,Test,CAT03,Home,2026-05-04,Post,31884.31,949
T1056,Midwest,Test,CAT03,Home,2026-05-11,Post,26697.89,842
T1056,Midwest,Test,CAT03,Home,2026-05-18,Post,32450.49,1682
T1056,Midwest,Test,CAT03,Home,2026-05-25,Post,31705.31,714
T1056,Midwest,Test,CAT03,Home,2026-06-01,Post,31362.8,1058
T1056,Midwest,Test,CAT03,Home,2026-06-08,Post,35998.9,854
T1056,Midwest,Test,CAT03,Home,2026-06-15,Post,29561.83,1094
T1056,Midwest,Test,CAT03,Home,2026-06-22,Post,31904.62,1097
T1056,Midwest,Test,CAT03,Home,2026-06-29,Post,35753.23,1079
T1056,Midwest,Test,CAT04,Electronics,2026-01-05,Pre,21007.65,962
T1056,Midwest,Test,CAT04,Electronics,2026-01-12,Pre,18975.65,571
T1056,Midwest,Test,CAT04,Electronics,2026-01-19,Pre,19864.23,937
T1056,Midwest,Test,CAT04,Electronics,2026-01-26,Pre,19985.72,491
T1056,Midwest,Test,CAT04,Electronics,2026-02-02,Pre,19389.33,1061
T1056,Midwest,Test,CAT04,Electronics,2026-02-09,Pre,18035.5,854
T1056,Midwest,Test,CAT04,Electronics,2026-02-16,Pre,19375.75,522
T1056,Midwest,Test,CAT04,Electronics,2026-02-23,Pre,20681.28,588
T1056,Midwest,Test,CAT04,Electronics,2026-03-02,Pre,19497.61,792
T1056,Midwest,Test,CAT04,Electronics,2026-03-09,Pre,20019.84,936
T1056,Midwest,Test,CAT04,Electronics,2026-03-16,Pre,22052.97,948
T1056,Midwest,Test,CAT04,Electronics,2026-03-23,Pre,20183.08,536
T1056,Midwest,Test,CAT04,Electronics,2026-03-30,Pre,20348.46,699
T1056,Midwest,Test,CAT04,Electronics,2026-04-06,Post,23851.39,722
T1056,Midwest,Test,CAT04,Electronics,2026-04-13,Post,21981.1,919
T1056,Midwest,Test,CAT04,Electronics,2026-04-20,Post,21729.92,1146
T1056,Midwest,Test,CAT04,Electronics,2026-04-27,Post,25121.64,1203
T1056,Midwest,Test,CAT04,Electronics,2026-05-04,Post,24031.0,792
T1056,Midwest,Test,CAT04,Electronics,2026-05-11,Post,24591.41,1350
T1056,Midwest,Test,CAT04,Electronics,2026-05-18,Post,24497.64,553
T1056,Midwest,Test,CAT04,Electronics,2026-05-25,Post,23415.53,628
T1056,Midwest,Test,CAT04,Electronics,2026-06-01,Post,26097.93,998
T1056,Midwest,Test,CAT04,Electronics,2026-06-08,Post,24695.61,592
T1056,Midwest,Test,CAT04,Electronics,2026-06-15,Post,23966.69,618
T1056,Midwest,Test,CAT04,Electronics,2026-06-22,Post,23836.73,749
T1056,Midwest,Test,CAT04,Electronics,2026-06-29,Post,26214.99,763
T1056,Midwest,Test,CAT05,Beauty & Personal Care,2026-01-05,Pre,14814.0,351
T1056,Midwest,Test,CAT05,Beauty & Personal Care,2026-01-12,Pre,16187.68,564
T1056,Midwest,Test,CAT05,Beauty & Personal Care,2026-01-19,Pre,17139.51,663
T1056,Midwest,Test,CAT05,Beauty & Personal Care,2026-01-26,Pre,15464.31,673
T1056,Midwest,Test,CAT05,Beauty & Personal Care,2026-02-02,Pre,14631.68,341
T1056,Midwest,Test,CAT05,Beauty & Personal Care,2026-02-09,Pre,16436.1,523
T1056,Midwest,Test,CAT05,Beauty & Personal Care,2026-02-16,Pre,16233.9,564
T1056,Midwest,Test,CAT05,Beauty & Personal Care,2026-02-23,Pre,15656.88,788
T1056,Midwest,Test,CAT05,Beauty & Personal Care,2026-03-02,Pre,16268.64,520
T1056,Midwest,Test,CAT05,Beauty & Personal Care,2026-03-09,Pre,15015.93,402
T1056,Midwest,Test,CAT05,Beauty & Personal Care,2026-03-16,Pre,15312.21,533
T1056,Midwest,Test,CAT05,Beauty & Personal Care,2026-03-23,Pre,17716.0,789
T1056,Midwest,Test,CAT05,Beauty & Personal Care,2026-03-30,Pre,15385.78,411
T1056,Midwest,Test,CAT05,Beauty & Personal Care,2026-04-06,Post,18444.25,459
T1056,Midwest,Test,CAT05,Beauty & Personal Care,2026-04-13,Post,15737.44,395
T1056,Midwest,Test,CAT05,Beauty & Personal Care,2026-04-20,Post,16181.71,375
T1056,Midwest,Test,CAT05,Beauty & Personal Care,2026-04-27,Post,14800.7,571
T1056,Midwest,Test,CAT05,Beauty & Personal Care,2026-05-04,Post,17342.98,460
T1056,Midwest,Test,CAT05,Beauty & Personal Care,2026-05-11,Post,15953.56,396
T1056,Midwest,Test,CAT05,Beauty & Personal Care,2026-05-18,Post,16931.11,419
T1056,Midwest,Test,CAT05,Beauty & Personal Care,2026-05-25,Post,18248.79,507
T1056,Midwest,Test,CAT05,Beauty & Personal Care,2026-06-01,Post,15985.86,525
T1056,Midwest,Test,CAT05,Beauty & Personal Care,2026-06-08,Post,16120.12,786
T1056,Midwest,Test,CAT05,Beauty & Personal Care,2026-06-15,Post,17515.95,908
T1056,Midwest,Test,CAT05,Beauty & Personal Care,2026-06-22,Post,17466.99,579
T1056,Midwest,Test,CAT05,Beauty & Personal Care,2026-06-29,Post,18206.79,827
T1056,Midwest,Test,CAT06,Toys,2026-01-05,Pre,12543.33,405
T1056,Midwest,Test,CAT06,Toys,2026-01-12,Pre,11884.99,334
T1056,Midwest,Test,CAT06,Toys,2026-01-19,Pre,11263.12,339
T1056,Midwest,Test,CAT06,Toys,2026-01-26,Pre,12823.04,322
T1056,Midwest,Test,CAT06,Toys,2026-02-02,Pre,12381.49,288
T1056,Midwest,Test,CAT06,Toys,2026-02-09,Pre,13208.21,520
T1056,Midwest,Test,CAT06,Toys,2026-02-16,Pre,11238.23,406
T1056,Midwest,Test,CAT06,Toys,2026-02-23,Pre,13267.68,325
T1056,Midwest,Test,CAT06,Toys,2026-03-02,Pre,11368.64,257
T1056,Midwest,Test,CAT06,Toys,2026-03-09,Pre,12839.57,371
T1056,Midwest,Test,CAT06,Toys,2026-03-16,Pre,11177.15,367
T1056,Midwest,Test,CAT06,Toys,2026-03-23,Pre,12221.61,335
T1056,Midwest,Test,CAT06,Toys,2026-03-30,Pre,13481.12,551
T1056,Midwest,Test,CAT06,Toys,2026-04-06,Post,11097.25,378
T1056,Midwest,Test,CAT06,Toys,2026-04-13,Post,14674.62,404
T1056,Midwest,Test,CAT06,Toys,2026-04-20,Post,12646.76,313
T1056,Midwest,Test,CAT06,Toys,2026-04-27,Post,10535.7,373
T1056,Midwest,Test,CAT06,Toys,2026-05-04,Post,12331.76,316
T1056,Midwest,Test,CAT06,Toys,2026-05-11,Post,12132.72,299
T1056,Midwest,Test,CAT06,Toys,2026-05-18,Post,11654.96,313
T1056,Midwest,Test,CAT06,Toys,2026-05-25,Post,11778.38,280
T1056,Midwest,Test,CAT06,Toys,2026-06-01,Post,12569.71,312
T1056,Midwest,Test,CAT06,Toys,2026-06-08,Post,11896.36,268
T1056,Midwest,Test,CAT06,Toys,2026-06-15,Post,12181.99,313
T1056,Midwest,Test,CAT06,Toys,2026-06-22,Post,14209.46,665
T1056,Midwest,Test,CAT06,Toys,2026-06-29,Post,13435.66,331
T1056,Midwest,Test,CAT07,Hardlines,2026-01-05,Pre,18479.55,481
T1056,Midwest,Test,CAT07,Hardlines,2026-01-12,Pre,20861.66,841
T1056,Midwest,Test,CAT07,Hardlines,2026-01-19,Pre,18492.33,643
T1056,Midwest,Test,CAT07,Hardlines,2026-01-26,Pre,18497.81,555
T1056,Midwest,Test,CAT07,Hardlines,2026-02-02,Pre,18022.44,572
T1056,Midwest,Test,CAT07,Hardlines,2026-02-09,Pre,19112.17,553
T1056,Midwest,Test,CAT07,Hardlines,2026-02-16,Pre,19483.11,618
T1056,Midwest,Test,CAT07,Hardlines,2026-02-23,Pre,19821.13,751
T1056,Midwest,Test,CAT07,Hardlines,2026-03-02,Pre,17966.64,711
T1056,Midwest,Test,CAT07,Hardlines,2026-03-09,Pre,16794.04,561
T1056,Midwest,Test,CAT07,Hardlines,2026-03-16,Pre,16670.4,500
T1056,Midwest,Test,CAT07,Hardlines,2026-03-23,Pre,19443.99,889
T1056,Midwest,Test,CAT07,Hardlines,2026-03-30,Pre,19413.3,499
T1056,Midwest,Test,CAT07,Hardlines,2026-04-06,Post,18494.37,962
T1056,Midwest,Test,CAT07,Hardlines,2026-04-13,Post,20077.66,464
T1056,Midwest,Test,CAT07,Hardlines,2026-04-20,Post,19637.03,441
T1056,Midwest,Test,CAT07,Hardlines,2026-04-27,Post,16645.34,782
T1056,Midwest,Test,CAT07,Hardlines,2026-05-04,Post,18752.12,422
T1056,Midwest,Test,CAT07,Hardlines,2026-05-11,Post,19317.49,593
T1056,Midwest,Test,CAT07,Hardlines,2026-05-18,Post,18115.0,529
T1056,Midwest,Test,CAT07,Hardlines,2026-05-25,Post,16842.92,471
T1056,Midwest,Test,CAT07,Hardlines,2026-06-01,Post,19026.65,558
T1056,Midwest,Test,CAT07,Hardlines,2026-06-08,Post,19082.87,814
T1056,Midwest,Test,CAT07,Hardlines,2026-06-15,Post,19577.82,560
T1056,Midwest,Test,CAT07,Hardlines,2026-06-22,Post,19952.66,456
T1056,Midwest,Test,CAT07,Hardlines,2026-06-29,Post,18183.39,749
T1056,Midwest,Test,CAT08,Softlines,2026-01-05,Pre,15796.61,561
T1056,Midwest,Test,CAT08,Softlines,2026-01-12,Pre,13715.61,526
T1056,Midwest,Test,CAT08,Softlines,2026-01-19,Pre,13769.24,388
T1056,Midwest,Test,CAT08,Softlines,2026-01-26,Pre,14329.08,386
T1056,Midwest,Test,CAT08,Softlines,2026-02-02,Pre,12943.15,405
T1056,Midwest,Test,CAT08,Softlines,2026-02-09,Pre,10913.31,557
T1056,Midwest,Test,CAT08,Softlines,2026-02-16,Pre,14443.59,541
T1056,Midwest,Test,CAT08,Softlines,2026-02-23,Pre,15407.1,766
T1056,Midwest,Test,CAT08,Softlines,2026-03-02,Pre,15765.89,372
T1056,Midwest,Test,CAT08,Softlines,2026-03-09,Pre,13553.08,374
T1056,Midwest,Test,CAT08,Softlines,2026-03-16,Pre,15077.37,399
T1056,Midwest,Test,CAT08,Softlines,2026-03-23,Pre,16283.95,564
T1056,Midwest,Test,CAT08,Softlines,2026-03-30,Pre,15414.96,745
T1056,Midwest,Test,CAT08,Softlines,2026-04-06,Post,13981.29,454
T1056,Midwest,Test,CAT08,Softlines,2026-04-13,Post,16079.96,636
T1056,Midwest,Test,CAT08,Softlines,2026-04-20,Post,15666.47,629
T1056,Midwest,Test,CAT08,Softlines,2026-04-27,Post,15616.75,698
T1056,Midwest,Test,CAT08,Softlines,2026-05-04,Post,14961.48,389
T1056,Midwest,Test,CAT08,Softlines,2026-05-11,Post,15667.15,609
T1056,Midwest,Test,CAT08,Softlines,2026-05-18,Post,18300.78,593
T1056,Midwest,Test,CAT08,Softlines,2026-05-25,Post,13437.21,380
T1056,Midwest,Test,CAT08,Softlines,2026-06-01,Post,14967.41,535
T1056,Midwest,Test,CAT08,Softlines,2026-06-08,Post,15120.21,624
T1056,Midwest,Test,CAT08,Softlines,2026-06-15,Post,12980.02,377
T1056,Midwest,Test,CAT08,Softlines,2026-06-22,Post,17856.87,831
T1056,Midwest,Test,CAT08,Softlines,2026-06-29,Post,14539.91,482
T1057,South,Control,CAT01,Grocery & Essentials,2026-01-05,Pre,41858.57,1130
T1057,South,Control,CAT01,Grocery & Essentials,2026-01-12,Pre,40509.28,1259
T1057,South,Control,CAT01,Grocery & Essentials,2026-01-19,Pre,46424.35,1612
T1057,South,Control,CAT01,Grocery & Essentials,2026-01-26,Pre,45149.86,1601
T1057,South,Control,CAT01,Grocery & Essentials,2026-02-02,Pre,45888.16,1109
T1057,South,Control,CAT01,Grocery & Essentials,2026-02-09,Pre,41325.64,1559
T1057,South,Control,CAT01,Grocery & Essentials,2026-02-16,Pre,42876.11,1730
T1057,South,Control,CAT01,Grocery & Essentials,2026-02-23,Pre,43397.04,1618
T1057,South,Control,CAT01,Grocery & Essentials,2026-03-02,Pre,48099.98,2080
T1057,South,Control,CAT01,Grocery & Essentials,2026-03-09,Pre,38792.75,1180
T1057,South,Control,CAT01,Grocery & Essentials,2026-03-16,Pre,41625.29,928
T1057,South,Control,CAT01,Grocery & Essentials,2026-03-23,Pre,47457.55,2282
T1057,South,Control,CAT01,Grocery & Essentials,2026-03-30,Pre,42391.78,1032
T1057,South,Control,CAT01,Grocery & Essentials,2026-04-06,Post,45348.98,1086
T1057,South,Control,CAT01,Grocery & Essentials,2026-04-13,Post,47588.31,1799
T1057,South,Control,CAT01,Grocery & Essentials,2026-04-20,Post,47201.62,1767
T1057,South,Control,CAT01,Grocery & Essentials,2026-04-27,Post,43446.68,1402
T1057,South,Control,CAT01,Grocery & Essentials,2026-05-04,Post,43890.17,1153
T1057,South,Control,CAT01,Grocery & Essentials,2026-05-11,Post,48369.81,1664
T1057,South,Control,CAT01,Grocery & Essentials,2026-05-18,Post,49369.39,1563
T1057,South,Control,CAT01,Grocery & Essentials,2026-05-25,Post,45227.12,1184
T1057,South,Control,CAT01,Grocery & Essentials,2026-06-01,Post,42071.7,1141
T1057,South,Control,CAT01,Grocery & Essentials,2026-06-08,Post,44384.3,1778
T1057,South,Control,CAT01,Grocery & Essentials,2026-06-15,Post,47195.5,2381
T1057,South,Control,CAT01,Grocery & Essentials,2026-06-22,Post,44308.46,1980
T1057,South,Control,CAT01,Grocery & Essentials,2026-06-29,Post,43640.03,1277
T1057,South,Control,CAT02,Apparel & Accessories,2026-01-05,Pre,17686.03,594
T1057,South,Control,CAT02,Apparel & Accessories,2026-01-12,Pre,19696.89,657
T1057,South,Control,CAT02,Apparel & Accessories,2026-01-19,Pre,18273.64,469
T1057,South,Control,CAT02,Apparel & Accessories,2026-01-26,Pre,19263.91,459
T1057,South,Control,CAT02,Apparel & Accessories,2026-02-02,Pre,16555.89,433
T1057,South,Control,CAT02,Apparel & Accessories,2026-02-09,Pre,20640.42,1010
T1057,South,Control,CAT02,Apparel & Accessories,2026-02-16,Pre,18998.42,535
T1057,South,Control,CAT02,Apparel & Accessories,2026-02-23,Pre,19026.69,423
T1057,South,Control,CAT02,Apparel & Accessories,2026-03-02,Pre,19351.77,1030
T1057,South,Control,CAT02,Apparel & Accessories,2026-03-09,Pre,22626.0,903
T1057,South,Control,CAT02,Apparel & Accessories,2026-03-16,Pre,20830.95,850
T1057,South,Control,CAT02,Apparel & Accessories,2026-03-23,Pre,20472.16,485
T1057,South,Control,CAT02,Apparel & Accessories,2026-03-30,Pre,19543.12,772
T1057,South,Control,CAT02,Apparel & Accessories,2026-04-06,Post,21553.95,671
T1057,South,Control,CAT02,Apparel & Accessories,2026-04-13,Post,18266.52,452
T1057,South,Control,CAT02,Apparel & Accessories,2026-04-20,Post,20510.28,710
T1057,South,Control,CAT02,Apparel & Accessories,2026-04-27,Post,17387.5,479
T1057,South,Control,CAT02,Apparel & Accessories,2026-05-04,Post,18066.04,450
T1057,South,Control,CAT02,Apparel & Accessories,2026-05-11,Post,18513.85,564
T1057,South,Control,CAT02,Apparel & Accessories,2026-05-18,Post,18942.38,508
T1057,South,Control,CAT02,Apparel & Accessories,2026-05-25,Post,20322.65,827
T1057,South,Control,CAT02,Apparel & Accessories,2026-06-01,Post,23860.68,840
T1057,South,Control,CAT02,Apparel & Accessories,2026-06-08,Post,22006.7,949
T1057,South,Control,CAT02,Apparel & Accessories,2026-06-15,Post,21741.88,640
T1057,South,Control,CAT02,Apparel & Accessories,2026-06-22,Post,20033.61,490
T1057,South,Control,CAT02,Apparel & Accessories,2026-06-29,Post,21111.05,1005
T1057,South,Control,CAT03,Home,2026-01-05,Pre,21012.0,800
T1057,South,Control,CAT03,Home,2026-01-12,Pre,21881.02,585
T1057,South,Control,CAT03,Home,2026-01-19,Pre,22436.57,704
T1057,South,Control,CAT03,Home,2026-01-26,Pre,22918.43,706
T1057,South,Control,CAT03,Home,2026-02-02,Pre,23468.38,585
T1057,South,Control,CAT03,Home,2026-02-09,Pre,22160.87,935
T1057,South,Control,CAT03,Home,2026-02-16,Pre,22035.54,1158
T1057,South,Control,CAT03,Home,2026-02-23,Pre,20574.54,652
T1057,South,Control,CAT03,Home,2026-03-02,Pre,23643.43,955
T1057,South,Control,CAT03,Home,2026-03-09,Pre,24916.07,659
T1057,South,Control,CAT03,Home,2026-03-16,Pre,20949.13,1026
T1057,South,Control,CAT03,Home,2026-03-23,Pre,20227.65,484
T1057,South,Control,CAT03,Home,2026-03-30,Pre,24621.43,939
T1057,South,Control,CAT03,Home,2026-04-06,Post,22808.12,1161
T1057,South,Control,CAT03,Home,2026-04-13,Post,25337.05,1360
T1057,South,Control,CAT03,Home,2026-04-20,Post,19995.57,720
T1057,South,Control,CAT03,Home,2026-04-27,Post,24468.18,867
T1057,South,Control,CAT03,Home,2026-05-04,Post,20578.9,637
T1057,South,Control,CAT03,Home,2026-05-11,Post,22510.67,518
T1057,South,Control,CAT03,Home,2026-05-18,Post,23839.84,1224
T1057,South,Control,CAT03,Home,2026-05-25,Post,23364.21,579
T1057,South,Control,CAT03,Home,2026-06-01,Post,24682.51,1081
T1057,South,Control,CAT03,Home,2026-06-08,Post,23277.84,674
T1057,South,Control,CAT03,Home,2026-06-15,Post,24004.54,709
T1057,South,Control,CAT03,Home,2026-06-22,Post,22727.89,725
T1057,South,Control,CAT03,Home,2026-06-29,Post,25613.86,735
T1057,South,Control,CAT04,Electronics,2026-01-05,Pre,15343.15,559
T1057,South,Control,CAT04,Electronics,2026-01-12,Pre,15729.7,569
T1057,South,Control,CAT04,Electronics,2026-01-19,Pre,15308.3,390
T1057,South,Control,CAT04,Electronics,2026-01-26,Pre,16266.56,367
T1057,South,Control,CAT04,Electronics,2026-02-02,Pre,14839.79,336
T1057,South,Control,CAT04,Electronics,2026-02-09,Pre,15592.95,644
T1057,South,Control,CAT04,Electronics,2026-02-16,Pre,18882.13,808
T1057,South,Control,CAT04,Electronics,2026-02-23,Pre,14365.03,549
T1057,South,Control,CAT04,Electronics,2026-03-02,Pre,16950.97,456
T1057,South,Control,CAT04,Electronics,2026-03-09,Pre,18314.09,1012
T1057,South,Control,CAT04,Electronics,2026-03-16,Pre,16404.02,483
T1057,South,Control,CAT04,Electronics,2026-03-23,Pre,13128.79,529
T1057,South,Control,CAT04,Electronics,2026-03-30,Pre,14693.21,345
T1057,South,Control,CAT04,Electronics,2026-04-06,Post,13932.03,321
T1057,South,Control,CAT04,Electronics,2026-04-13,Post,16407.93,414
T1057,South,Control,CAT04,Electronics,2026-04-20,Post,16113.47,518
T1057,South,Control,CAT04,Electronics,2026-04-27,Post,18011.03,666
T1057,South,Control,CAT04,Electronics,2026-05-04,Post,18124.29,483
T1057,South,Control,CAT04,Electronics,2026-05-11,Post,16208.37,423
T1057,South,Control,CAT04,Electronics,2026-05-18,Post,16352.92,380
T1057,South,Control,CAT04,Electronics,2026-05-25,Post,15843.01,684
T1057,South,Control,CAT04,Electronics,2026-06-01,Post,17039.39,767
T1057,South,Control,CAT04,Electronics,2026-06-08,Post,15518.58,590
T1057,South,Control,CAT04,Electronics,2026-06-15,Post,16464.18,412
T1057,South,Control,CAT04,Electronics,2026-06-22,Post,15709.81,764
T1057,South,Control,CAT04,Electronics,2026-06-29,Post,17008.54,934
T1057,South,Control,CAT05,Beauty & Personal Care,2026-01-05,Pre,13077.77,393
T1057,South,Control,CAT05,Beauty & Personal Care,2026-01-12,Pre,11046.01,358
T1057,South,Control,CAT05,Beauty & Personal Care,2026-01-19,Pre,12101.64,373
T1057,South,Control,CAT05,Beauty & Personal Care,2026-01-26,Pre,13527.53,348
T1057,South,Control,CAT05,Beauty & Personal Care,2026-02-02,Pre,13875.28,353
T1057,South,Control,CAT05,Beauty & Personal Care,2026-02-09,Pre,11977.32,279
T1057,South,Control,CAT05,Beauty & Personal Care,2026-02-16,Pre,11779.71,290
T1057,South,Control,CAT05,Beauty & Personal Care,2026-02-23,Pre,10111.28,485
T1057,South,Control,CAT05,Beauty & Personal Care,2026-03-02,Pre,13604.16,317
T1057,South,Control,CAT05,Beauty & Personal Care,2026-03-09,Pre,13590.24,362
T1057,South,Control,CAT05,Beauty & Personal Care,2026-03-16,Pre,12761.09,376
T1057,South,Control,CAT05,Beauty & Personal Care,2026-03-23,Pre,14895.63,419
T1057,South,Control,CAT05,Beauty & Personal Care,2026-03-30,Pre,12744.28,315
T1057,South,Control,CAT05,Beauty & Personal Care,2026-04-06,Post,13900.16,489
T1057,South,Control,CAT05,Beauty & Personal Care,2026-04-13,Post,12448.52,464
T1057,South,Control,CAT05,Beauty & Personal Care,2026-04-20,Post,12688.72,521
T1057,South,Control,CAT05,Beauty & Personal Care,2026-04-27,Post,13221.42,548
T1057,South,Control,CAT05,Beauty & Personal Care,2026-05-04,Post,12256.84,322
T1057,South,Control,CAT05,Beauty & Personal Care,2026-05-11,Post,13862.52,310
T1057,South,Control,CAT05,Beauty & Personal Care,2026-05-18,Post,13236.13,650
T1057,South,Control,CAT05,Beauty & Personal Care,2026-05-25,Post,11531.35,271
T1057,South,Control,CAT05,Beauty & Personal Care,2026-06-01,Post,14348.47,508
T1057,South,Control,CAT05,Beauty & Personal Care,2026-06-08,Post,12413.84,318
T1057,South,Control,CAT05,Beauty & Personal Care,2026-06-15,Post,12542.09,300
T1057,South,Control,CAT05,Beauty & Personal Care,2026-06-22,Post,13113.95,355
T1057,South,Control,CAT05,Beauty & Personal Care,2026-06-29,Post,13859.74,574
T1057,South,Control,CAT06,Toys,2026-01-05,Pre,9361.22,410
T1057,South,Control,CAT06,Toys,2026-01-12,Pre,10203.24,277
T1057,South,Control,CAT06,Toys,2026-01-19,Pre,9401.91,354
T1057,South,Control,CAT06,Toys,2026-01-26,Pre,8300.19,443
T1057,South,Control,CAT06,Toys,2026-02-02,Pre,8612.86,261
T1057,South,Control,CAT06,Toys,2026-02-09,Pre,8317.64,324
T1057,South,Control,CAT06,Toys,2026-02-16,Pre,8340.51,423
T1057,South,Control,CAT06,Toys,2026-02-23,Pre,9148.4,413
T1057,South,Control,CAT06,Toys,2026-03-02,Pre,10188.77,404
T1057,South,Control,CAT06,Toys,2026-03-09,Pre,9554.23,381
T1057,South,Control,CAT06,Toys,2026-03-16,Pre,9855.3,301
T1057,South,Control,CAT06,Toys,2026-03-23,Pre,10112.72,339
T1057,South,Control,CAT06,Toys,2026-03-30,Pre,10402.15,392
T1057,South,Control,CAT06,Toys,2026-04-06,Post,9126.73,255
T1057,South,Control,CAT06,Toys,2026-04-13,Post,10371.8,377
T1057,South,Control,CAT06,Toys,2026-04-20,Post,10305.63,566
T1057,South,Control,CAT06,Toys,2026-04-27,Post,9441.27,277
T1057,South,Control,CAT06,Toys,2026-05-04,Post,9224.36,222
T1057,South,Control,CAT06,Toys,2026-05-11,Post,9688.8,531
T1057,South,Control,CAT06,Toys,2026-05-18,Post,10910.19,596
T1057,South,Control,CAT06,Toys,2026-05-25,Post,10705.81,239
T1057,South,Control,CAT06,Toys,2026-06-01,Post,9612.58,513
T1057,South,Control,CAT06,Toys,2026-06-08,Post,10710.23,250
T1057,South,Control,CAT06,Toys,2026-06-15,Post,10466.03,282
T1057,South,Control,CAT06,Toys,2026-06-22,Post,10363.24,273
T1057,South,Control,CAT06,Toys,2026-06-29,Post,11082.58,273
T1057,South,Control,CAT07,Hardlines,2026-01-05,Pre,14547.75,581
T1057,South,Control,CAT07,Hardlines,2026-01-12,Pre,14339.52,518
T1057,South,Control,CAT07,Hardlines,2026-01-19,Pre,12401.81,629
T1057,South,Control,CAT07,Hardlines,2026-01-26,Pre,15239.25,350
T1057,South,Control,CAT07,Hardlines,2026-02-02,Pre,13571.79,534
T1057,South,Control,CAT07,Hardlines,2026-02-09,Pre,13475.66,467
T1057,South,Control,CAT07,Hardlines,2026-02-16,Pre,14660.36,449
T1057,South,Control,CAT07,Hardlines,2026-02-23,Pre,13561.07,606
T1057,South,Control,CAT07,Hardlines,2026-03-02,Pre,15100.92,434
T1057,South,Control,CAT07,Hardlines,2026-03-09,Pre,14969.49,648
T1057,South,Control,CAT07,Hardlines,2026-03-16,Pre,14933.05,412
T1057,South,Control,CAT07,Hardlines,2026-03-23,Pre,14678.21,392
T1057,South,Control,CAT07,Hardlines,2026-03-30,Pre,15744.36,835
T1057,South,Control,CAT07,Hardlines,2026-04-06,Post,15398.03,382
T1057,South,Control,CAT07,Hardlines,2026-04-13,Post,15437.63,496
T1057,South,Control,CAT07,Hardlines,2026-04-20,Post,14252.71,335
T1057,South,Control,CAT07,Hardlines,2026-04-27,Post,15053.81,524
T1057,South,Control,CAT07,Hardlines,2026-05-04,Post,14344.45,419
T1057,South,Control,CAT07,Hardlines,2026-05-11,Post,15150.72,434
T1057,South,Control,CAT07,Hardlines,2026-05-18,Post,14597.93,538
T1057,South,Control,CAT07,Hardlines,2026-05-25,Post,15238.12,436
T1057,South,Control,CAT07,Hardlines,2026-06-01,Post,15337.12,341
T1057,South,Control,CAT07,Hardlines,2026-06-08,Post,15350.99,433
T1057,South,Control,CAT07,Hardlines,2026-06-15,Post,16432.03,757
T1057,South,Control,CAT07,Hardlines,2026-06-22,Post,16190.84,365
T1057,South,Control,CAT07,Hardlines,2026-06-29,Post,14265.43,498
T1057,South,Control,CAT08,Softlines,2026-01-05,Pre,11003.48,489
T1057,South,Control,CAT08,Softlines,2026-01-12,Pre,11325.35,394
T1057,South,Control,CAT08,Softlines,2026-01-19,Pre,10714.05,479
T1057,South,Control,CAT08,Softlines,2026-01-26,Pre,11490.67,262
T1057,South,Control,CAT08,Softlines,2026-02-02,Pre,10883.29,332
T1057,South,Control,CAT08,Softlines,2026-02-09,Pre,11389.48,512
T1057,South,Control,CAT08,Softlines,2026-02-16,Pre,10729.24,296
T1057,South,Control,CAT08,Softlines,2026-02-23,Pre,11391.95,475
T1057,South,Control,CAT08,Softlines,2026-03-02,Pre,11999.89,288
T1057,South,Control,CAT08,Softlines,2026-03-09,Pre,12161.12,608
T1057,South,Control,CAT08,Softlines,2026-03-16,Pre,11628.26,314
T1057,South,Control,CAT08,Softlines,2026-03-23,Pre,13330.33,565
T1057,South,Control,CAT08,Softlines,2026-03-30,Pre,11979.02,277
T1057,South,Control,CAT08,Softlines,2026-04-06,Post,12374.97,314
T1057,South,Control,CAT08,Softlines,2026-04-13,Post,12848.41,347
T1057,South,Control,CAT08,Softlines,2026-04-20,Post,11280.34,276
T1057,South,Control,CAT08,Softlines,2026-04-27,Post,12363.35,481
T1057,South,Control,CAT08,Softlines,2026-05-04,Post,12117.26,304
T1057,South,Control,CAT08,Softlines,2026-05-11,Post,12487.67,343
T1057,South,Control,CAT08,Softlines,2026-05-18,Post,12849.07,641
T1057,South,Control,CAT08,Softlines,2026-05-25,Post,11362.93,366
T1057,South,Control,CAT08,Softlines,2026-06-01,Post,13795.35,583
T1057,South,Control,CAT08,Softlines,2026-06-08,Post,12202.05,566
T1057,South,Control,CAT08,Softlines,2026-06-15,Post,11937.02,335
T1057,South,Control,CAT08,Softlines,2026-06-22,Post,10382.09,489
T1057,South,Control,CAT08,Softlines,2026-06-29,Post,13317.36,636
T1058,Northeast,Test,CAT01,Grocery & Essentials,2026-01-05,Pre,43521.01,1221
T1058,Northeast,Test,CAT01,Grocery & Essentials,2026-01-12,Pre,45226.95,1023
T1058,Northeast,Test,CAT01,Grocery & Essentials,2026-01-19,Pre,43858.32,2407
T1058,Northeast,Test,CAT01,Grocery & Essentials,2026-01-26,Pre,44315.22,1020
T1058,Northeast,Test,CAT01,Grocery & Essentials,2026-02-02,Pre,45625.29,1142
T1058,Northeast,Test,CAT01,Grocery & Essentials,2026-02-09,Pre,45681.84,2079
T1058,Northeast,Test,CAT01,Grocery & Essentials,2026-02-16,Pre,52982.82,1181
T1058,Northeast,Test,CAT01,Grocery & Essentials,2026-02-23,Pre,47187.35,2094
T1058,Northeast,Test,CAT01,Grocery & Essentials,2026-03-02,Pre,51267.99,1587
T1058,Northeast,Test,CAT01,Grocery & Essentials,2026-03-09,Pre,47010.48,2021
T1058,Northeast,Test,CAT01,Grocery & Essentials,2026-03-16,Pre,41931.38,1851
T1058,Northeast,Test,CAT01,Grocery & Essentials,2026-03-23,Pre,44583.24,1666
T1058,Northeast,Test,CAT01,Grocery & Essentials,2026-03-30,Pre,46379.27,1428
T1058,Northeast,Test,CAT01,Grocery & Essentials,2026-04-06,Post,50208.96,1459
T1058,Northeast,Test,CAT01,Grocery & Essentials,2026-04-13,Post,41812.02,1977
T1058,Northeast,Test,CAT01,Grocery & Essentials,2026-04-20,Post,50061.25,1576
T1058,Northeast,Test,CAT01,Grocery & Essentials,2026-04-27,Post,49465.25,2682
T1058,Northeast,Test,CAT01,Grocery & Essentials,2026-05-04,Post,49836.41,1273
T1058,Northeast,Test,CAT01,Grocery & Essentials,2026-05-11,Post,48019.15,1222
T1058,Northeast,Test,CAT01,Grocery & Essentials,2026-05-18,Post,47961.51,1084
T1058,Northeast,Test,CAT01,Grocery & Essentials,2026-05-25,Post,41680.54,1653
T1058,Northeast,Test,CAT01,Grocery & Essentials,2026-06-01,Post,47856.45,2638
T1058,Northeast,Test,CAT01,Grocery & Essentials,2026-06-08,Post,46056.92,1978
T1058,Northeast,Test,CAT01,Grocery & Essentials,2026-06-15,Post,52643.34,1368
T1058,Northeast,Test,CAT01,Grocery & Essentials,2026-06-22,Post,55869.33,1901
T1058,Northeast,Test,CAT01,Grocery & Essentials,2026-06-29,Post,46927.78,1163
T1058,Northeast,Test,CAT02,Apparel & Accessories,2026-01-05,Pre,18804.24,598
T1058,Northeast,Test,CAT02,Apparel & Accessories,2026-01-12,Pre,17205.05,719
T1058,Northeast,Test,CAT02,Apparel & Accessories,2026-01-19,Pre,19286.57,523
T1058,Northeast,Test,CAT02,Apparel & Accessories,2026-01-26,Pre,19263.85,429
T1058,Northeast,Test,CAT02,Apparel & Accessories,2026-02-02,Pre,19657.91,650
T1058,Northeast,Test,CAT02,Apparel & Accessories,2026-02-09,Pre,19409.92,727
T1058,Northeast,Test,CAT02,Apparel & Accessories,2026-02-16,Pre,19339.6,533
T1058,Northeast,Test,CAT02,Apparel & Accessories,2026-02-23,Pre,18736.13,733
T1058,Northeast,Test,CAT02,Apparel & Accessories,2026-03-02,Pre,21679.88,645
T1058,Northeast,Test,CAT02,Apparel & Accessories,2026-03-09,Pre,19822.65,839
T1058,Northeast,Test,CAT02,Apparel & Accessories,2026-03-16,Pre,20098.21,504
T1058,Northeast,Test,CAT02,Apparel & Accessories,2026-03-23,Pre,19165.09,451
T1058,Northeast,Test,CAT02,Apparel & Accessories,2026-03-30,Pre,21118.27,972
T1058,Northeast,Test,CAT02,Apparel & Accessories,2026-04-06,Post,17794.75,565
T1058,Northeast,Test,CAT02,Apparel & Accessories,2026-04-13,Post,20232.78,535
T1058,Northeast,Test,CAT02,Apparel & Accessories,2026-04-20,Post,20929.16,485
T1058,Northeast,Test,CAT02,Apparel & Accessories,2026-04-27,Post,18895.9,562
T1058,Northeast,Test,CAT02,Apparel & Accessories,2026-05-04,Post,22780.47,708
T1058,Northeast,Test,CAT02,Apparel & Accessories,2026-05-11,Post,20137.93,526
T1058,Northeast,Test,CAT02,Apparel & Accessories,2026-05-18,Post,19068.85,477
T1058,Northeast,Test,CAT02,Apparel & Accessories,2026-05-25,Post,20339.46,731
T1058,Northeast,Test,CAT02,Apparel & Accessories,2026-06-01,Post,18768.33,557
T1058,Northeast,Test,CAT02,Apparel & Accessories,2026-06-08,Post,19036.54,653
T1058,Northeast,Test,CAT02,Apparel & Accessories,2026-06-15,Post,19018.6,626
T1058,Northeast,Test,CAT02,Apparel & Accessories,2026-06-22,Post,18116.41,700
T1058,Northeast,Test,CAT02,Apparel & Accessories,2026-06-29,Post,20127.61,934
T1058,Northeast,Test,CAT03,Home,2026-01-05,Pre,20170.97,782
T1058,Northeast,Test,CAT03,Home,2026-01-12,Pre,22421.38,1035
T1058,Northeast,Test,CAT03,Home,2026-01-19,Pre,19981.8,1015
T1058,Northeast,Test,CAT03,Home,2026-01-26,Pre,22452.34,561
T1058,Northeast,Test,CAT03,Home,2026-02-02,Pre,24029.31,622
T1058,Northeast,Test,CAT03,Home,2026-02-09,Pre,21759.92,1069
T1058,Northeast,Test,CAT03,Home,2026-02-16,Pre,23808.77,778
T1058,Northeast,Test,CAT03,Home,2026-02-23,Pre,23790.69,687
T1058,Northeast,Test,CAT03,Home,2026-03-02,Pre,22414.42,891
T1058,Northeast,Test,CAT03,Home,2026-03-09,Pre,20829.46,714
T1058,Northeast,Test,CAT03,Home,2026-03-16,Pre,26161.29,587
T1058,Northeast,Test,CAT03,Home,2026-03-23,Pre,25216.37,743
T1058,Northeast,Test,CAT03,Home,2026-03-30,Pre,22749.79,1221
T1058,Northeast,Test,CAT03,Home,2026-04-06,Post,26648.35,905
T1058,Northeast,Test,CAT03,Home,2026-04-13,Post,25412.78,1045
T1058,Northeast,Test,CAT03,Home,2026-04-20,Post,25188.19,971
T1058,Northeast,Test,CAT03,Home,2026-04-27,Post,22015.82,552
T1058,Northeast,Test,CAT03,Home,2026-05-04,Post,25390.0,716
T1058,Northeast,Test,CAT03,Home,2026-05-11,Post,26354.47,1163
T1058,Northeast,Test,CAT03,Home,2026-05-18,Post,24639.51,1324
T1058,Northeast,Test,CAT03,Home,2026-05-25,Post,25138.45,628
T1058,Northeast,Test,CAT03,Home,2026-06-01,Post,25648.96,786
T1058,Northeast,Test,CAT03,Home,2026-06-08,Post,26969.3,677
T1058,Northeast,Test,CAT03,Home,2026-06-15,Post,25579.13,1174
T1058,Northeast,Test,CAT03,Home,2026-06-22,Post,25873.75,631
T1058,Northeast,Test,CAT03,Home,2026-06-29,Post,25513.75,731
T1058,Northeast,Test,CAT04,Electronics,2026-01-05,Pre,17310.75,791
T1058,Northeast,Test,CAT04,Electronics,2026-01-12,Pre,15705.06,392
T1058,Northeast,Test,CAT04,Electronics,2026-01-19,Pre,16216.71,509
T1058,Northeast,Test,CAT04,Electronics,2026-01-26,Pre,17180.66,386
T1058,Northeast,Test,CAT04,Electronics,2026-02-02,Pre,15300.18,574
T1058,Northeast,Test,CAT04,Electronics,2026-02-09,Pre,17899.74,975
T1058,Northeast,Test,CAT04,Electronics,2026-02-16,Pre,15313.89,443
T1058,Northeast,Test,CAT04,Electronics,2026-02-23,Pre,14967.15,668
T1058,Northeast,Test,CAT04,Electronics,2026-03-02,Pre,16637.82,559
T1058,Northeast,Test,CAT04,Electronics,2026-03-09,Pre,15439.69,646
T1058,Northeast,Test,CAT04,Electronics,2026-03-16,Pre,19226.41,431
T1058,Northeast,Test,CAT04,Electronics,2026-03-23,Pre,18008.03,488
T1058,Northeast,Test,CAT04,Electronics,2026-03-30,Pre,18824.62,1005
T1058,Northeast,Test,CAT04,Electronics,2026-04-06,Post,18348.69,555
T1058,Northeast,Test,CAT04,Electronics,2026-04-13,Post,16913.89,432
T1058,Northeast,Test,CAT04,Electronics,2026-04-20,Post,15571.88,469
T1058,Northeast,Test,CAT04,Electronics,2026-04-27,Post,17767.57,509
T1058,Northeast,Test,CAT04,Electronics,2026-05-04,Post,19941.56,903
T1058,Northeast,Test,CAT04,Electronics,2026-05-11,Post,20561.68,482
T1058,Northeast,Test,CAT04,Electronics,2026-05-18,Post,17058.21,386
T1058,Northeast,Test,CAT04,Electronics,2026-05-25,Post,19697.65,660
T1058,Northeast,Test,CAT04,Electronics,2026-06-01,Post,19664.19,1043
T1058,Northeast,Test,CAT04,Electronics,2026-06-08,Post,19152.9,707
T1058,Northeast,Test,CAT04,Electronics,2026-06-15,Post,17906.87,497
T1058,Northeast,Test,CAT04,Electronics,2026-06-22,Post,21034.79,539
T1058,Northeast,Test,CAT04,Electronics,2026-06-29,Post,17511.29,466
T1058,Northeast,Test,CAT05,Beauty & Personal Care,2026-01-05,Pre,12951.69,291
T1058,Northeast,Test,CAT05,Beauty & Personal Care,2026-01-12,Pre,12621.75,322
T1058,Northeast,Test,CAT05,Beauty & Personal Care,2026-01-19,Pre,12873.81,579
T1058,Northeast,Test,CAT05,Beauty & Personal Care,2026-01-26,Pre,14662.28,362
T1058,Northeast,Test,CAT05,Beauty & Personal Care,2026-02-02,Pre,11783.2,274
T1058,Northeast,Test,CAT05,Beauty & Personal Care,2026-02-09,Pre,14236.51,441
T1058,Northeast,Test,CAT05,Beauty & Personal Care,2026-02-16,Pre,13123.62,554
T1058,Northeast,Test,CAT05,Beauty & Personal Care,2026-02-23,Pre,13487.05,454
T1058,Northeast,Test,CAT05,Beauty & Personal Care,2026-03-02,Pre,14113.84,388
T1058,Northeast,Test,CAT05,Beauty & Personal Care,2026-03-09,Pre,12476.81,666
T1058,Northeast,Test,CAT05,Beauty & Personal Care,2026-03-16,Pre,12631.85,369
T1058,Northeast,Test,CAT05,Beauty & Personal Care,2026-03-23,Pre,12504.41,456
T1058,Northeast,Test,CAT05,Beauty & Personal Care,2026-03-30,Pre,11668.64,301
T1058,Northeast,Test,CAT05,Beauty & Personal Care,2026-04-06,Post,12825.2,577
T1058,Northeast,Test,CAT05,Beauty & Personal Care,2026-04-13,Post,13783.38,656
T1058,Northeast,Test,CAT05,Beauty & Personal Care,2026-04-20,Post,14422.54,408
T1058,Northeast,Test,CAT05,Beauty & Personal Care,2026-04-27,Post,12362.44,331
T1058,Northeast,Test,CAT05,Beauty & Personal Care,2026-05-04,Post,13568.88,625
T1058,Northeast,Test,CAT05,Beauty & Personal Care,2026-05-11,Post,13577.86,347
T1058,Northeast,Test,CAT05,Beauty & Personal Care,2026-05-18,Post,14733.63,386
T1058,Northeast,Test,CAT05,Beauty & Personal Care,2026-05-25,Post,12881.23,296
T1058,Northeast,Test,CAT05,Beauty & Personal Care,2026-06-01,Post,13289.08,499
T1058,Northeast,Test,CAT05,Beauty & Personal Care,2026-06-08,Post,13263.47,378
T1058,Northeast,Test,CAT05,Beauty & Personal Care,2026-06-15,Post,14217.59,647
T1058,Northeast,Test,CAT05,Beauty & Personal Care,2026-06-22,Post,14000.87,323
T1058,Northeast,Test,CAT05,Beauty & Personal Care,2026-06-29,Post,12602.13,320
T1058,Northeast,Test,CAT06,Toys,2026-01-05,Pre,9562.57,261
T1058,Northeast,Test,CAT06,Toys,2026-01-12,Pre,10208.52,249
T1058,Northeast,Test,CAT06,Toys,2026-01-19,Pre,9725.24,381
T1058,Northeast,Test,CAT06,Toys,2026-01-26,Pre,9400.67,433
T1058,Northeast,Test,CAT06,Toys,2026-02-02,Pre,9209.59,217
T1058,Northeast,Test,CAT06,Toys,2026-02-09,Pre,9803.73,224
T1058,Northeast,Test,CAT06,Toys,2026-02-16,Pre,10282.73,249
T1058,Northeast,Test,CAT06,Toys,2026-02-23,Pre,9442.85,463
T1058,Northeast,Test,CAT06,Toys,2026-03-02,Pre,10038.98,235
T1058,Northeast,Test,CAT06,Toys,2026-03-09,Pre,10999.15,279
T1058,Northeast,Test,CAT06,Toys,2026-03-16,Pre,8344.29,443
T1058,Northeast,Test,CAT06,Toys,2026-03-23,Pre,8528.75,274
T1058,Northeast,Test,CAT06,Toys,2026-03-30,Pre,10205.14,457
T1058,Northeast,Test,CAT06,Toys,2026-04-06,Post,10215.14,326
T1058,Northeast,Test,CAT06,Toys,2026-04-13,Post,10445.64,443
T1058,Northeast,Test,CAT06,Toys,2026-04-20,Post,10803.79,276
T1058,Northeast,Test,CAT06,Toys,2026-04-27,Post,10992.26,361
T1058,Northeast,Test,CAT06,Toys,2026-05-04,Post,11308.16,425
T1058,Northeast,Test,CAT06,Toys,2026-05-11,Post,8746.68,248
T1058,Northeast,Test,CAT06,Toys,2026-05-18,Post,10907.38,292
T1058,Northeast,Test,CAT06,Toys,2026-05-25,Post,10897.83,479
T1058,Northeast,Test,CAT06,Toys,2026-06-01,Post,9533.99,313
T1058,Northeast,Test,CAT06,Toys,2026-06-08,Post,10218.07,235
T1058,Northeast,Test,CAT06,Toys,2026-06-15,Post,10317.34,364
T1058,Northeast,Test,CAT06,Toys,2026-06-22,Post,11240.41,285
T1058,Northeast,Test,CAT06,Toys,2026-06-29,Post,9860.55,466
T1058,Northeast,Test,CAT07,Hardlines,2026-01-05,Pre,16442.11,811
T1058,Northeast,Test,CAT07,Hardlines,2026-01-12,Pre,15895.81,584
T1058,Northeast,Test,CAT07,Hardlines,2026-01-19,Pre,15149.83,492
T1058,Northeast,Test,CAT07,Hardlines,2026-01-26,Pre,15957.21,360
T1058,Northeast,Test,CAT07,Hardlines,2026-02-02,Pre,14831.61,742
T1058,Northeast,Test,CAT07,Hardlines,2026-02-09,Pre,16489.18,455
T1058,Northeast,Test,CAT07,Hardlines,2026-02-16,Pre,12503.8,358
T1058,Northeast,Test,CAT07,Hardlines,2026-02-23,Pre,13234.34,363
T1058,Northeast,Test,CAT07,Hardlines,2026-03-02,Pre,17301.3,454
T1058,Northeast,Test,CAT07,Hardlines,2026-03-09,Pre,14213.65,656
T1058,Northeast,Test,CAT07,Hardlines,2026-03-16,Pre,16728.54,563
T1058,Northeast,Test,CAT07,Hardlines,2026-03-23,Pre,15780.18,552
T1058,Northeast,Test,CAT07,Hardlines,2026-03-30,Pre,17987.68,629
T1058,Northeast,Test,CAT07,Hardlines,2026-04-06,Post,15649.8,546
T1058,Northeast,Test,CAT07,Hardlines,2026-04-13,Post,14882.74,529
T1058,Northeast,Test,CAT07,Hardlines,2026-04-20,Post,14137.46,408
T1058,Northeast,Test,CAT07,Hardlines,2026-04-27,Post,15281.42,383
T1058,Northeast,Test,CAT07,Hardlines,2026-05-04,Post,14871.63,385
T1058,Northeast,Test,CAT07,Hardlines,2026-05-11,Post,14230.34,477
T1058,Northeast,Test,CAT07,Hardlines,2026-05-18,Post,16330.67,392
T1058,Northeast,Test,CAT07,Hardlines,2026-05-25,Post,15861.18,391
T1058,Northeast,Test,CAT07,Hardlines,2026-06-01,Post,14248.44,447
T1058,Northeast,Test,CAT07,Hardlines,2026-06-08,Post,16360.06,558
T1058,Northeast,Test,CAT07,Hardlines,2026-06-15,Post,15447.53,577
T1058,Northeast,Test,CAT07,Hardlines,2026-06-22,Post,17490.43,552
T1058,Northeast,Test,CAT07,Hardlines,2026-06-29,Post,16312.42,742
T1058,Northeast,Test,CAT08,Softlines,2026-01-05,Pre,11303.69,320
T1058,Northeast,Test,CAT08,Softlines,2026-01-12,Pre,12815.32,678
T1058,Northeast,Test,CAT08,Softlines,2026-01-19,Pre,12159.78,435
T1058,Northeast,Test,CAT08,Softlines,2026-01-26,Pre,10815.74,420
T1058,Northeast,Test,CAT08,Softlines,2026-02-02,Pre,12595.78,330
T1058,Northeast,Test,CAT08,Softlines,2026-02-09,Pre,9635.47,454
T1058,Northeast,Test,CAT08,Softlines,2026-02-16,Pre,12019.1,598
T1058,Northeast,Test,CAT08,Softlines,2026-02-23,Pre,10295.93,558
T1058,Northeast,Test,CAT08,Softlines,2026-03-02,Pre,12447.38,367
T1058,Northeast,Test,CAT08,Softlines,2026-03-09,Pre,9426.29,288
T1058,Northeast,Test,CAT08,Softlines,2026-03-16,Pre,11819.37,290
T1058,Northeast,Test,CAT08,Softlines,2026-03-23,Pre,11773.03,461
T1058,Northeast,Test,CAT08,Softlines,2026-03-30,Pre,12535.64,630
T1058,Northeast,Test,CAT08,Softlines,2026-04-06,Post,11402.33,377
T1058,Northeast,Test,CAT08,Softlines,2026-04-13,Post,11603.34,637
T1058,Northeast,Test,CAT08,Softlines,2026-04-20,Post,12656.41,316
T1058,Northeast,Test,CAT08,Softlines,2026-04-27,Post,12404.79,373
T1058,Northeast,Test,CAT08,Softlines,2026-05-04,Post,10585.44,419
T1058,Northeast,Test,CAT08,Softlines,2026-05-11,Post,13056.86,583
T1058,Northeast,Test,CAT08,Softlines,2026-05-18,Post,12479.17,692
T1058,Northeast,Test,CAT08,Softlines,2026-05-25,Post,12583.38,283
T1058,Northeast,Test,CAT08,Softlines,2026-06-01,Post,13037.66,549
T1058,Northeast,Test,CAT08,Softlines,2026-06-08,Post,12099.54,286
T1058,Northeast,Test,CAT08,Softlines,2026-06-15,Post,10957.31,493
T1058,Northeast,Test,CAT08,Softlines,2026-06-22,Post,12382.87,284
T1058,Northeast,Test,CAT08,Softlines,2026-06-29,Post,12370.53,468
T1059,Northeast,Control,CAT01,Grocery & Essentials,2026-01-05,Pre,29678.22,924
T1059,Northeast,Control,CAT01,Grocery & Essentials,2026-01-12,Pre,35962.26,1868
T1059,Northeast,Control,CAT01,Grocery & Essentials,2026-01-19,Pre,36028.73,1894
T1059,Northeast,Control,CAT01,Grocery & Essentials,2026-01-26,Pre,34946.06,1531
T1059,Northeast,Control,CAT01,Grocery & Essentials,2026-02-02,Pre,30880.52,1678
T1059,Northeast,Control,CAT01,Grocery & Essentials,2026-02-09,Pre,34159.05,1027
T1059,Northeast,Control,CAT01,Grocery & Essentials,2026-02-16,Pre,30654.18,844
T1059,Northeast,Control,CAT01,Grocery & Essentials,2026-02-23,Pre,41715.57,1639
T1059,Northeast,Control,CAT01,Grocery & Essentials,2026-03-02,Pre,36455.97,1915
T1059,Northeast,Control,CAT01,Grocery & Essentials,2026-03-09,Pre,37897.04,854
T1059,Northeast,Control,CAT01,Grocery & Essentials,2026-03-16,Pre,34152.11,862
T1059,Northeast,Control,CAT01,Grocery & Essentials,2026-03-23,Pre,31960.19,783
T1059,Northeast,Control,CAT01,Grocery & Essentials,2026-03-30,Pre,36012.77,864
T1059,Northeast,Control,CAT01,Grocery & Essentials,2026-04-06,Post,35802.06,1698
T1059,Northeast,Control,CAT01,Grocery & Essentials,2026-04-13,Post,37961.32,888
T1059,Northeast,Control,CAT01,Grocery & Essentials,2026-04-20,Post,36534.96,1266
T1059,Northeast,Control,CAT01,Grocery & Essentials,2026-04-27,Post,43901.29,1437
T1059,Northeast,Control,CAT01,Grocery & Essentials,2026-05-04,Post,40595.32,1503
T1059,Northeast,Control,CAT01,Grocery & Essentials,2026-05-11,Post,41958.84,1585
T1059,Northeast,Control,CAT01,Grocery & Essentials,2026-05-18,Post,38026.56,850
T1059,Northeast,Control,CAT01,Grocery & Essentials,2026-05-25,Post,38772.68,1725
T1059,Northeast,Control,CAT01,Grocery & Essentials,2026-06-01,Post,42129.35,1098
T1059,Northeast,Control,CAT01,Grocery & Essentials,2026-06-08,Post,37299.61,1129
T1059,Northeast,Control,CAT01,Grocery & Essentials,2026-06-15,Post,39799.75,1971
T1059,Northeast,Control,CAT01,Grocery & Essentials,2026-06-22,Post,37776.04,1125
T1059,Northeast,Control,CAT01,Grocery & Essentials,2026-06-29,Post,40248.57,1705
T1059,Northeast,Control,CAT02,Apparel & Accessories,2026-01-05,Pre,13778.54,698
T1059,Northeast,Control,CAT02,Apparel & Accessories,2026-01-12,Pre,14595.25,389
T1059,Northeast,Control,CAT02,Apparel & Accessories,2026-01-19,Pre,15532.24,547
T1059,Northeast,Control,CAT02,Apparel & Accessories,2026-01-26,Pre,15721.37,590
T1059,Northeast,Control,CAT02,Apparel & Accessories,2026-02-02,Pre,16182.18,391
T1059,Northeast,Control,CAT02,Apparel & Accessories,2026-02-09,Pre,14226.56,361
T1059,Northeast,Control,CAT02,Apparel & Accessories,2026-02-16,Pre,15735.32,682
T1059,Northeast,Control,CAT02,Apparel & Accessories,2026-02-23,Pre,13883.98,380
T1059,Northeast,Control,CAT02,Apparel & Accessories,2026-03-02,Pre,15302.79,394
T1059,Northeast,Control,CAT02,Apparel & Accessories,2026-03-09,Pre,15726.96,458
T1059,Northeast,Control,CAT02,Apparel & Accessories,2026-03-16,Pre,15621.74,642
T1059,Northeast,Control,CAT02,Apparel & Accessories,2026-03-23,Pre,17680.21,906
T1059,Northeast,Control,CAT02,Apparel & Accessories,2026-03-30,Pre,15919.38,480
T1059,Northeast,Control,CAT02,Apparel & Accessories,2026-04-06,Post,16582.53,447
T1059,Northeast,Control,CAT02,Apparel & Accessories,2026-04-13,Post,16275.69,812
T1059,Northeast,Control,CAT02,Apparel & Accessories,2026-04-20,Post,16029.47,654
T1059,Northeast,Control,CAT02,Apparel & Accessories,2026-04-27,Post,16684.45,612
T1059,Northeast,Control,CAT02,Apparel & Accessories,2026-05-04,Post,16356.68,511
T1059,Northeast,Control,CAT02,Apparel & Accessories,2026-05-11,Post,16318.89,626
T1059,Northeast,Control,CAT02,Apparel & Accessories,2026-05-18,Post,16053.33,658
T1059,Northeast,Control,CAT02,Apparel & Accessories,2026-05-25,Post,15867.75,640
T1059,Northeast,Control,CAT02,Apparel & Accessories,2026-06-01,Post,15774.64,384
T1059,Northeast,Control,CAT02,Apparel & Accessories,2026-06-08,Post,16564.73,721
T1059,Northeast,Control,CAT02,Apparel & Accessories,2026-06-15,Post,16543.79,462
T1059,Northeast,Control,CAT02,Apparel & Accessories,2026-06-22,Post,18213.91,436
T1059,Northeast,Control,CAT02,Apparel & Accessories,2026-06-29,Post,15044.44,673
T1059,Northeast,Control,CAT03,Home,2026-01-05,Pre,20821.33,981
T1059,Northeast,Control,CAT03,Home,2026-01-12,Pre,17146.86,401
T1059,Northeast,Control,CAT03,Home,2026-01-19,Pre,18615.41,446
T1059,Northeast,Control,CAT03,Home,2026-01-26,Pre,19228.98,870
T1059,Northeast,Control,CAT03,Home,2026-02-02,Pre,17598.35,541
T1059,Northeast,Control,CAT03,Home,2026-02-09,Pre,17392.85,552
T1059,Northeast,Control,CAT03,Home,2026-02-16,Pre,18763.23,891
T1059,Northeast,Control,CAT03,Home,2026-02-23,Pre,19840.97,474
T1059,Northeast,Control,CAT03,Home,2026-03-02,Pre,20280.88,498
T1059,Northeast,Control,CAT03,Home,2026-03-09,Pre,17491.95,927
T1059,Northeast,Control,CAT03,Home,2026-03-16,Pre,19001.83,489
T1059,Northeast,Control,CAT03,Home,2026-03-23,Pre,17046.27,586
T1059,Northeast,Control,CAT03,Home,2026-03-30,Pre,18181.66,407
T1059,Northeast,Control,CAT03,Home,2026-04-06,Post,21069.44,684
T1059,Northeast,Control,CAT03,Home,2026-04-13,Post,19985.04,653
T1059,Northeast,Control,CAT03,Home,2026-04-20,Post,18493.47,520
T1059,Northeast,Control,CAT03,Home,2026-04-27,Post,21375.03,475
T1059,Northeast,Control,CAT03,Home,2026-05-04,Post,21239.1,477
T1059,Northeast,Control,CAT03,Home,2026-05-11,Post,18879.83,772
T1059,Northeast,Control,CAT03,Home,2026-05-18,Post,19840.63,544
T1059,Northeast,Control,CAT03,Home,2026-05-25,Post,17392.92,717
T1059,Northeast,Control,CAT03,Home,2026-06-01,Post,18916.95,1004
T1059,Northeast,Control,CAT03,Home,2026-06-08,Post,20456.91,516
T1059,Northeast,Control,CAT03,Home,2026-06-15,Post,20464.48,587
T1059,Northeast,Control,CAT03,Home,2026-06-22,Post,19678.66,476
T1059,Northeast,Control,CAT03,Home,2026-06-29,Post,20144.06,504
T1059,Northeast,Control,CAT04,Electronics,2026-01-05,Pre,13228.51,317
T1059,Northeast,Control,CAT04,Electronics,2026-01-12,Pre,12468.09,400
T1059,Northeast,Control,CAT04,Electronics,2026-01-19,Pre,13060.92,402
T1059,Northeast,Control,CAT04,Electronics,2026-01-26,Pre,12248.31,356
T1059,Northeast,Control,CAT04,Electronics,2026-02-02,Pre,12761.47,391
T1059,Northeast,Control,CAT04,Electronics,2026-02-09,Pre,11146.26,326
T1059,Northeast,Control,CAT04,Electronics,2026-02-16,Pre,12454.73,448
T1059,Northeast,Control,CAT04,Electronics,2026-02-23,Pre,13011.3,453
T1059,Northeast,Control,CAT04,Electronics,2026-03-02,Pre,12911.0,326
T1059,Northeast,Control,CAT04,Electronics,2026-03-09,Pre,12537.71,501
T1059,Northeast,Control,CAT04,Electronics,2026-03-16,Pre,12201.76,313
T1059,Northeast,Control,CAT04,Electronics,2026-03-23,Pre,13243.92,448
T1059,Northeast,Control,CAT04,Electronics,2026-03-30,Pre,13080.85,338
T1059,Northeast,Control,CAT04,Electronics,2026-04-06,Post,13536.0,346
T1059,Northeast,Control,CAT04,Electronics,2026-04-13,Post,12652.64,310
T1059,Northeast,Control,CAT04,Electronics,2026-04-20,Post,13865.56,449
T1059,Northeast,Control,CAT04,Electronics,2026-04-27,Post,12352.34,332
T1059,Northeast,Control,CAT04,Electronics,2026-05-04,Post,12088.45,377
T1059,Northeast,Control,CAT04,Electronics,2026-05-11,Post,14647.96,329
T1059,Northeast,Control,CAT04,Electronics,2026-05-18,Post,12542.36,285
T1059,Northeast,Control,CAT04,Electronics,2026-05-25,Post,13708.8,438
T1059,Northeast,Control,CAT04,Electronics,2026-06-01,Post,13360.39,368
T1059,Northeast,Control,CAT04,Electronics,2026-06-08,Post,14892.79,555
T1059,Northeast,Control,CAT04,Electronics,2026-06-15,Post,14322.73,758
T1059,Northeast,Control,CAT04,Electronics,2026-06-22,Post,12430.39,419
T1059,Northeast,Control,CAT04,Electronics,2026-06-29,Post,15368.76,541
T1059,Northeast,Control,CAT05,Beauty & Personal Care,2026-01-05,Pre,10735.08,262
T1059,Northeast,Control,CAT05,Beauty & Personal Care,2026-01-12,Pre,9817.3,220
T1059,Northeast,Control,CAT05,Beauty & Personal Care,2026-01-19,Pre,9355.28,341
T1059,Northeast,Control,CAT05,Beauty & Personal Care,2026-01-26,Pre,10324.61,248
T1059,Northeast,Control,CAT05,Beauty & Personal Care,2026-02-02,Pre,10404.81,433
T1059,Northeast,Control,CAT05,Beauty & Personal Care,2026-02-09,Pre,9008.93,238
T1059,Northeast,Control,CAT05,Beauty & Personal Care,2026-02-16,Pre,10396.06,273
T1059,Northeast,Control,CAT05,Beauty & Personal Care,2026-02-23,Pre,10970.39,536
T1059,Northeast,Control,CAT05,Beauty & Personal Care,2026-03-02,Pre,10438.64,422
T1059,Northeast,Control,CAT05,Beauty & Personal Care,2026-03-09,Pre,10361.94,232
T1059,Northeast,Control,CAT05,Beauty & Personal Care,2026-03-16,Pre,10316.76,547
T1059,Northeast,Control,CAT05,Beauty & Personal Care,2026-03-23,Pre,9926.78,243
T1059,Northeast,Control,CAT05,Beauty & Personal Care,2026-03-30,Pre,11339.31,534
T1059,Northeast,Control,CAT05,Beauty & Personal Care,2026-04-06,Post,10324.91,272
T1059,Northeast,Control,CAT05,Beauty & Personal Care,2026-04-13,Post,10772.88,443
T1059,Northeast,Control,CAT05,Beauty & Personal Care,2026-04-20,Post,9711.81,285
T1059,Northeast,Control,CAT05,Beauty & Personal Care,2026-04-27,Post,10616.53,275
T1059,Northeast,Control,CAT05,Beauty & Personal Care,2026-05-04,Post,11107.21,275
T1059,Northeast,Control,CAT05,Beauty & Personal Care,2026-05-11,Post,10504.7,296
T1059,Northeast,Control,CAT05,Beauty & Personal Care,2026-05-18,Post,10564.06,527
T1059,Northeast,Control,CAT05,Beauty & Personal Care,2026-05-25,Post,10850.55,338
T1059,Northeast,Control,CAT05,Beauty & Personal Care,2026-06-01,Post,11242.36,274
T1059,Northeast,Control,CAT05,Beauty & Personal Care,2026-06-08,Post,11040.42,280
T1059,Northeast,Control,CAT05,Beauty & Personal Care,2026-06-15,Post,12523.02,619
T1059,Northeast,Control,CAT05,Beauty & Personal Care,2026-06-22,Post,11981.7,282
T1059,Northeast,Control,CAT05,Beauty & Personal Care,2026-06-29,Post,10638.2,343
T1059,Northeast,Control,CAT06,Toys,2026-01-05,Pre,8082.61,442
T1059,Northeast,Control,CAT06,Toys,2026-01-12,Pre,6643.24,321
T1059,Northeast,Control,CAT06,Toys,2026-01-19,Pre,7451.57,190
T1059,Northeast,Control,CAT06,Toys,2026-01-26,Pre,6850.6,159
T1059,Northeast,Control,CAT06,Toys,2026-02-02,Pre,7962.54,252
T1059,Northeast,Control,CAT06,Toys,2026-02-09,Pre,7496.55,306
T1059,Northeast,Control,CAT06,Toys,2026-02-16,Pre,7099.85,241
T1059,Northeast,Control,CAT06,Toys,2026-02-23,Pre,8169.09,200
T1059,Northeast,Control,CAT06,Toys,2026-03-02,Pre,7218.31,166
T1059,Northeast,Control,CAT06,Toys,2026-03-09,Pre,8176.07,183
T1059,Northeast,Control,CAT06,Toys,2026-03-16,Pre,7974.29,415
T1059,Northeast,Control,CAT06,Toys,2026-03-23,Pre,7764.55,310
T1059,Northeast,Control,CAT06,Toys,2026-03-30,Pre,8404.65,348
T1059,Northeast,Control,CAT06,Toys,2026-04-06,Post,7447.61,281
T1059,Northeast,Control,CAT06,Toys,2026-04-13,Post,7055.81,278
T1059,Northeast,Control,CAT06,Toys,2026-04-20,Post,7383.91,186
T1059,Northeast,Control,CAT06,Toys,2026-04-27,Post,9142.19,456
T1059,Northeast,Control,CAT06,Toys,2026-05-04,Post,7622.38,210
T1059,Northeast,Control,CAT06,Toys,2026-05-11,Post,7849.32,309
T1059,Northeast,Control,CAT06,Toys,2026-05-18,Post,8961.85,209
T1059,Northeast,Control,CAT06,Toys,2026-05-25,Post,7908.65,434
T1059,Northeast,Control,CAT06,Toys,2026-06-01,Post,8512.03,189
T1059,Northeast,Control,CAT06,Toys,2026-06-08,Post,9137.93,261
T1059,Northeast,Control,CAT06,Toys,2026-06-15,Post,8476.47,444
T1059,Northeast,Control,CAT06,Toys,2026-06-22,Post,8244.48,231
T1059,Northeast,Control,CAT06,Toys,2026-06-29,Post,8761.26,224
T1059,Northeast,Control,CAT07,Hardlines,2026-01-05,Pre,10061.84,505
T1059,Northeast,Control,CAT07,Hardlines,2026-01-12,Pre,11426.7,295
T1059,Northeast,Control,CAT07,Hardlines,2026-01-19,Pre,12872.17,288
T1059,Northeast,Control,CAT07,Hardlines,2026-01-26,Pre,11244.71,401
T1059,Northeast,Control,CAT07,Hardlines,2026-02-02,Pre,9906.35,274
T1059,Northeast,Control,CAT07,Hardlines,2026-02-09,Pre,12071.51,287
T1059,Northeast,Control,CAT07,Hardlines,2026-02-16,Pre,12518.46,496
T1059,Northeast,Control,CAT07,Hardlines,2026-02-23,Pre,11800.9,374
T1059,Northeast,Control,CAT07,Hardlines,2026-03-02,Pre,12627.86,387
T1059,Northeast,Control,CAT07,Hardlines,2026-03-09,Pre,12362.55,642
T1059,Northeast,Control,CAT07,Hardlines,2026-03-16,Pre,14665.68,371
T1059,Northeast,Control,CAT07,Hardlines,2026-03-23,Pre,12951.91,559
T1059,Northeast,Control,CAT07,Hardlines,2026-03-30,Pre,12506.56,322
T1059,Northeast,Control,CAT07,Hardlines,2026-04-06,Post,10731.66,323
T1059,Northeast,Control,CAT07,Hardlines,2026-04-13,Post,11796.98,403
T1059,Northeast,Control,CAT07,Hardlines,2026-04-20,Post,11549.18,275
T1059,Northeast,Control,CAT07,Hardlines,2026-04-27,Post,13756.95,635
T1059,Northeast,Control,CAT07,Hardlines,2026-05-04,Post,11538.23,306
T1059,Northeast,Control,CAT07,Hardlines,2026-05-11,Post,12292.2,335
T1059,Northeast,Control,CAT07,Hardlines,2026-05-18,Post,12942.61,348
T1059,Northeast,Control,CAT07,Hardlines,2026-05-25,Post,12206.87,490
T1059,Northeast,Control,CAT07,Hardlines,2026-06-01,Post,12383.4,341
T1059,Northeast,Control,CAT07,Hardlines,2026-06-08,Post,12983.91,402
T1059,Northeast,Control,CAT07,Hardlines,2026-06-15,Post,12133.2,442
T1059,Northeast,Control,CAT07,Hardlines,2026-06-22,Post,12966.44,339
T1059,Northeast,Control,CAT07,Hardlines,2026-06-29,Post,13596.63,516
T1059,Northeast,Control,CAT08,Softlines,2026-01-05,Pre,8816.79,336
T1059,Northeast,Control,CAT08,Softlines,2026-01-12,Pre,8573.63,215
T1059,Northeast,Control,CAT08,Softlines,2026-01-19,Pre,10401.3,240
T1059,Northeast,Control,CAT08,Softlines,2026-01-26,Pre,10454.13,405
T1059,Northeast,Control,CAT08,Softlines,2026-02-02,Pre,9313.43,234
T1059,Northeast,Control,CAT08,Softlines,2026-02-09,Pre,9461.77,513
T1059,Northeast,Control,CAT08,Softlines,2026-02-16,Pre,9493.07,503
T1059,Northeast,Control,CAT08,Softlines,2026-02-23,Pre,9186.05,257
T1059,Northeast,Control,CAT08,Softlines,2026-03-02,Pre,9443.35,253
T1059,Northeast,Control,CAT08,Softlines,2026-03-09,Pre,8313.61,280
T1059,Northeast,Control,CAT08,Softlines,2026-03-16,Pre,8692.67,203
T1059,Northeast,Control,CAT08,Softlines,2026-03-23,Pre,9374.61,223
T1059,Northeast,Control,CAT08,Softlines,2026-03-30,Pre,9245.77,271
T1059,Northeast,Control,CAT08,Softlines,2026-04-06,Post,8875.53,415
T1059,Northeast,Control,CAT08,Softlines,2026-04-13,Post,9660.72,225
T1059,Northeast,Control,CAT08,Softlines,2026-04-20,Post,10212.38,402
T1059,Northeast,Control,CAT08,Softlines,2026-04-27,Post,9289.77,447
T1059,Northeast,Control,CAT08,Softlines,2026-05-04,Post,8364.82,212
T1059,Northeast,Control,CAT08,Softlines,2026-05-11,Post,10051.96,335
T1059,Northeast,Control,CAT08,Softlines,2026-05-18,Post,9679.29,237
T1059,Northeast,Control,CAT08,Softlines,2026-05-25,Post,10525.07,431
T1059,Northeast,Control,CAT08,Softlines,2026-06-01,Post,9010.29,282
T1059,Northeast,Control,CAT08,Softlines,2026-06-08,Post,9261.88,230
T1059,Northeast,Control,CAT08,Softlines,2026-06-15,Post,9784.1,371
T1059,Northeast,Control,CAT08,Softlines,2026-06-22,Post,9457.26,238
T1059,Northeast,Control,CAT08,Softlines,2026-06-29,Post,8737.65,197
